solid OpenSCAD_Model
  facet normal 0 0 -1
    outer loop
      vertex -18.586810403597312 -33.59326779145387 0
      vertex -17.782273576398623 -33.368616248637856 0
      vertex -18.482219635161307 -34.06842844280595 0
    endloop
  endfacet
  facet normal 0 0 -1
    outer loop
      vertex -18.277928646377077 -34.5099961786483 0
      vertex -17.2835716310939 -34.19752335157072 0
      vertex -17.983489856827045 -34.8973237824202 0
    endloop
  endfacet
  facet normal 0 0 -1
    outer loop
      vertex -18.277928646377077 -34.5099961786483 0
      vertex -17.28377589101417 -34.19726091841979 0
      vertex -17.2835716310939 -34.19752335157072 0
    endloop
  endfacet
  facet normal 0 0 -1
    outer loop
      vertex -17.983489856827045 -34.8973237824202 0
      vertex -17.2835716310939 -34.19752335157072 0
      vertex -16.913005525169787 -34.51228503901803 0
    endloop
  endfacet
  facet normal 0 0 -1
    outer loop
      vertex -17.983489856827045 -34.8973237824202 0
      vertex -16.913005525169787 -34.51228503901803 0
      vertex -16.912727120710603 -34.51246692972928 0
    endloop
  endfacet
  facet normal 0 0 -1
    outer loop
      vertex -17.983489856827045 -34.8973237824202 0
      vertex -16.912727120710603 -34.51246692972928 0
      vertex -16.483160185903564 -34.74020890492252 0
    endloop
  endfacet
  facet normal 0 0 -1
    outer loop
      vertex -18.277928646377077 -34.5099961786483 0
      vertex -18.482219635161307 -34.06842844280595 0
      vertex -17.578013908796986 -33.810197425390975 0
    endloop
  endfacet
  facet normal 0 0 -1
    outer loop
      vertex -18.586810403597312 -33.59326779145387 0
      vertex -17.88681040359731 -32.893267791453866 0
      vertex -17.886793026536367 -32.893779599581215 0
    endloop
  endfacet
  facet normal 0 0 -1
    outer loop
      vertex -18.482219635161307 -34.06842844280595 0
      vertex -17.782273576398623 -33.368616248637856 0
      vertex -17.782165595749053 -33.36893078552448 0
    endloop
  endfacet
  facet normal 0 0 -1
    outer loop
      vertex -18.586810403597312 -33.59326779145387 0
      vertex -17.886793026536367 -32.893779599581215 0
      vertex -17.782273576398623 -33.368616248637856 0
    endloop
  endfacet
  facet normal 0 0 -1
    outer loop
      vertex -18.482219635161307 -34.06842844280595 0
      vertex -17.782165595749053 -33.36893078552448 0
      vertex -17.578013908796986 -33.810197425390975 0
    endloop
  endfacet
  facet normal 0 0 -1
    outer loop
      vertex -18.277928646377077 -34.5099961786483 0
      vertex -17.578013908796986 -33.810197425390975 0
      vertex -17.28377589101417 -34.19726091841979 0
    endloop
  endfacet
  facet normal 0 0 -1
    outer loop
      vertex -17.18281084951481 -35.440197619587785 0
      vertex -17.61267089706536 -35.21230024585301 0
      vertex -16.22818745568281 -35.59670018116503 0
    endloop
  endfacet
  facet normal 0 0 -1
    outer loop
      vertex -17.18281084951481 -35.440197619587785 0
      vertex -16.22818745568281 -35.59670018116503 0
      vertex -16.714009492243722 -35.570359675718436 0
    endloop
  endfacet
  facet normal 0 0 -1
    outer loop
      vertex -17.983489856827045 -34.8973237824202 0
      vertex -15.528187455682808 -34.89670018116503 0
      vertex -17.61267089706536 -35.21230024585301 0
    endloop
  endfacet
  facet normal 0 0 -1
    outer loop
      vertex -17.983489856827045 -34.8973237824202 0
      vertex -16.483160185903564 -34.74020890492252 0
      vertex -16.014678494655815 -34.870282206218675 0
    endloop
  endfacet
  facet normal 0 0 -1
    outer loop
      vertex -17.983489856827045 -34.8973237824202 0
      vertex -16.014678494655815 -34.870282206218675 0
      vertex -16.014356115100757 -34.870363843809365 0
    endloop
  endfacet
  facet normal 0 0 -1
    outer loop
      vertex -17.983489856827045 -34.8973237824202 0
      vertex -16.014356115100757 -34.870363843809365 0
      vertex -15.528865350615039 -34.896686388205936 0
    endloop
  endfacet
  facet normal 0 0 -1
    outer loop
      vertex -17.983489856827045 -34.8973237824202 0
      vertex -15.528865350615039 -34.896686388205936 0
      vertex -15.528187455682808 -34.89670018116503 0
    endloop
  endfacet
  facet normal 0 0 -1
    outer loop
      vertex -17.61267089706536 -35.21230024585301 0
      vertex -15.528187455682808 -34.89670018116503 0
      vertex -12.244897306350751 -35.05670209608479 0
    endloop
  endfacet
  facet normal 0 0 -1
    outer loop
      vertex -17.61267089706536 -35.21230024585301 0
      vertex -12.244897306350751 -35.05670209608479 0
      vertex -11.75 -35.1 0
    endloop
  endfacet
  facet normal 0 0 -1
    outer loop
      vertex -15.528187455682808 -34.89670018116503 0
      vertex -12.792145939473212 -34.89670018116503 0
      vertex -12.724757408478157 -34.92812396923984 0
    endloop
  endfacet
  facet normal 0 0 -1
    outer loop
      vertex -15.528187455682808 -34.89670018116503 0
      vertex -12.724757408478157 -34.92812396923984 0
      vertex -12.244897306350751 -35.05670209608479 0
    endloop
  endfacet
  facet normal -0.9074833435122573 -0.41984650259304873 -0.014244139433439797
    outer loop
      vertex -19.177928646377076 -35.4099961786483 0
      vertex -19.302968954889177 -35.70513153625905 16.665348302439654
      vertex -19.382219635161306 -34.96842844280596 0
    endloop
  endfacet
  facet normal -0.795982204703076 -0.6050899408505879 -0.016688117852604985
    outer loop
      vertex -19.177928646377076 -35.4099961786483 0
      vertex -18.883489856827044 -35.7973237824202 0
      vertex -19.302968954889177 -35.70513153625905 16.665348302439654
    endloop
  endfacet
  facet normal -0.9765878149233393 -0.21496323341888848 -0.008188285617519093
    outer loop
      vertex -19.382219635161306 -34.96842844280596 0
      vertex -19.461326338477637 -35.243852236617975 16.665348302439654
      vertex -19.48681040359731 -34.49326779145387 0
    endloop
  endfacet
  facet normal -0.9994241186455416 -0.03393274332532544 0
    outer loop
      vertex -19.48681040359731 -34.49326779145387 0
      vertex -19.461326338477637 -35.243852236617975 16.665348302439654
      vertex -19.48681040359731 -34.49326779145387 0.010000000000000009
    endloop
  endfacet
  facet normal -0.6472809247813445 -0.7620380157459089 -0.018040703208172602
    outer loop
      vertex -18.883489856827044 -35.7973237824202 0
      vertex -18.51267089706536 -36.11230024585301 0
      vertex -19.003414667392043 -36.08999889270336 16.665348302439654
    endloop
  endfacet
  facet normal -0.468353790929074 -0.8834089640434087 -0.015275102949451991
    outer loop
      vertex -18.51267089706536 -36.11230024585301 0
      vertex -18.082810849514807 -36.340197619587784 0
      vertex -18.595124831100225 -36.35674795604783 16.665348302439654
    endloop
  endfacet
  facet normal -0.2675170640077115 -0.9635093853627215 -0.009180674411203448
    outer loop
      vertex -18.082810849514807 -36.340197619587784 0
      vertex -17.61400949224372 -36.470359675718434 0
      vertex -18.595124831100225 -36.35674795604783 16.665348302439654
    endloop
  endfacet
  facet normal -0.05413879839153508 -0.9985313814447151 -0.002017617116759096
    outer loop
      vertex -17.61400949224372 -36.470359675718434 0
      vertex -17.12818745568281 -36.496700181165025 0
      vertex -18.1223439850455 -36.47647232624091 16.665348302439654
    endloop
  endfacet
  facet normal -0.020342540192580406 -0.9997930691190619 0
    outer loop
      vertex -17.12818745568281 -36.496700181165025 0
      vertex -17.12818745568281 -36.496700181165025 0.010000000000000009
      vertex -18.1223439850455 -36.47647232624091 16.665348302439654
    endloop
  endfacet
  facet normal 0 0 -1
    outer loop
      vertex -18.586810403597312 -33.59326779145387 0
      vertex -18.586810403597312 33.59326779145387 0
      vertex -17.88681040359731 -32.893267791453866 0
    endloop
  endfacet
  facet normal -1 0 0
    outer loop
      vertex -19.48681040359731 -34.49326779145387 0.010000000000000009
      vertex -19.48681040359731 -34.49326779145387 16.9
      vertex -19.48681040359731 34.45244735619771 0.010000000000000009
    endloop
  endfacet
  facet normal 0 0 -1
    outer loop
      vertex -17.61267089706536 -35.21230024585301 0
      vertex 11.75 -35.1 0
      vertex -16.22818745568281 -35.59670018116503 0
    endloop
  endfacet
  facet normal 0 0 -1
    outer loop
      vertex -17.61267089706536 -35.21230024585301 0
      vertex -11.75 -35.1 0
      vertex 10.707854060526788 -34.89670018116503 0
    endloop
  endfacet
  facet normal 0 0 -1
    outer loop
      vertex -11.75 -35.1 0
      vertex -11.255102693649249 -35.05670209608479 0
      vertex 10.707854060526788 -34.89670018116503 0
    endloop
  endfacet
  facet normal 0 0 -1
    outer loop
      vertex -11.255102693649249 -35.05670209608479 0
      vertex -10.775242591521843 -34.92812396923984 0
      vertex 10.707854060526788 -34.89670018116503 0
    endloop
  endfacet
  facet normal 0 0 -1
    outer loop
      vertex -10.775242591521843 -34.92812396923984 0
      vertex -10.707854060526788 -34.89670018116503 0
      vertex 10.707854060526788 -34.89670018116503 0
    endloop
  endfacet
  facet normal 0 -1 0
    outer loop
      vertex -17.12818745568281 -36.496700181165025 0.010000000000000009
      vertex 17.37181254431719 -36.496700181165025 0.010000000000000009
      vertex -17.12818745568281 -36.496700181165025 16.9
    endloop
  endfacet
  facet normal -0.789033558913405 -0.6141294697874273 -0.016463208893157576
    outer loop
      vertex -18.883489856827044 -35.7973237824202 0
      vertex -19.003414667392043 -36.08999889270336 16.665348302439654
      vertex -19.302968954889177 -35.70513153625905 16.665348302439654
    endloop
  endfacet
  facet normal -0.9457713081618209 -0.32468370020089066 -0.009855327581366214
    outer loop
      vertex -19.382219635161306 -34.96842844280596 0
      vertex -19.302968954889177 -35.70513153625905 16.665348302439654
      vertex -19.461326338477637 -35.243852236617975 16.665348302439654
    endloop
  endfacet
  facet normal -0.9994241186455415 -0.03393274332532544 0
    outer loop
      vertex -19.48681040359731 -34.49326779145387 0.010000000000000009
      vertex -19.461326338477637 -35.243852236617975 16.665348302439654
      vertex -19.48681040359731 -34.49326779145387 16.9
    endloop
  endfacet
  facet normal -0.5468867542843248 -0.837072492691621 -0.014983990369483524
    outer loop
      vertex -18.51267089706536 -36.11230024585301 0
      vertex -18.595124831100225 -36.35674795604783 16.665348302439654
      vertex -19.003414667392043 -36.08999889270336 16.665348302439654
    endloop
  endfacet
  facet normal -0.24547793633144702 -0.9693704484674872 -0.00784323991705804
    outer loop
      vertex -17.61400949224372 -36.470359675718434 0
      vertex -18.1223439850455 -36.47647232624091 16.665348302439654
      vertex -18.595124831100225 -36.35674795604783 16.665348302439654
    endloop
  endfacet
  facet normal -0.02034254019258041 -0.999793069119062 0
    outer loop
      vertex -17.12818745568281 -36.496700181165025 0.010000000000000009
      vertex -17.12818745568281 -36.496700181165025 16.9
      vertex -18.1223439850455 -36.47647232624091 16.665348302439654
    endloop
  endfacet
  facet normal -0.9458172417006346 -0.32469946920468334 0
    outer loop
      vertex -19.302968954889177 -35.70513153625905 16.665348302439654
      vertex -19.461326338477637 -35.243852236617975 17.134651697560344
      vertex -19.461326338477637 -35.243852236617975 16.665348302439654
    endloop
  endfacet
  facet normal -0.9458172417006346 -0.32469946920468334 0
    outer loop
      vertex -19.302968954889177 -35.70513153625905 16.665348302439654
      vertex -19.302968954889177 -35.70513153625905 17.134651697560344
      vertex -19.461326338477637 -35.243852236617975 17.134651697560344
    endloop
  endfacet
  facet normal -0.7891405093963924 -0.6142127126896696 0
    outer loop
      vertex -19.302968954889177 -35.70513153625905 16.665348302439654
      vertex -19.003414667392043 -36.08999889270336 17.134651697560344
      vertex -19.302968954889177 -35.70513153625905 17.134651697560344
    endloop
  endfacet
  facet normal -0.7891405093963924 -0.6142127126896696 0
    outer loop
      vertex -19.302968954889177 -35.70513153625905 16.665348302439654
      vertex -19.003414667392043 -36.08999889270336 16.665348302439654
      vertex -19.003414667392043 -36.08999889270336 17.134651697560344
    endloop
  endfacet
  facet normal -0.9994241186455416 -0.03393274332532544 0
    outer loop
      vertex -19.461326338477637 -35.243852236617975 16.665348302439654
      vertex -19.461326338477637 -35.243852236617975 17.134651697560344
      vertex -19.48681040359731 -34.49326779145387 16.9
    endloop
  endfacet
  facet normal -0.5469481581224288 -0.8371664782625273 0
    outer loop
      vertex -19.003414667392043 -36.08999889270336 16.665348302439654
      vertex -18.595124831100225 -36.35674795604783 16.665348302439654
      vertex -19.003414667392043 -36.08999889270336 17.134651697560344
    endloop
  endfacet
  facet normal -0.5469481581224288 -0.8371664782625273 0
    outer loop
      vertex -18.595124831100225 -36.35674795604783 16.665348302439654
      vertex -18.595124831100225 -36.35674795604783 17.134651697560344
      vertex -19.003414667392043 -36.08999889270336 17.134651697560344
    endloop
  endfacet
  facet normal -0.2454854871408056 -0.9694002659393287 0
    outer loop
      vertex -18.595124831100225 -36.35674795604783 16.665348302439654
      vertex -18.1223439850455 -36.47647232624091 16.665348302439654
      vertex -18.595124831100225 -36.35674795604783 17.134651697560344
    endloop
  endfacet
  facet normal -0.2454854871408056 -0.9694002659393287 0
    outer loop
      vertex -18.1223439850455 -36.47647232624091 16.665348302439654
      vertex -18.1223439850455 -36.47647232624091 17.134651697560344
      vertex -18.595124831100225 -36.35674795604783 17.134651697560344
    endloop
  endfacet
  facet normal -0.020342540192580406 -0.9997930691190619 0
    outer loop
      vertex -18.1223439850455 -36.47647232624091 16.665348302439654
      vertex -17.12818745568281 -36.496700181165025 16.9
      vertex -18.1223439850455 -36.47647232624091 17.134651697560344
    endloop
  endfacet
  facet normal -0.9006914482261333 -0.3092077647372695 0.3051974333419139
    outer loop
      vertex -19.302968954889177 -35.70513153625905 17.134651697560344
      vertex -19.1754252752661 -35.63610834854972 17.58098574960932
      vertex -19.461326338477637 -35.243852236617975 17.134651697560344
    endloop
  endfacet
  facet normal -0.7514899041004324 -0.5849080703124481 0.3051974333419127
    outer loop
      vertex -19.302968954889177 -35.70513153625905 17.134651697560344
      vertex -19.003414667392043 -36.08999889270336 17.134651697560344
      vertex -18.90519344854663 -35.98330220661671 17.58098574960932
    endloop
  endfacet
  facet normal -0.9006914482261337 -0.30920776473726214 0.30519743334192045
    outer loop
      vertex -19.1754252752661 -35.63610834854972 17.58098574960932
      vertex -19.31828153480815 -35.21998228067937 17.58098574960932
      vertex -19.461326338477637 -35.243852236617975 17.134651697560344
    endloop
  endfacet
  facet normal -0.7514899041004324 -0.5849080703124481 0.3051974333419126
    outer loop
      vertex -19.302968954889177 -35.70513153625905 17.134651697560344
      vertex -18.90519344854663 -35.98330220661671 17.58098574960932
      vertex -19.1754252752661 -35.63610834854972 17.58098574960932
    endloop
  endfacet
  facet normal -0.6414370147142479 -0.4992504682449429 0.5825010953738018
    outer loop
      vertex -18.90519344854663 -35.98330220661671 17.58098574960932
      vertex -18.718365588103865 -35.780353049477085 17.96066017177982
      vertex -19.1754252752661 -35.63610834854972 17.58098574960932
    endloop
  endfacet
  facet normal -0.9522890982687482 0 0.30519743334191785
    outer loop
      vertex -19.461326338477637 -35.243852236617975 17.134651697560344
      vertex -19.31828153480815 -35.21998228067937 17.58098574960932
      vertex -19.31828153480815 -34.78001771932063 17.58098574960932
    endloop
  endfacet
  facet normal -0.8128299169496206 0 0.5825010953737966
    outer loop
      vertex -19.31828153480815 -35.21998228067937 17.58098574960932
      vertex -19.0461941495041 -35.174578926401196 17.96066017177982
      vertex -19.31828153480815 -34.78001771932063 17.58098574960932
    endloop
  endfacet
  facet normal -0.7687885500210488 -0.2639254425872233 0.5825010953737955
    outer loop
      vertex -19.1754252752661 -35.63610834854972 17.58098574960932
      vertex -19.0461941495041 -35.174578926401196 17.96066017177982
      vertex -19.31828153480815 -35.21998228067937 17.58098574960932
    endloop
  endfacet
  facet normal -0.5208527682981617 -0.7972245106854479 0.30519743334190985
    outer loop
      vertex -19.003414667392043 -36.08999889270336 17.134651697560344
      vertex -18.595124831100225 -36.35674795604783 17.134651697560344
      vertex -18.90519344854663 -35.98330220661671 17.58098574960932
    endloop
  endfacet
  facet normal -0.2337731531873819 -0.9231493051128471 0.3051974333419211
    outer loop
      vertex -18.595124831100225 -36.35674795604783 17.134651697560344
      vertex -18.1223439850455 -36.47647232624091 17.134651697560344
      vertex -18.53686986615362 -36.22394001309101 17.58098574960932
    endloop
  endfacet
  facet normal -0.5208527682981506 -0.7972245106854513 0.3051974333419204
    outer loop
      vertex -18.90519344854663 -35.98330220661671 17.58098574960932
      vertex -18.595124831100225 -36.35674795604783 17.134651697560344
      vertex -18.53686986615362 -36.22394001309101 17.58098574960932
    endloop
  endfacet
  facet normal -0.44457582594239325 -0.6804739589991409 0.5825010953737978
    outer loop
      vertex -18.90519344854663 -35.98330220661671 17.58098574960932
      vertex -18.53686986615362 -36.22394001309101 17.58098574960932
      vertex -18.426062338115585 -35.97132429396133 17.96066017177982
    endloop
  endfacet
  facet normal -0.19953794812499961 -0.7879575376544043 0.5825010953737968
    outer loop
      vertex -18.53686986615362 -36.22394001309101 17.58098574960932
      vertex -18.11036810336858 -36.33194492776085 17.58098574960932
      vertex -18.426062338115585 -35.97132429396133 17.96066017177982
    endloop
  endfacet
  facet normal -0.7687885500210442 -0.2639254425872279 0.5825010953737995
    outer loop
      vertex -19.1754252752661 -35.63610834854972 17.58098574960932
      vertex -18.93282278003052 -35.50481844365686 17.96066017177982
      vertex -19.0461941495041 -35.174578926401196 17.96066017177982
    endloop
  endfacet
  facet normal -0.6414370147142475 -0.4992504682449445 0.5825010953738008
    outer loop
      vertex -19.1754252752661 -35.63610834854972 17.58098574960932
      vertex -18.718365588103865 -35.780353049477085 17.96066017177982
      vertex -18.93282278003052 -35.50481844365686 17.96066017177982
    endloop
  endfacet
  facet normal -0.44457582594239686 -0.6804739589991349 0.5825010953738022
    outer loop
      vertex -18.90519344854663 -35.98330220661671 17.58098574960932
      vertex -18.426062338115585 -35.97132429396133 17.96066017177982
      vertex -18.718365588103865 -35.780353049477085 17.96066017177982
    endloop
  endfacet
  facet normal -0.46801300683034325 -0.3642691448183172 0.8051532870025143
    outer loop
      vertex -18.93282278003052 -35.50481844365686 17.96066017177982
      vertex -18.718365588103865 -35.780353049477085 17.96066017177982
      vertex -18.461219098750135 -35.501017498815244 18.23650978628255
    endloop
  endfacet
  facet normal -0.3243767732301461 -0.4964956126874108 0.8051532870025128
    outer loop
      vertex -18.718365588103865 -35.780353049477085 17.96066017177982
      vertex -18.426062338115585 -35.97132429396133 17.96066017177982
      vertex -18.273548859871937 -35.62362858532442 18.23650978628255
    endloop
  endfacet
  facet normal -0.4680130068303442 -0.3642691448183124 0.8051532870025158
    outer loop
      vertex -18.93282278003052 -35.50481844365686 17.96066017177982
      vertex -18.461219098750135 -35.501017498815244 18.23650978628255
      vertex -18.598909091727073 -35.32411339222195 18.23650978628255
    endloop
  endfacet
  facet normal -0.3243767732301485 -0.49649561268740666 0.8051532870025144
    outer loop
      vertex -18.718365588103865 -35.780353049477085 17.96066017177982
      vertex -18.273548859871937 -35.62362858532442 18.23650978628255
      vertex -18.461219098750135 -35.501017498815244 18.23650978628255
    endloop
  endfacet
  facet normal -0.17112594796839886 -0.2619277623894519 0.9497945868563221
    outer loop
      vertex -18.461219098750135 -35.501017498815244 18.23650978628255
      vertex -18.273548859871937 -35.62362858532442 18.23650978628255
      vertex -18.094258513297042 -35.214887765680096 18.381532510892704
    endloop
  endfacet
  facet normal -0.5609327691704455 -0.19256846289000637 0.8051532870025159
    outer loop
      vertex -18.93282278003052 -35.50481844365686 17.96066017177982
      vertex -18.598909091727073 -35.32411339222195 18.23650978628255
      vertex -19.0461941495041 -35.174578926401196 17.96066017177982
    endloop
  endfacet
  facet normal -0.5609327691704452 -0.19256846289000287 0.8051532870025171
    outer loop
      vertex -19.0461941495041 -35.174578926401196 17.96066017177982
      vertex -18.598909091727073 -35.32411339222195 18.23650978628255
      vertex -18.67169799158333 -35.112086570443964 18.23650978628255
    endloop
  endfacet
  facet normal -0.2959217792166839 -0.10159007512380883 0.9497945868563218
    outer loop
      vertex -18.67169799158333 -35.112086570443964 18.23650978628255
      vertex -18.598909091727073 -35.32411339222195 18.23650978628255
      vertex -18.231451354251284 -35.038622400018625 18.381532510892704
    endloop
  endfacet
  facet normal -0.24690167750870382 -0.19217128927552493 0.9497945868563216
    outer loop
      vertex -18.461219098750135 -35.501017498815244 18.23650978628255
      vertex -18.20637000868037 -35.11168186372557 18.381532510892704
      vertex -18.598909091727073 -35.32411339222195 18.23650978628255
    endloop
  endfacet
  facet normal -0.29592177921668816 -0.10159007512380319 0.9497945868563211
    outer loop
      vertex -18.598909091727073 -35.32411339222195 18.23650978628255
      vertex -18.20637000868037 -35.11168186372557 18.381532510892704
      vertex -18.231451354251284 -35.038622400018625 18.381532510892704
    endloop
  endfacet
  facet normal -0.2469016775086905 -0.19217128927553442 0.9497945868563232
    outer loop
      vertex -18.461219098750135 -35.501017498815244 18.23650978628255
      vertex -18.15892527050832 -35.172638864575184 18.381532510892704
      vertex -18.20637000868037 -35.11168186372557 18.381532510892704
    endloop
  endfacet
  facet normal -0.2337731531873837 -0.9231493051128472 0.30519743334191957
    outer loop
      vertex -18.53686986615362 -36.22394001309101 17.58098574960932
      vertex -18.1223439850455 -36.47647232624091 17.134651697560344
      vertex -18.11036810336858 -36.33194492776085 17.58098574960932
    endloop
  endfacet
  facet normal -0.19953794812500295 -0.7879575376544049 0.5825010953737946
    outer loop
      vertex -18.426062338115585 -35.97132429396133 17.96066017177982
      vertex -18.11036810336858 -36.33194492776085 17.58098574960932
      vertex -18.08758862275415 -36.05703747954556 17.96066017177982
    endloop
  endfacet
  facet normal -0.1455892830262404 -0.5749190769986272 0.8051532870025135
    outer loop
      vertex -18.426062338115585 -35.97132429396133 17.96066017177982
      vertex -18.08758862275415 -36.05703747954556 17.96066017177982
      vertex -18.273548859871937 -35.62362858532442 18.23650978628255
    endloop
  endfacet
  facet normal -0.14558928302622462 -0.5749190769986238 0.8051532870025188
    outer loop
      vertex -18.273548859871937 -35.62362858532442 18.23650978628255
      vertex -18.08758862275415 -36.05703747954556 17.96066017177982
      vertex -18.056235357478723 -35.67865983801917 18.23650978628255
    endloop
  endfacet
  facet normal -0.07680606667304658 -0.3033002982204999 0.9497945868563219
    outer loop
      vertex -18.273548859871937 -35.62362858532442 18.23650978628255
      vertex -18.056235357478723 -35.67865983801917 18.23650978628255
      vertex -18.094258513297042 -35.214887765680096 18.381532510892704
    endloop
  endfacet
  facet normal -0.0768060666730531 -0.3033002982205002 0.9497945868563213
    outer loop
      vertex -18.056235357478723 -35.67865983801917 18.23650978628255
      vertex -18.019377383598506 -35.233850243046334 18.381532510892704
      vertex -18.094258513297042 -35.214887765680096 18.381532510892704
    endloop
  endfacet
  facet normal -0.17112594796840547 -0.261927762389444 0.9497945868563231
    outer loop
      vertex -18.461219098750135 -35.501017498815244 18.23650978628255
      vertex -18.094258513297042 -35.214887765680096 18.381532510892704
      vertex -18.15892527050832 -35.172638864575184 18.381532510892704
    endloop
  endfacet
  facet normal 0 0 1
    outer loop
      vertex -18.20637000868037 -35.11168186372557 18.381532510892704
      vertex -18.15892527050832 -35.172638864575184 18.381532510892704
      vertex -18.094258513297042 -35.214887765680096 18.381532510892704
    endloop
  endfacet
  facet normal 0 0 1
    outer loop
      vertex -18.20637000868037 -35.11168186372557 18.381532510892704
      vertex -18.094258513297042 -35.214887765680096 18.381532510892704
      vertex -18.019377383598506 -35.233850243046334 18.381532510892704
    endloop
  endfacet
  facet normal 0 0 1
    outer loop
      vertex -18.20637000868037 -35.11168186372557 18.381532510892704
      vertex -18.019377383598506 -35.233850243046334 18.381532510892704
      vertex -12.479468105991218 -35.13060440630676 18.381532510892704
    endloop
  endfacet
  facet normal 0 0 1
    outer loop
      vertex -18.20637000868037 -35.11168186372557 18.381532510892704
      vertex -14.681004680547696 -32.73909817613627 18.381532510892704
      vertex -14.721532510892708 -32.25 18.381532510892704
    endloop
  endfacet
  facet normal 0 0 1
    outer loop
      vertex -18.20637000868037 -35.11168186372557 18.381532510892704
      vertex -14.721532510892708 -32.25 18.381532510892704
      vertex -14.681004680547696 -31.760901823863733 18.381532510892704
    endloop
  endfacet
  facet normal 0 0 1
    outer loop
      vertex -18.20637000868037 -35.11168186372557 18.381532510892704
      vertex -14.094956679333816 -34.07515304436095 18.381532510892704
      vertex -14.363384844186847 -33.664293151884294 18.381532510892704
    endloop
  endfacet
  facet normal 0 0 1
    outer loop
      vertex -18.20637000868037 -35.11168186372557 18.381532510892704
      vertex -13.762564209114398 -34.436227519606334 18.381532510892704
      vertex -14.094956679333816 -34.07515304436095 18.381532510892704
    endloop
  endfacet
  facet normal 0 0 1
    outer loop
      vertex -18.20637000868037 -35.11168186372557 18.381532510892704
      vertex -13.375274233633677 -34.737667407186656 18.381532510892704
      vertex -13.762564209114398 -34.436227519606334 18.381532510892704
    endloop
  endfacet
  facet normal 0 0 1
    outer loop
      vertex -18.20637000868037 -35.11168186372557 18.381532510892704
      vertex -12.94365101383315 -34.97125021276387 18.381532510892704
      vertex -13.375274233633677 -34.737667407186656 18.381532510892704
    endloop
  endfacet
  facet normal 0 0 1
    outer loop
      vertex -18.20637000868037 -35.11168186372557 18.381532510892704
      vertex -14.363384844186847 -33.664293151884294 18.381532510892704
      vertex -14.5605266830763 -33.214855029011325 18.381532510892704
    endloop
  endfacet
  facet normal 0 0 1
    outer loop
      vertex -18.20637000868037 -35.11168186372557 18.381532510892704
      vertex -14.5605266830763 -33.214855029011325 18.381532510892704
      vertex -14.681004680547696 -32.73909817613627 18.381532510892704
    endloop
  endfacet
  facet normal 0 0 1
    outer loop
      vertex -18.20637000868037 -35.11168186372557 18.381532510892704
      vertex -14.681004680547696 -31.760901823863733 18.381532510892704
      vertex -14.5605266830763 -31.28514497098868 18.381532510892704
    endloop
  endfacet
  facet normal 0 0 1
    outer loop
      vertex -18.20637000868037 -35.11168186372557 18.381532510892704
      vertex -14.5605266830763 -31.28514497098868 18.381532510892704
      vertex -14.363384844186845 -30.83570684811571 18.381532510892704
    endloop
  endfacet
  facet normal 0 0 1
    outer loop
      vertex -18.20637000868037 -35.11168186372557 18.381532510892704
      vertex -12.479468105991218 -35.13060440630676 18.381532510892704
      vertex -12.94365101383315 -34.97125021276387 18.381532510892704
    endloop
  endfacet
  facet normal 0 0 1
    outer loop
      vertex -18.019377383598506 -35.233850243046334 18.381532510892704
      vertex -11.995387209799278 -35.21138322082085 18.381532510892704
      vertex -12.479468105991218 -35.13060440630676 18.381532510892704
    endloop
  endfacet
  facet normal 0 0 1
    outer loop
      vertex -18.20637000868037 -35.11168186372557 18.381532510892704
      vertex -14.363384844186845 -30.83570684811571 18.381532510892704
      vertex 0 -1.9 18.381532510892704
    endloop
  endfacet
  facet normal -0.9941542690575143 0 0.1079689275426952
    outer loop
      vertex -19.48681040359731 -34.49326779145387 16.9
      vertex -19.461326338477637 -35.243852236617975 17.134651697560344
      vertex -19.461326338477637 35.243852236617975 17.134651697560344
    endloop
  endfacet
  facet normal -0.9522890982687482 0 0.30519743334191785
    outer loop
      vertex -19.461326338477637 -35.243852236617975 17.134651697560344
      vertex -19.31828153480815 -34.78001771932063 17.58098574960932
      vertex -19.461326338477637 35.243852236617975 17.134651697560344
    endloop
  endfacet
  facet normal -0.8128299169496205 0 0.5825010953737966
    outer loop
      vertex -19.31828153480815 -34.78001771932063 17.58098574960932
      vertex -19.0461941495041 -35.174578926401196 17.96066017177982
      vertex -19.0461941495041 35.174578926401196 17.96066017177982
    endloop
  endfacet
  facet normal -0.5930667622022368 0 0.8051532870025158
    outer loop
      vertex -19.0461941495041 -35.174578926401196 17.96066017177982
      vertex -18.67169799158333 -35.112086570443964 18.23650978628255
      vertex -18.67169799158333 35.112086570443964 18.23650978628255
    endloop
  endfacet
  facet normal -0.3128741644470327 0 0.9497945868563218
    outer loop
      vertex -18.67169799158333 -35.112086570443964 18.23650978628255
      vertex -18.231451354251284 -35.038622400018625 18.381532510892704
      vertex -18.67169799158333 35.112086570443964 18.23650978628255
    endloop
  endfacet
  facet normal 0 0 1
    outer loop
      vertex -18.20637000868037 -35.11168186372557 18.381532510892704
      vertex -17.7780623786531 34.92380871835418 18.381532510892704
      vertex -18.231451354251284 -35.038622400018625 18.381532510892704
    endloop
  endfacet
  facet normal 0 -0.9963050377189369 0.08588522466564108
    outer loop
      vertex -17.12818745568281 -36.496700181165025 16.9
      vertex 17.37181254431719 -36.496700181165025 16.9
      vertex -18.1223439850455 -36.47647232624091 17.134651697560344
    endloop
  endfacet
  facet normal 0 -0.9513663267719528 0.3080618643786373
    outer loop
      vertex -18.1223439850455 -36.47647232624091 17.134651697560344
      vertex 17.88963189663142 -36.33194492776085 17.58098574960932
      vertex -18.11036810336858 -36.33194492776085 17.58098574960932
    endloop
  endfacet
  facet normal 0 -0.8099717146138538 0.5864689433597435
    outer loop
      vertex -18.11036810336858 -36.33194492776085 17.58098574960932
      vertex 17.88963189663142 -36.33194492776085 17.58098574960932
      vertex -18.08758862275415 -36.05703747954556 17.96066017177982
    endloop
  endfacet
  facet normal 0 -0.5891013969669239 0.8080591216560944
    outer loop
      vertex -18.08758862275415 -36.05703747954556 17.96066017177982
      vertex 17.943764642521277 -35.67865983801917 18.23650978628255
      vertex -18.056235357478723 -35.67865983801917 18.23650978628255
    endloop
  endfacet
  facet normal 0 -0.30997445890081426 0.9507448841982519
    outer loop
      vertex -18.056235357478723 -35.67865983801917 18.23650978628255
      vertex 17.980622616401494 -35.233850243046334 18.381532510892704
      vertex -18.019377383598506 -35.233850243046334 18.381532510892704
    endloop
  endfacet
  facet normal 0 0 1
    outer loop
      vertex 0 -1.9 18.381532510892704
      vertex -14.363384844186845 -30.83570684811571 18.381532510892704
      vertex -14.094956679333816 -30.42484695563905 18.381532510892704
    endloop
  endfacet
  facet normal 0 0 1
    outer loop
      vertex 0 -1.9 18.381532510892704
      vertex -14.094956679333816 -30.42484695563905 18.381532510892704
      vertex -13.762564209114396 -30.063772480393666 18.381532510892704
    endloop
  endfacet
  facet normal 0 0 1
    outer loop
      vertex 0 -1.9 18.381532510892704
      vertex -13.762564209114396 -30.063772480393666 18.381532510892704
      vertex -13.375274233633677 -29.762332592813344 18.381532510892704
    endloop
  endfacet
  facet normal 0 0 1
    outer loop
      vertex 0 -1.9 18.381532510892704
      vertex -13.375274233633677 -29.762332592813344 18.381532510892704
      vertex -12.94365101383315 -29.52874978723613 18.381532510892704
    endloop
  endfacet
  facet normal 0 0 1
    outer loop
      vertex 0 -1.9 18.381532510892704
      vertex -12.94365101383315 -29.52874978723613 18.381532510892704
      vertex -12.479468105991218 -29.369395593693245 18.381532510892704
    endloop
  endfacet
  facet normal 0 0 1
    outer loop
      vertex 0 -1.9 18.381532510892704
      vertex -12.479468105991218 -29.369395593693245 18.381532510892704
      vertex -11.995387209799276 -29.288616779179154 18.381532510892704
    endloop
  endfacet
  facet normal 0 0 1
    outer loop
      vertex 0 -1.9 18.381532510892704
      vertex -11.995387209799276 -29.288616779179154 18.381532510892704
      vertex -11.504612790200724 -29.288616779179154 18.381532510892704
    endloop
  endfacet
  facet normal 0 0 1
    outer loop
      vertex 0 -1.9 18.381532510892704
      vertex -11.504612790200724 -29.288616779179154 18.381532510892704
      vertex -11.020531894008782 -29.369395593693245 18.381532510892704
    endloop
  endfacet
  facet normal 0 0 1
    outer loop
      vertex 0 -1.9 18.381532510892704
      vertex -11.020531894008782 -29.369395593693245 18.381532510892704
      vertex -10.55634898616685 -29.52874978723613 18.381532510892704
    endloop
  endfacet
  facet normal 0 0 1
    outer loop
      vertex 0 -1.9 18.381532510892704
      vertex -10.55634898616685 -29.52874978723613 18.381532510892704
      vertex -10.124725766366323 -29.76233259281334 18.381532510892704
    endloop
  endfacet
  facet normal 0 0 1
    outer loop
      vertex -18.019377383598506 -35.233850243046334 18.381532510892704
      vertex 17.980622616401494 -35.233850243046334 18.381532510892704
      vertex -11.995387209799278 -35.21138322082085 18.381532510892704
    endloop
  endfacet
  facet normal 0 0 1
    outer loop
      vertex -11.504612790200724 -35.21138322082085 18.381532510892704
      vertex 11.020531894008782 -35.13060440630675 18.381532510892704
      vertex -11.020531894008782 -35.13060440630675 18.381532510892704
    endloop
  endfacet
  facet normal 0 0 1
    outer loop
      vertex -11.020531894008782 -35.13060440630675 18.381532510892704
      vertex 10.124725766366323 -34.737667407186656 18.381532510892704
      vertex -10.55634898616685 -34.97125021276387 18.381532510892704
    endloop
  endfacet
  facet normal 0 0 1
    outer loop
      vertex -10.55634898616685 -34.97125021276387 18.381532510892704
      vertex 10.124725766366323 -34.737667407186656 18.381532510892704
      vertex -10.124725766366325 -34.73766740718666 18.381532510892704
    endloop
  endfacet
  facet normal 0 0 1
    outer loop
      vertex -10.124725766366325 -34.73766740718666 18.381532510892704
      vertex 9.737435790885602 -34.436227519606334 18.381532510892704
      vertex -9.737435790885602 -34.436227519606334 18.381532510892704
    endloop
  endfacet
  facet normal 0 0 1
    outer loop
      vertex 8.9394733169237 -33.214855029011325 18.381532510892704
      vertex -9.405043320666184 -34.07515304436095 18.381532510892704
      vertex -9.737435790885602 -34.436227519606334 18.381532510892704
    endloop
  endfacet
  facet normal 0 0 1
    outer loop
      vertex -9.405043320666184 -34.07515304436095 18.381532510892704
      vertex 8.818995319452304 -32.73909817613627 18.381532510892704
      vertex -9.136615155813155 -33.6642931518843 18.381532510892704
    endloop
  endfacet
  facet normal 0 0 1
    outer loop
      vertex -9.136615155813155 -33.6642931518843 18.381532510892704
      vertex 8.818995319452304 -32.73909817613627 18.381532510892704
      vertex -8.9394733169237 -33.21485502901132 18.381532510892704
    endloop
  endfacet
  facet normal 0 0 1
    outer loop
      vertex -8.9394733169237 -33.21485502901132 18.381532510892704
      vertex 8.778467489107292 -32.25 18.381532510892704
      vertex -8.818995319452304 -32.73909817613627 18.381532510892704
    endloop
  endfacet
  facet normal 0 0 1
    outer loop
      vertex 8.778467489107292 -32.25 18.381532510892704
      vertex -8.778467489107292 -32.25 18.381532510892704
      vertex -8.818995319452304 -32.73909817613627 18.381532510892704
    endloop
  endfacet
  facet normal 0 0 1
    outer loop
      vertex -9.737435790885602 -30.063772480393666 18.381532510892704
      vertex 10.124725766366323 -29.762332592813344 18.381532510892704
      vertex -10.124725766366323 -29.76233259281334 18.381532510892704
    endloop
  endfacet
  facet normal 0 0 1
    outer loop
      vertex -8.778467489107292 -32.25 18.381532510892704
      vertex 8.9394733169237 -31.285144970988675 18.381532510892704
      vertex -8.818995319452304 -31.760901823863733 18.381532510892704
    endloop
  endfacet
  facet normal 0 0 1
    outer loop
      vertex -8.818995319452304 -31.760901823863733 18.381532510892704
      vertex 9.405043320666184 -30.42484695563905 18.381532510892704
      vertex -8.9394733169237 -31.28514497098868 18.381532510892704
    endloop
  endfacet
  facet normal 0 0 1
    outer loop
      vertex -9.136615155813153 -30.835706848115706 18.381532510892704
      vertex 9.737435790885602 -30.063772480393666 18.381532510892704
      vertex -9.405043320666184 -30.42484695563905 18.381532510892704
    endloop
  endfacet
  facet normal 0 0 1
    outer loop
      vertex 9.737435790885602 -30.063772480393666 18.381532510892704
      vertex -9.136615155813153 -30.835706848115706 18.381532510892704
      vertex -8.9394733169237 -31.28514497098868 18.381532510892704
    endloop
  endfacet
  facet normal 0 0 1
    outer loop
      vertex -9.405043320666184 -30.42484695563905 18.381532510892704
      vertex 10.124725766366323 -29.762332592813344 18.381532510892704
      vertex -9.737435790885602 -30.063772480393666 18.381532510892704
    endloop
  endfacet
  facet normal 0 0 1
    outer loop
      vertex 17.980622616401494 -35.233850243046334 18.381532510892704
      vertex -11.504612790200724 -35.21138322082085 18.381532510892704
      vertex -11.995387209799278 -35.21138322082085 18.381532510892704
    endloop
  endfacet
  facet normal 0 0 1
    outer loop
      vertex -18.20637000868037 -35.11168186372557 18.381532510892704
      vertex -1.8352590699492297 -0.4917561856947894 18.381532510892704
      vertex -1.9 0 18.381532510892704
    endloop
  endfacet
  facet normal 0 0 1
    outer loop
      vertex -18.20637000868037 -35.11168186372557 18.381532510892704
      vertex -1.9 0 18.381532510892704
      vertex -1.8352590699492297 0.4917561856947894 18.381532510892704
    endloop
  endfacet
  facet normal 0 0 1
    outer loop
      vertex -18.20637000868037 -35.11168186372557 18.381532510892704
      vertex -0.95 -1.6454482671904334 18.381532510892704
      vertex -1.3435028842544403 -1.3435028842544403 18.381532510892704
    endloop
  endfacet
  facet normal 0 0 1
    outer loop
      vertex -18.20637000868037 -35.11168186372557 18.381532510892704
      vertex -1.6454482671904334 -0.95 18.381532510892704
      vertex -1.8352590699492297 -0.4917561856947894 18.381532510892704
    endloop
  endfacet
  facet normal 0 0 1
    outer loop
      vertex -18.20637000868037 -35.11168186372557 18.381532510892704
      vertex -1.3435028842544403 -1.3435028842544403 18.381532510892704
      vertex -1.6454482671904334 -0.95 18.381532510892704
    endloop
  endfacet
  facet normal 0 0 1
    outer loop
      vertex -18.20637000868037 -35.11168186372557 18.381532510892704
      vertex -0.4917561856947894 -1.8352590699492297 18.381532510892704
      vertex -0.95 -1.6454482671904334 18.381532510892704
    endloop
  endfacet
  facet normal 0 0 1
    outer loop
      vertex -18.20637000868037 -35.11168186372557 18.381532510892704
      vertex 0 -1.9 18.381532510892704
      vertex -0.4917561856947894 -1.8352590699492297 18.381532510892704
    endloop
  endfacet
  facet normal 0 0 1
    outer loop
      vertex -18.20637000868037 -35.11168186372557 18.381532510892704
      vertex -1.8352590699492297 0.4917561856947894 18.381532510892704
      vertex -1.6454482671904334 0.95 18.381532510892704
    endloop
  endfacet
  facet normal 0 0 -1
    outer loop
      vertex -17.88681040359731 -32.893267791453866 0
      vertex -18.586810403597312 33.59326779145387 0
      vertex -17.88681040359731 32.893267791453866 0
    endloop
  endfacet
  facet normal 0 0 -1
    outer loop
      vertex -18.586810403597312 33.59326779145387 0
      vertex -18.482219635161307 34.06842844280595 0
      vertex -17.886793026536367 32.893779599581215 0
    endloop
  endfacet
  facet normal 0 0 -1
    outer loop
      vertex -18.586810403597312 33.59326779145387 0
      vertex -17.886793026536367 32.893779599581215 0
      vertex -17.88681040359731 32.893267791453866 0
    endloop
  endfacet
  facet normal 0 0 -1
    outer loop
      vertex -18.482219635161307 34.06842844280595 0
      vertex -17.782273576398623 33.368616248637856 0
      vertex -17.886793026536367 32.893779599581215 0
    endloop
  endfacet
  facet normal 0 0 -1
    outer loop
      vertex -18.482219635161307 34.06842844280595 0
      vertex -17.782165595749053 33.36893078552448 0
      vertex -17.782273576398623 33.368616248637856 0
    endloop
  endfacet
  facet normal 0 0 -1
    outer loop
      vertex -18.482219635161307 34.06842844280595 0
      vertex -18.277928646377077 34.5099961786483 0
      vertex -17.578013908796986 33.810197425390975 0
    endloop
  endfacet
  facet normal 0 0 -1
    outer loop
      vertex -18.482219635161307 34.06842844280595 0
      vertex -17.578013908796986 33.810197425390975 0
      vertex -17.782165595749053 33.36893078552448 0
    endloop
  endfacet
  facet normal 0 0 -1
    outer loop
      vertex -18.277928646377077 34.5099961786483 0
      vertex -17.28377589101417 34.19726091841979 0
      vertex -17.578013908796986 33.810197425390975 0
    endloop
  endfacet
  facet normal 0 0 -1
    outer loop
      vertex -18.277928646377077 34.5099961786483 0
      vertex -17.983489856827045 34.8973237824202 0
      vertex -17.28377589101417 34.19726091841979 0
    endloop
  endfacet
  facet normal 0 0 -1
    outer loop
      vertex -17.28377589101417 34.19726091841979 0
      vertex -17.983489856827045 34.8973237824202 0
      vertex -17.61267089706536 35.21230024585301 0
    endloop
  endfacet
  facet normal 0 0 -1
    outer loop
      vertex -17.28377589101417 34.19726091841979 0
      vertex -17.61267089706536 35.21230024585301 0
      vertex -17.18281084951481 35.440197619587785 0
    endloop
  endfacet
  facet normal 0 0 -1
    outer loop
      vertex -17.2835716310939 34.19752335157072 0
      vertex -17.28377589101417 34.19726091841979 0
      vertex -17.18281084951481 35.440197619587785 0
    endloop
  endfacet
  facet normal 0 0 -1
    outer loop
      vertex -17.2835716310939 34.19752335157072 0
      vertex -17.18281084951481 35.440197619587785 0
      vertex -16.913005525169787 34.51228503901803 0
    endloop
  endfacet
  facet normal 0 0 -1
    outer loop
      vertex -17.18281084951481 35.440197619587785 0
      vertex -16.714009492243722 35.570359675718436 0
      vertex -16.913005525169787 34.51228503901803 0
    endloop
  endfacet
  facet normal 0 0 -1
    outer loop
      vertex -16.912727120710603 34.51246692972928 0
      vertex -16.913005525169787 34.51228503901803 0
      vertex -16.714009492243722 35.570359675718436 0
    endloop
  endfacet
  facet normal 0 0 -1
    outer loop
      vertex -16.912727120710603 34.51246692972928 0
      vertex -16.714009492243722 35.570359675718436 0
      vertex -16.483160185903564 34.74020890492252 0
    endloop
  endfacet
  facet normal 0 0 -1
    outer loop
      vertex -16.483160185903564 34.74020890492252 0
      vertex -16.714009492243722 35.570359675718436 0
      vertex -16.22818745568281 35.59670018116503 0
    endloop
  endfacet
  facet normal 0 0 -1
    outer loop
      vertex -16.483160185903564 34.74020890492252 0
      vertex -16.22818745568281 35.59670018116503 0
      vertex -16.014678494655815 34.870282206218675 0
    endloop
  endfacet
  facet normal 0 0 -1
    outer loop
      vertex -16.014356115100757 34.870363843809365 0
      vertex -16.014678494655815 34.870282206218675 0
      vertex -16.22818745568281 35.59670018116503 0
    endloop
  endfacet
  facet normal 0 0 -1
    outer loop
      vertex -16.014356115100757 34.870363843809365 0
      vertex -16.22818745568281 35.59670018116503 0
      vertex -15.52886535061504 34.896686388205936 0
    endloop
  endfacet
  facet normal 0 0 -1
    outer loop
      vertex -16.22818745568281 35.59670018116503 0
      vertex -15.52818745568281 34.89670018116503 0
      vertex -15.52886535061504 34.896686388205936 0
    endloop
  endfacet
  facet normal 0 0 -1
    outer loop
      vertex -16.22818745568281 35.59670018116503 0
      vertex -12.792145939473212 34.89670018116503 0
      vertex -15.52818745568281 34.89670018116503 0
    endloop
  endfacet
  facet normal 0 0 -1
    outer loop
      vertex -16.22818745568281 35.59670018116503 0
      vertex -12.724757408478157 34.92812396923984 0
      vertex -12.792145939473212 34.89670018116503 0
    endloop
  endfacet
  facet normal 0 0 -1
    outer loop
      vertex -16.22818745568281 35.59670018116503 0
      vertex -12.244897306350751 35.05670209608479 0
      vertex -12.724757408478157 34.92812396923984 0
    endloop
  endfacet
  facet normal 0 0 -1
    outer loop
      vertex -16.22818745568281 35.59670018116503 0
      vertex -11.75 35.1 0
      vertex -12.244897306350751 35.05670209608479 0
    endloop
  endfacet
  facet normal -1 0 0
    outer loop
      vertex -19.48681040359731 34.49326779145387 0
      vertex -19.48681040359731 34.45244735619771 0.010000000000000009
      vertex -19.48681040359731 34.49326779145387 16.9
    endloop
  endfacet
  facet normal -0.9765878149233393 0.21496323341888848 -0.008188285617519093
    outer loop
      vertex -19.48681040359731 34.49326779145387 0
      vertex -19.461326338477637 35.243852236617975 16.665348302439654
      vertex -19.382219635161306 34.96842844280596 0
    endloop
  endfacet
  facet normal -0.9074833435122573 0.41984650259304873 -0.014244139433439797
    outer loop
      vertex -19.382219635161306 34.96842844280596 0
      vertex -19.302968954889177 35.70513153625905 16.665348302439654
      vertex -19.177928646377076 35.4099961786483 0
    endloop
  endfacet
  facet normal -0.795982204703076 0.6050899408505879 -0.016688117852604985
    outer loop
      vertex -19.177928646377076 35.4099961786483 0
      vertex -19.302968954889177 35.70513153625905 16.665348302439654
      vertex -18.883489856827044 35.7973237824202 0
    endloop
  endfacet
  facet normal -0.6472809247813445 0.7620380157459089 -0.018040703208172602
    outer loop
      vertex -18.883489856827044 35.7973237824202 0
      vertex -19.003414667392043 36.08999889270336 16.665348302439654
      vertex -18.51267089706536 36.11230024585301 0
    endloop
  endfacet
  facet normal -0.468353790929074 0.8834089640434087 -0.015275102949451991
    outer loop
      vertex -18.51267089706536 36.11230024585301 0
      vertex -18.595124831100225 36.35674795604783 16.665348302439654
      vertex -18.082810849514807 36.340197619587784 0
    endloop
  endfacet
  facet normal -0.2675170640077115 0.9635093853627215 -0.009180674411203448
    outer loop
      vertex -18.082810849514807 36.340197619587784 0
      vertex -18.595124831100225 36.35674795604783 16.665348302439654
      vertex -17.61400949224372 36.470359675718434 0
    endloop
  endfacet
  facet normal -0.05413879839153508 0.9985313814447151 -0.002017617116759096
    outer loop
      vertex -17.61400949224372 36.470359675718434 0
      vertex -18.1223439850455 36.47647232624091 16.665348302439654
      vertex -17.12818745568281 36.496700181165025 0
    endloop
  endfacet
  facet normal -0.020342540192580406 0.9997930691190619 0
    outer loop
      vertex -17.12818745568281 36.496700181165025 0
      vertex -18.1223439850455 36.47647232624091 17.134651697560344
      vertex -17.12818745568281 36.496700181165025 0.010000000000000009
    endloop
  endfacet
  facet normal 0 0 -1
    outer loop
      vertex -16.22818745568281 35.59670018116503 0
      vertex 16.471812544317192 35.59670018116503 0
      vertex -11.75 35.1 0
    endloop
  endfacet
  facet normal 0 0 -1
    outer loop
      vertex -11.75 35.1 0
      vertex 17.40391899157453 35.337902100003554 0
      vertex -11.255102693649249 35.05670209608479 0
    endloop
  endfacet
  facet normal 0 0 -1
    outer loop
      vertex -11.255102693649249 35.05670209608479 0
      vertex 17.40391899157453 35.337902100003554 0
      vertex -10.775242591521843 34.92812396923984 0
    endloop
  endfacet
  facet normal 0 0 -1
    outer loop
      vertex -10.775242591521843 34.92812396923984 0
      vertex 17.40391899157453 35.337902100003554 0
      vertex -10.707854060526788 34.89670018116503 0
    endloop
  endfacet
  facet normal -1 0 0
    outer loop
      vertex -19.48681040359731 -34.49326779145387 16.9
      vertex -19.48681040359731 34.49326779145387 16.9
      vertex -19.48681040359731 34.45244735619771 0.010000000000000009
    endloop
  endfacet
  facet normal -0.994154269057514 0 0.10796892754269519
    outer loop
      vertex -19.48681040359731 -34.49326779145387 16.9
      vertex -19.461326338477637 35.243852236617975 17.134651697560344
      vertex -19.48681040359731 34.49326779145387 16.9
    endloop
  endfacet
  facet normal -0.9522890982687482 0 0.30519743334191785
    outer loop
      vertex -19.31828153480815 -34.78001771932063 17.58098574960932
      vertex -19.31828153480815 35.21998228067937 17.58098574960932
      vertex -19.461326338477637 35.243852236617975 17.134651697560344
    endloop
  endfacet
  facet normal -0.8128299169496206 0 0.5825010953737967
    outer loop
      vertex -19.31828153480815 -34.78001771932063 17.58098574960932
      vertex -19.0461941495041 35.174578926401196 17.96066017177982
      vertex -19.31828153480815 35.21998228067937 17.58098574960932
    endloop
  endfacet
  facet normal -0.5930667622022369 0 0.8051532870025158
    outer loop
      vertex -19.0461941495041 -35.174578926401196 17.96066017177982
      vertex -18.67169799158333 35.112086570443964 18.23650978628255
      vertex -19.0461941495041 35.174578926401196 17.96066017177982
    endloop
  endfacet
  facet normal -0.3128741644470327 0 0.9497945868563219
    outer loop
      vertex -18.231451354251284 -35.038622400018625 18.381532510892704
      vertex -18.231451354251284 35.038622400018625 18.381532510892704
      vertex -18.67169799158333 35.112086570443964 18.23650978628255
    endloop
  endfacet
  facet normal 0 0 1
    outer loop
      vertex -18.231451354251284 -35.038622400018625 18.381532510892704
      vertex -18.20637000868037 34.88831813627443 18.381532510892704
      vertex -18.20637000868037 35.11168186372557 18.381532510892704
    endloop
  endfacet
  facet normal 0 0 1
    outer loop
      vertex -18.231451354251284 -35.038622400018625 18.381532510892704
      vertex -18.094258513297042 35.214887765680096 18.381532510892704
      vertex -18.20637000868037 34.88831813627443 18.381532510892704
    endloop
  endfacet
  facet normal 0 0 1
    outer loop
      vertex -18.231451354251284 -35.038622400018625 18.381532510892704
      vertex -18.20637000868037 35.11168186372557 18.381532510892704
      vertex -18.231451354251284 35.038622400018625 18.381532510892704
    endloop
  endfacet
  facet normal 0 0 1
    outer loop
      vertex -18.231451354251284 -35.038622400018625 18.381532510892704
      vertex -17.7780623786531 34.92380871835418 18.381532510892704
      vertex -18.094258513297042 35.214887765680096 18.381532510892704
    endloop
  endfacet
  facet normal 0 0 1
    outer loop
      vertex -18.20637000868037 -35.11168186372557 18.381532510892704
      vertex -1.6454482671904334 0.95 18.381532510892704
      vertex -17.7780623786531 34.92380871835418 18.381532510892704
    endloop
  endfacet
  facet normal -0.9994241186455416 0.03393274332532544 0
    outer loop
      vertex -19.48681040359731 34.49326779145387 0
      vertex -19.48681040359731 34.49326779145387 16.9
      vertex -19.461326338477637 35.243852236617975 17.134651697560344
    endloop
  endfacet
  facet normal -0.9457713081618209 0.32468370020089066 -0.009855327581366214
    outer loop
      vertex -19.382219635161306 34.96842844280596 0
      vertex -19.461326338477637 35.243852236617975 16.665348302439654
      vertex -19.302968954889177 35.70513153625905 16.665348302439654
    endloop
  endfacet
  facet normal -0.9994241186455416 0.0339327433253255 0
    outer loop
      vertex -19.48681040359731 34.49326779145387 0
      vertex -19.461326338477637 35.243852236617975 17.134651697560344
      vertex -19.461326338477637 35.243852236617975 16.665348302439654
    endloop
  endfacet
  facet normal -0.789033558913405 0.6141294697874273 -0.016463208893157576
    outer loop
      vertex -18.883489856827044 35.7973237824202 0
      vertex -19.302968954889177 35.70513153625905 16.665348302439654
      vertex -19.003414667392043 36.08999889270336 16.665348302439654
    endloop
  endfacet
  facet normal -0.5468867542843248 0.837072492691621 -0.014983990369483524
    outer loop
      vertex -18.51267089706536 36.11230024585301 0
      vertex -19.003414667392043 36.08999889270336 16.665348302439654
      vertex -18.595124831100225 36.35674795604783 16.665348302439654
    endloop
  endfacet
  facet normal -0.24547793633144702 0.9693704484674872 -0.00784323991705804
    outer loop
      vertex -17.61400949224372 36.470359675718434 0
      vertex -18.595124831100225 36.35674795604783 16.665348302439654
      vertex -18.1223439850455 36.47647232624091 16.665348302439654
    endloop
  endfacet
  facet normal -0.02034254019258043 0.9997930691190619 0
    outer loop
      vertex -17.12818745568281 36.496700181165025 0
      vertex -18.1223439850455 36.47647232624091 16.665348302439654
      vertex -18.1223439850455 36.47647232624091 17.134651697560344
    endloop
  endfacet
  facet normal -0.02034254019258041 0.999793069119062 0
    outer loop
      vertex -17.12818745568281 36.496700181165025 0.010000000000000009
      vertex -18.1223439850455 36.47647232624091 17.134651697560344
      vertex -17.12818745568281 36.496700181165025 16.9
    endloop
  endfacet
  facet normal -0.9458172417006346 0.32469946920468334 0
    outer loop
      vertex -19.461326338477637 35.243852236617975 16.665348302439654
      vertex -19.302968954889177 35.70513153625905 17.134651697560344
      vertex -19.302968954889177 35.70513153625905 16.665348302439654
    endloop
  endfacet
  facet normal -0.7891405093963924 0.6142127126896696 0
    outer loop
      vertex -19.302968954889177 35.70513153625905 16.665348302439654
      vertex -19.302968954889177 35.70513153625905 17.134651697560344
      vertex -19.003414667392043 36.08999889270336 16.665348302439654
    endloop
  endfacet
  facet normal -0.9458172417006346 0.32469946920468334 0
    outer loop
      vertex -19.461326338477637 35.243852236617975 16.665348302439654
      vertex -19.461326338477637 35.243852236617975 17.134651697560344
      vertex -19.302968954889177 35.70513153625905 17.134651697560344
    endloop
  endfacet
  facet normal -0.7891405093963924 0.6142127126896696 0
    outer loop
      vertex -19.003414667392043 36.08999889270336 16.665348302439654
      vertex -19.302968954889177 35.70513153625905 17.134651697560344
      vertex -19.003414667392043 36.08999889270336 17.134651697560344
    endloop
  endfacet
  facet normal -0.5469481581224288 0.8371664782625273 0
    outer loop
      vertex -19.003414667392043 36.08999889270336 16.665348302439654
      vertex -18.595124831100225 36.35674795604783 17.134651697560344
      vertex -18.595124831100225 36.35674795604783 16.665348302439654
    endloop
  endfacet
  facet normal -0.5469481581224288 0.8371664782625273 0
    outer loop
      vertex -19.003414667392043 36.08999889270336 16.665348302439654
      vertex -19.003414667392043 36.08999889270336 17.134651697560344
      vertex -18.595124831100225 36.35674795604783 17.134651697560344
    endloop
  endfacet
  facet normal -0.2454854871408056 0.9694002659393287 0
    outer loop
      vertex -18.595124831100225 36.35674795604783 16.665348302439654
      vertex -18.595124831100225 36.35674795604783 17.134651697560344
      vertex -18.1223439850455 36.47647232624091 16.665348302439654
    endloop
  endfacet
  facet normal -0.2454854871408056 0.9694002659393287 0
    outer loop
      vertex -18.1223439850455 36.47647232624091 16.665348302439654
      vertex -18.595124831100225 36.35674795604783 17.134651697560344
      vertex -18.1223439850455 36.47647232624091 17.134651697560344
    endloop
  endfacet
  facet normal -0.7687885500210488 0.2639254425872233 0.5825010953737955
    outer loop
      vertex -19.31828153480815 35.21998228067937 17.58098574960932
      vertex -19.0461941495041 35.174578926401196 17.96066017177982
      vertex -19.1754252752661 35.63610834854972 17.58098574960932
    endloop
  endfacet
  facet normal -0.9006914482261333 0.3092077647372695 0.3051974333419139
    outer loop
      vertex -19.461326338477637 35.243852236617975 17.134651697560344
      vertex -19.1754252752661 35.63610834854972 17.58098574960932
      vertex -19.302968954889177 35.70513153625905 17.134651697560344
    endloop
  endfacet
  facet normal -0.7514899041004324 0.5849080703124481 0.3051974333419127
    outer loop
      vertex -19.302968954889177 35.70513153625905 17.134651697560344
      vertex -19.1754252752661 35.63610834854972 17.58098574960932
      vertex -19.003414667392043 36.08999889270336 17.134651697560344
    endloop
  endfacet
  facet normal -0.9006914482261335 0.3092077647372622 0.30519743334192045
    outer loop
      vertex -19.461326338477637 35.243852236617975 17.134651697560344
      vertex -19.31828153480815 35.21998228067937 17.58098574960932
      vertex -19.1754252752661 35.63610834854972 17.58098574960932
    endloop
  endfacet
  facet normal -0.7514899041004324 0.5849080703124481 0.3051974333419126
    outer loop
      vertex -19.003414667392043 36.08999889270336 17.134651697560344
      vertex -19.1754252752661 35.63610834854972 17.58098574960932
      vertex -18.90519344854663 35.98330220661671 17.58098574960932
    endloop
  endfacet
  facet normal -0.6414370147142479 0.4992504682449429 0.5825010953738019
    outer loop
      vertex -19.1754252752661 35.63610834854972 17.58098574960932
      vertex -18.718365588103865 35.780353049477085 17.96066017177982
      vertex -18.90519344854663 35.98330220661671 17.58098574960932
    endloop
  endfacet
  facet normal -0.5208527682981617 0.7972245106854479 0.30519743334190985
    outer loop
      vertex -19.003414667392043 36.08999889270336 17.134651697560344
      vertex -18.90519344854663 35.98330220661671 17.58098574960932
      vertex -18.595124831100225 36.35674795604783 17.134651697560344
    endloop
  endfacet
  facet normal -0.2337731531873819 0.9231493051128471 0.3051974333419211
    outer loop
      vertex -18.595124831100225 36.35674795604783 17.134651697560344
      vertex -18.53686986615362 36.22394001309101 17.58098574960932
      vertex -18.1223439850455 36.47647232624091 17.134651697560344
    endloop
  endfacet
  facet normal -0.5208527682981506 0.7972245106854513 0.3051974333419204
    outer loop
      vertex -18.90519344854663 35.98330220661671 17.58098574960932
      vertex -18.53686986615362 36.22394001309101 17.58098574960932
      vertex -18.595124831100225 36.35674795604783 17.134651697560344
    endloop
  endfacet
  facet normal -0.44457582594239325 0.6804739589991409 0.5825010953737978
    outer loop
      vertex -18.90519344854663 35.98330220661671 17.58098574960932
      vertex -18.426062338115585 35.97132429396133 17.96066017177982
      vertex -18.53686986615362 36.22394001309101 17.58098574960932
    endloop
  endfacet
  facet normal -0.19953794812499961 0.7879575376544043 0.5825010953737968
    outer loop
      vertex -18.53686986615362 36.22394001309101 17.58098574960932
      vertex -18.426062338115585 35.97132429396133 17.96066017177982
      vertex -18.11036810336858 36.33194492776085 17.58098574960932
    endloop
  endfacet
  facet normal -0.7687885500210442 0.2639254425872279 0.5825010953737995
    outer loop
      vertex -19.1754252752661 35.63610834854972 17.58098574960932
      vertex -19.0461941495041 35.174578926401196 17.96066017177982
      vertex -18.93282278003052 35.50481844365686 17.96066017177982
    endloop
  endfacet
  facet normal -0.6414370147142475 0.4992504682449445 0.5825010953738008
    outer loop
      vertex -19.1754252752661 35.63610834854972 17.58098574960932
      vertex -18.93282278003052 35.50481844365686 17.96066017177982
      vertex -18.718365588103865 35.780353049477085 17.96066017177982
    endloop
  endfacet
  facet normal -0.5609327691704455 0.19256846289000637 0.8051532870025159
    outer loop
      vertex -19.0461941495041 35.174578926401196 17.96066017177982
      vertex -18.598909091727073 35.32411339222195 18.23650978628255
      vertex -18.93282278003052 35.50481844365686 17.96066017177982
    endloop
  endfacet
  facet normal -0.5609327691704452 0.19256846289000287 0.8051532870025171
    outer loop
      vertex -19.0461941495041 35.174578926401196 17.96066017177982
      vertex -18.67169799158333 35.112086570443964 18.23650978628255
      vertex -18.598909091727073 35.32411339222195 18.23650978628255
    endloop
  endfacet
  facet normal -0.2959217792166849 0.10159007512380917 0.9497945868563215
    outer loop
      vertex -18.67169799158333 35.112086570443964 18.23650978628255
      vertex -18.20637000868037 35.11168186372557 18.381532510892704
      vertex -18.598909091727073 35.32411339222195 18.23650978628255
    endloop
  endfacet
  facet normal -0.24690167750870384 0.19217128927552496 0.9497945868563216
    outer loop
      vertex -18.598909091727073 35.32411339222195 18.23650978628255
      vertex -18.20637000868037 35.11168186372557 18.381532510892704
      vertex -18.461219098750135 35.501017498815244 18.23650978628255
    endloop
  endfacet
  facet normal -0.2959217792166851 0.10159007512380197 0.9497945868563222
    outer loop
      vertex -18.67169799158333 35.112086570443964 18.23650978628255
      vertex -18.231451354251284 35.038622400018625 18.381532510892704
      vertex -18.20637000868037 35.11168186372557 18.381532510892704
    endloop
  endfacet
  facet normal -0.2469016775086905 0.19217128927553442 0.9497945868563232
    outer loop
      vertex -18.461219098750135 35.501017498815244 18.23650978628255
      vertex -18.20637000868037 35.11168186372557 18.381532510892704
      vertex -18.15892527050832 35.172638864575184 18.381532510892704
    endloop
  endfacet
  facet normal -0.44457582594239686 0.6804739589991349 0.5825010953738022
    outer loop
      vertex -18.90519344854663 35.98330220661671 17.58098574960932
      vertex -18.718365588103865 35.780353049477085 17.96066017177982
      vertex -18.426062338115585 35.97132429396133 17.96066017177982
    endloop
  endfacet
  facet normal -0.46801300683034197 0.3642691448183162 0.8051532870025155
    outer loop
      vertex -18.93282278003052 35.50481844365686 17.96066017177982
      vertex -18.598909091727073 35.32411339222195 18.23650978628255
      vertex -18.718365588103865 35.780353049477085 17.96066017177982
    endloop
  endfacet
  facet normal -0.3243767732301461 0.4964956126874108 0.8051532870025128
    outer loop
      vertex -18.718365588103865 35.780353049477085 17.96066017177982
      vertex -18.273548859871937 35.62362858532442 18.23650978628255
      vertex -18.426062338115585 35.97132429396133 17.96066017177982
    endloop
  endfacet
  facet normal -0.46801300683034625 0.364269144818314 0.8051532870025138
    outer loop
      vertex -18.598909091727073 35.32411339222195 18.23650978628255
      vertex -18.461219098750135 35.501017498815244 18.23650978628255
      vertex -18.718365588103865 35.780353049477085 17.96066017177982
    endloop
  endfacet
  facet normal -0.3243767732301485 0.49649561268740666 0.8051532870025144
    outer loop
      vertex -18.718365588103865 35.780353049477085 17.96066017177982
      vertex -18.461219098750135 35.501017498815244 18.23650978628255
      vertex -18.273548859871937 35.62362858532442 18.23650978628255
    endloop
  endfacet
  facet normal -0.17112594796839886 0.2619277623894519 0.9497945868563221
    outer loop
      vertex -18.461219098750135 35.501017498815244 18.23650978628255
      vertex -18.094258513297042 35.214887765680096 18.381532510892704
      vertex -18.273548859871937 35.62362858532442 18.23650978628255
    endloop
  endfacet
  facet normal -0.2337731531873837 0.9231493051128472 0.30519743334191957
    outer loop
      vertex -18.53686986615362 36.22394001309101 17.58098574960932
      vertex -18.11036810336858 36.33194492776085 17.58098574960932
      vertex -18.1223439850455 36.47647232624091 17.134651697560344
    endloop
  endfacet
  facet normal -0.17112594796840547 0.261927762389444 0.9497945868563231
    outer loop
      vertex -18.461219098750135 35.501017498815244 18.23650978628255
      vertex -18.15892527050832 35.172638864575184 18.381532510892704
      vertex -18.094258513297042 35.214887765680096 18.381532510892704
    endloop
  endfacet
  facet normal 0 0 1
    outer loop
      vertex -18.20637000868037 34.88831813627443 18.381532510892704
      vertex -18.094258513297042 35.214887765680096 18.381532510892704
      vertex -18.20637000868037 35.11168186372557 18.381532510892704
    endloop
  endfacet
  facet normal 0 0 1
    outer loop
      vertex -18.20637000868037 35.11168186372557 18.381532510892704
      vertex -18.094258513297042 35.214887765680096 18.381532510892704
      vertex -18.15892527050832 35.172638864575184 18.381532510892704
    endloop
  endfacet
  facet normal -0.1455892830262404 0.5749190769986272 0.8051532870025135
    outer loop
      vertex -18.426062338115585 35.97132429396133 17.96066017177982
      vertex -18.273548859871937 35.62362858532442 18.23650978628255
      vertex -18.08758862275415 36.05703747954556 17.96066017177982
    endloop
  endfacet
  facet normal -0.19953794812500295 0.7879575376544049 0.5825010953737946
    outer loop
      vertex -18.426062338115585 35.97132429396133 17.96066017177982
      vertex -18.08758862275415 36.05703747954556 17.96066017177982
      vertex -18.11036810336858 36.33194492776085 17.58098574960932
    endloop
  endfacet
  facet normal -0.14558928302622462 0.5749190769986238 0.8051532870025188
    outer loop
      vertex -18.273548859871937 35.62362858532442 18.23650978628255
      vertex -18.056235357478723 35.67865983801917 18.23650978628255
      vertex -18.08758862275415 36.05703747954556 17.96066017177982
    endloop
  endfacet
  facet normal -0.07680606667304682 0.30330029822050086 0.9497945868563217
    outer loop
      vertex -18.273548859871937 35.62362858532442 18.23650978628255
      vertex -18.019377383598506 35.233850243046334 18.381532510892704
      vertex -18.056235357478723 35.67865983801917 18.23650978628255
    endloop
  endfacet
  facet normal -0.07680606667305225 0.3033002982204975 0.9497945868563223
    outer loop
      vertex -18.273548859871937 35.62362858532442 18.23650978628255
      vertex -18.094258513297042 35.214887765680096 18.381532510892704
      vertex -18.019377383598506 35.233850243046334 18.381532510892704
    endloop
  endfacet
  facet normal 0 0 1
    outer loop
      vertex -18.094258513297042 35.214887765680096 18.381532510892704
      vertex -17.7780623786531 34.92380871835418 18.381532510892704
      vertex -12.479468105991218 35.13060440630675 18.381532510892704
    endloop
  endfacet
  facet normal 0 0 1
    outer loop
      vertex -17.7780623786531 34.92380871835418 18.381532510892704
      vertex -14.363384844186845 30.835706848115706 18.381532510892704
      vertex -14.5605266830763 31.28514497098868 18.381532510892704
    endloop
  endfacet
  facet normal 0 0 1
    outer loop
      vertex -17.7780623786531 34.92380871835418 18.381532510892704
      vertex -14.681004680547696 31.760901823863733 18.381532510892704
      vertex -14.721532510892708 32.25 18.381532510892704
    endloop
  endfacet
  facet normal 0 0 1
    outer loop
      vertex -17.7780623786531 34.92380871835418 18.381532510892704
      vertex -14.5605266830763 31.28514497098868 18.381532510892704
      vertex -14.681004680547696 31.760901823863733 18.381532510892704
    endloop
  endfacet
  facet normal 0 0 1
    outer loop
      vertex -17.7780623786531 34.92380871835418 18.381532510892704
      vertex -14.721532510892708 32.25 18.381532510892704
      vertex -14.681004680547696 32.73909817613627 18.381532510892704
    endloop
  endfacet
  facet normal 0 0 1
    outer loop
      vertex -17.7780623786531 34.92380871835418 18.381532510892704
      vertex -14.681004680547696 32.73909817613627 18.381532510892704
      vertex -14.5605266830763 33.214855029011325 18.381532510892704
    endloop
  endfacet
  facet normal 0 0 1
    outer loop
      vertex -17.7780623786531 34.92380871835418 18.381532510892704
      vertex -14.5605266830763 33.214855029011325 18.381532510892704
      vertex -14.363384844186847 33.664293151884294 18.381532510892704
    endloop
  endfacet
  facet normal 0 0 1
    outer loop
      vertex -17.7780623786531 34.92380871835418 18.381532510892704
      vertex -14.363384844186847 33.664293151884294 18.381532510892704
      vertex -14.094956679333816 34.07515304436095 18.381532510892704
    endloop
  endfacet
  facet normal 0 0 1
    outer loop
      vertex -17.7780623786531 34.92380871835418 18.381532510892704
      vertex -14.094956679333816 34.07515304436095 18.381532510892704
      vertex -13.762564209114398 34.436227519606334 18.381532510892704
    endloop
  endfacet
  facet normal 0 0 1
    outer loop
      vertex -17.7780623786531 34.92380871835418 18.381532510892704
      vertex -13.762564209114398 34.436227519606334 18.381532510892704
      vertex -13.375274233633677 34.737667407186656 18.381532510892704
    endloop
  endfacet
  facet normal 0 0 1
    outer loop
      vertex -17.7780623786531 34.92380871835418 18.381532510892704
      vertex -13.375274233633677 34.737667407186656 18.381532510892704
      vertex -12.94365101383315 34.97125021276387 18.381532510892704
    endloop
  endfacet
  facet normal 0 0 1
    outer loop
      vertex -17.7780623786531 34.92380871835418 18.381532510892704
      vertex 0.4917561856947894 1.8352590699492297 18.381532510892704
      vertex -14.363384844186845 30.835706848115706 18.381532510892704
    endloop
  endfacet
  facet normal 0 0 1
    outer loop
      vertex -17.7780623786531 34.92380871835418 18.381532510892704
      vertex -12.94365101383315 34.97125021276387 18.381532510892704
      vertex -12.479468105991218 35.13060440630675 18.381532510892704
    endloop
  endfacet
  facet normal 0 0 1
    outer loop
      vertex -18.094258513297042 35.214887765680096 18.381532510892704
      vertex -12.479468105991218 35.13060440630675 18.381532510892704
      vertex -11.995387209799278 35.21138322082085 18.381532510892704
    endloop
  endfacet
  facet normal 0 0 1
    outer loop
      vertex -18.094258513297042 35.214887765680096 18.381532510892704
      vertex -11.995387209799278 35.21138322082085 18.381532510892704
      vertex -11.504612790200722 35.21138322082085 18.381532510892704
    endloop
  endfacet
  facet normal 0 0 1
    outer loop
      vertex -17.7780623786531 34.92380871835418 18.381532510892704
      vertex -1.6454482671904334 0.95 18.381532510892704
      vertex -1.3435028842544403 1.3435028842544403 18.381532510892704
    endloop
  endfacet
  facet normal 0 0 1
    outer loop
      vertex -17.7780623786531 34.92380871835418 18.381532510892704
      vertex -1.3435028842544403 1.3435028842544403 18.381532510892704
      vertex -0.95 1.6454482671904334 18.381532510892704
    endloop
  endfacet
  facet normal 0 0 1
    outer loop
      vertex -17.7780623786531 34.92380871835418 18.381532510892704
      vertex -0.95 1.6454482671904334 18.381532510892704
      vertex -0.4917561856947894 1.8352590699492297 18.381532510892704
    endloop
  endfacet
  facet normal 0 0 1
    outer loop
      vertex -17.7780623786531 34.92380871835418 18.381532510892704
      vertex -0.4917561856947894 1.8352590699492297 18.381532510892704
      vertex 0 1.9 18.381532510892704
    endloop
  endfacet
  facet normal 0 0 1
    outer loop
      vertex -17.7780623786531 34.92380871835418 18.381532510892704
      vertex 0 1.9 18.381532510892704
      vertex 0.4917561856947894 1.8352590699492297 18.381532510892704
    endloop
  endfacet
  facet normal 0 1 0
    outer loop
      vertex -17.12818745568281 36.496700181165025 0.010000000000000009
      vertex -17.12818745568281 36.496700181165025 16.9
      vertex 17.37181254431719 36.496700181165025 16.9
    endloop
  endfacet
  facet normal 0 0 1
    outer loop
      vertex 0.4917561856947894 1.8352590699492297 18.381532510892704
      vertex -12.94365101383315 29.52874978723613 18.381532510892704
      vertex -13.375274233633677 29.762332592813344 18.381532510892704
    endloop
  endfacet
  facet normal 0 0 1
    outer loop
      vertex 0.4917561856947894 1.8352590699492297 18.381532510892704
      vertex -14.094956679333816 30.42484695563905 18.381532510892704
      vertex -14.363384844186845 30.835706848115706 18.381532510892704
    endloop
  endfacet
  facet normal 0 0 1
    outer loop
      vertex 0.4917561856947894 1.8352590699492297 18.381532510892704
      vertex -13.762564209114398 30.063772480393666 18.381532510892704
      vertex -14.094956679333816 30.42484695563905 18.381532510892704
    endloop
  endfacet
  facet normal 0 0 1
    outer loop
      vertex 0.4917561856947894 1.8352590699492297 18.381532510892704
      vertex -13.375274233633677 29.762332592813344 18.381532510892704
      vertex -13.762564209114398 30.063772480393666 18.381532510892704
    endloop
  endfacet
  facet normal 0 0 1
    outer loop
      vertex 0.4917561856947894 1.8352590699492297 18.381532510892704
      vertex -12.479468105991218 29.369395593693245 18.381532510892704
      vertex -12.94365101383315 29.52874978723613 18.381532510892704
    endloop
  endfacet
  facet normal 0 0 1
    outer loop
      vertex 0.4917561856947894 1.8352590699492297 18.381532510892704
      vertex -11.995387209799276 29.288616779179154 18.381532510892704
      vertex -12.479468105991218 29.369395593693245 18.381532510892704
    endloop
  endfacet
  facet normal 0 0 1
    outer loop
      vertex 0.4917561856947894 1.8352590699492297 18.381532510892704
      vertex -11.504612790200724 29.288616779179154 18.381532510892704
      vertex -11.995387209799276 29.288616779179154 18.381532510892704
    endloop
  endfacet
  facet normal 0 0 1
    outer loop
      vertex 0.4917561856947894 1.8352590699492297 18.381532510892704
      vertex -11.020531894008782 29.369395593693245 18.381532510892704
      vertex -11.504612790200724 29.288616779179154 18.381532510892704
    endloop
  endfacet
  facet normal 0 0 1
    outer loop
      vertex 0.4917561856947894 1.8352590699492297 18.381532510892704
      vertex -10.55634898616685 29.52874978723613 18.381532510892704
      vertex -11.020531894008782 29.369395593693245 18.381532510892704
    endloop
  endfacet
  facet normal 0 0.9963050377189369 0.08588522466564108
    outer loop
      vertex -17.12818745568281 36.496700181165025 16.9
      vertex -18.1223439850455 36.47647232624091 17.134651697560344
      vertex 17.37181254431719 36.496700181165025 16.9
    endloop
  endfacet
  facet normal 0 0.9513663267719528 0.3080618643786373
    outer loop
      vertex -18.1223439850455 36.47647232624091 17.134651697560344
      vertex -18.11036810336858 36.33194492776085 17.58098574960932
      vertex 17.88963189663142 36.33194492776085 17.58098574960932
    endloop
  endfacet
  facet normal 0 0.8099717146138536 0.5864689433597435
    outer loop
      vertex -18.11036810336858 36.33194492776085 17.58098574960932
      vertex -18.08758862275415 36.05703747954556 17.96066017177982
      vertex 17.91241137724585 36.05703747954556 17.96066017177982
    endloop
  endfacet
  facet normal 0 0 1
    outer loop
      vertex -18.094258513297042 35.214887765680096 18.381532510892704
      vertex -11.504612790200722 35.21138322082085 18.381532510892704
      vertex 11.504612790200722 35.21138322082084 18.381532510892704
    endloop
  endfacet
  facet normal 0 0 1
    outer loop
      vertex -18.094258513297042 35.214887765680096 18.381532510892704
      vertex 17.980622616401494 35.233850243046334 18.381532510892704
      vertex -18.019377383598506 35.233850243046334 18.381532510892704
    endloop
  endfacet
  facet normal 0 0.5891013969669239 0.8080591216560944
    outer loop
      vertex -18.08758862275415 36.05703747954556 17.96066017177982
      vertex -18.056235357478723 35.67865983801917 18.23650978628255
      vertex 17.943764642521277 35.67865983801917 18.23650978628255
    endloop
  endfacet
  facet normal 0 0.30997445890081426 0.9507448841982519
    outer loop
      vertex -18.019377383598506 35.233850243046334 18.381532510892704
      vertex 17.980622616401494 35.233850243046334 18.381532510892704
      vertex -18.056235357478723 35.67865983801917 18.23650978628255
    endloop
  endfacet
  facet normal 0 0 1
    outer loop
      vertex -10.55634898616685 29.52874978723613 18.381532510892704
      vertex 10.124725766366323 29.762332592813344 18.381532510892704
      vertex -10.124725766366325 29.76233259281334 18.381532510892704
    endloop
  endfacet
  facet normal 0 0 1
    outer loop
      vertex -10.124725766366325 29.76233259281334 18.381532510892704
      vertex 9.405043320666184 30.42484695563905 18.381532510892704
      vertex -9.737435790885602 30.063772480393666 18.381532510892704
    endloop
  endfacet
  facet normal 0 0 1
    outer loop
      vertex 8.9394733169237 31.28514497098868 18.381532510892704
      vertex -9.405043320666184 30.42484695563905 18.381532510892704
      vertex -9.737435790885602 30.063772480393666 18.381532510892704
    endloop
  endfacet
  facet normal 0 0 1
    outer loop
      vertex -9.405043320666184 30.42484695563905 18.381532510892704
      vertex 8.818995319452304 31.760901823863733 18.381532510892704
      vertex -9.136615155813155 30.83570684811571 18.381532510892704
    endloop
  endfacet
  facet normal 0 0 1
    outer loop
      vertex -9.136615155813155 30.83570684811571 18.381532510892704
      vertex 8.818995319452304 31.760901823863733 18.381532510892704
      vertex -8.9394733169237 31.285144970988675 18.381532510892704
    endloop
  endfacet
  facet normal 0 0 1
    outer loop
      vertex -8.9394733169237 31.285144970988675 18.381532510892704
      vertex 8.778467489107292 32.25 18.381532510892704
      vertex -8.818995319452304 31.760901823863737 18.381532510892704
    endloop
  endfacet
  facet normal 0 0 1
    outer loop
      vertex -11.020531894008782 35.13060440630675 18.381532510892704
      vertex 11.504612790200722 35.21138322082084 18.381532510892704
      vertex -11.504612790200722 35.21138322082085 18.381532510892704
    endloop
  endfacet
  facet normal 0 0 1
    outer loop
      vertex 8.778467489107292 32.25 18.381532510892704
      vertex -8.778467489107292 32.25 18.381532510892704
      vertex -8.818995319452304 31.760901823863737 18.381532510892704
    endloop
  endfacet
  facet normal 0 0 1
    outer loop
      vertex -8.778467489107292 32.25 18.381532510892704
      vertex 8.9394733169237 33.21485502901132 18.381532510892704
      vertex -8.818995319452304 32.73909817613627 18.381532510892704
    endloop
  endfacet
  facet normal 0 0 1
    outer loop
      vertex -8.818995319452304 32.73909817613627 18.381532510892704
      vertex 9.405043320666184 34.07515304436095 18.381532510892704
      vertex -8.9394733169237 33.214855029011325 18.381532510892704
    endloop
  endfacet
  facet normal 0 0 1
    outer loop
      vertex -9.136615155813153 33.664293151884294 18.381532510892704
      vertex 9.737435790885602 34.436227519606334 18.381532510892704
      vertex -9.405043320666184 34.07515304436095 18.381532510892704
    endloop
  endfacet
  facet normal 0 0 1
    outer loop
      vertex -8.9394733169237 33.214855029011325 18.381532510892704
      vertex 9.737435790885602 34.436227519606334 18.381532510892704
      vertex -9.136615155813153 33.664293151884294 18.381532510892704
    endloop
  endfacet
  facet normal 0 0 1
    outer loop
      vertex -10.55634898616685 34.97125021276387 18.381532510892704
      vertex 11.020531894008782 35.13060440630675 18.381532510892704
      vertex -11.020531894008782 35.13060440630675 18.381532510892704
    endloop
  endfacet
  facet normal 0 0 1
    outer loop
      vertex -9.737435790885602 34.436227519606334 18.381532510892704
      vertex 10.124725766366323 34.73766740718666 18.381532510892704
      vertex -10.124725766366323 34.737667407186656 18.381532510892704
    endloop
  endfacet
  facet normal 0 0 1
    outer loop
      vertex -9.405043320666184 34.07515304436095 18.381532510892704
      vertex 9.737435790885602 34.436227519606334 18.381532510892704
      vertex -9.737435790885602 34.436227519606334 18.381532510892704
    endloop
  endfacet
  facet normal 0 0 1
    outer loop
      vertex -10.124725766366323 34.737667407186656 18.381532510892704
      vertex 11.020531894008782 35.13060440630675 18.381532510892704
      vertex -10.55634898616685 34.97125021276387 18.381532510892704
    endloop
  endfacet
  facet normal 0 0 -1
    outer loop
      vertex -17.61267089706536 -35.21230024585301 0
      vertex 10.707854060526788 -34.89670018116503 0
      vertex 10.775242591521843 -34.92812396923984 0
    endloop
  endfacet
  facet normal 0 0 -1
    outer loop
      vertex -17.61267089706536 -35.21230024585301 0
      vertex 10.775242591521843 -34.92812396923984 0
      vertex 11.255102693649249 -35.05670209608479 0
    endloop
  endfacet
  facet normal 0 0 -1
    outer loop
      vertex -17.61267089706536 -35.21230024585301 0
      vertex 11.255102693649249 -35.05670209608479 0
      vertex 11.75 -35.1 0
    endloop
  endfacet
  facet normal 0 0 -1
    outer loop
      vertex -16.22818745568281 -35.59670018116503 0
      vertex 11.75 -35.1 0
      vertex 16.471812544317192 -35.59670018116503 0
    endloop
  endfacet
  facet normal 0 0 -1
    outer loop
      vertex 11.75 -35.1 0
      vertex 12.244897306350751 -35.05670209608479 0
      vertex 16.471812544317192 -35.59670018116503 0
    endloop
  endfacet
  facet normal 0 0 -1
    outer loop
      vertex 12.244897306350751 -35.05670209608479 0
      vertex 12.724757408478157 -34.92812396923984 0
      vertex 16.471812544317192 -35.59670018116503 0
    endloop
  endfacet
  facet normal 0 0 -1
    outer loop
      vertex 12.724757408478157 -34.92812396923984 0
      vertex 12.792145939473212 -34.89670018116503 0
      vertex 15.77181254431719 -34.89670018116503 0
    endloop
  endfacet
  facet normal 0 0 -1
    outer loop
      vertex 12.724757408478157 -34.92812396923984 0
      vertex 15.77181254431719 -34.89670018116503 0
      vertex 16.471812544317192 -35.59670018116503 0
    endloop
  endfacet
  facet normal 0 0 -1
    outer loop
      vertex 15.77181254431719 -34.89670018116503 0
      vertex 15.77215746859734 -34.896686388205936 0
      vertex 16.471812544317192 -35.59670018116503 0
    endloop
  endfacet
  facet normal 0 0 -1
    outer loop
      vertex 15.77215746859734 -34.896686388205936 0
      vertex 15.772488888421249 -34.89665892597636 0
      vertex 16.471812544317192 -35.59670018116503 0
    endloop
  endfacet
  facet normal 0 0 -1
    outer loop
      vertex 15.772488888421249 -34.89665892597636 0
      vertex 16.252287717581808 -34.81799990055276 0
      vertex 16.471812544317192 -35.59670018116503 0
    endloop
  endfacet
  facet normal 0 0 -1
    outer loop
      vertex 16.252287717581808 -34.81799990055276 0
      vertex 16.70395975142376 -34.63803731391458 0
      vertex 16.471812544317192 -35.59670018116503 0
    endloop
  endfacet
  facet normal 0 0 -1
    outer loop
      vertex 16.471812544317192 -35.59670018116503 0
      vertex 16.70395975142376 -34.63803731391458 0
      vertex 16.951938761690748 -35.517987483168255 0
    endloop
  endfacet
  facet normal 0 0 -1
    outer loop
      vertex 16.951938761690748 -35.517987483168255 0
      vertex 16.70395975142376 -34.63803731391458 0
      vertex 16.70426429703609 -34.63790372782344 0
    endloop
  endfacet
  facet normal 0 0 -1
    outer loop
      vertex 16.951938761690748 -35.517987483168255 0
      vertex 16.70426429703609 -34.63790372782344 0
      vertex 17.106689853254398 -34.36505243050782 0
    endloop
  endfacet
  facet normal 0 0 -1
    outer loop
      vertex 16.951938761690748 -35.517987483168255 0
      vertex 17.106689853254398 -34.36505243050782 0
      vertex 17.10693452241254 -34.364827196680906 0
    endloop
  endfacet
  facet normal 0 0 -1
    outer loop
      vertex 16.951938761690748 -35.517987483168255 0
      vertex 17.10693452241254 -34.364827196680906 0
      vertex 17.40391899157453 -35.337902100003554 0
    endloop
  endfacet
  facet normal 0 0 -1
    outer loop
      vertex 17.10693452241254 -34.364827196680906 0
      vertex 17.441296629262315 -34.011845412097884 0
      vertex 17.40391899157453 -35.337902100003554 0
    endloop
  endfacet
  facet normal 0 0 -1
    outer loop
      vertex 17.40391899157453 -35.337902100003554 0
      vertex 17.441296629262315 -34.011845412097884 0
      vertex 17.806619140759114 -35.064864624037185 0
    endloop
  endfacet
  facet normal 0 0 -1
    outer loop
      vertex 17.806619140759114 -35.064864624037185 0
      vertex 17.441296629262315 -34.011845412097884 0
      vertex 18.1412093978377 -34.711641984185974 0
    endloop
  endfacet
  facet normal 0 0 -1
    outer loop
      vertex 18.1412093978377 -34.711641984185974 0
      vertex 17.441296629262315 -34.011845412097884 0
      vertex 18.392044694259653 -34.2947504785106 0
    endloop
  endfacet
  facet normal 0 0 -1
    outer loop
      vertex 17.441296629262315 -34.011845412097884 0
      vertex 17.691960886244054 -33.5952381761835 0
      vertex 18.392044694259653 -34.2947504785106 0
    endloop
  endfacet
  facet normal 0 0 -1
    outer loop
      vertex 17.691960886244054 -33.5952381761835 0
      vertex 17.69211916524829 -33.59494570220081 0
      vertex 18.392044694259653 -34.2947504785106 0
    endloop
  endfacet
  facet normal 0 0 -1
    outer loop
      vertex 17.69211916524829 -33.59494570220081 0
      vertex 18.547396250347695 -33.833683490474805 0
      vertex 18.392044694259653 -34.2947504785106 0
    endloop
  endfacet
  facet normal 0 0 -1
    outer loop
      vertex 17.69211916524829 -33.59494570220081 0
      vertex 17.84736479029884 -33.13419310628072 0
      vertex 18.547396250347695 -33.833683490474805 0
    endloop
  endfacet
  facet normal 0 0 -1
    outer loop
      vertex 17.84736479029884 -33.13419310628072 0
      vertex 17.847419527163108 -33.13386508623648 0
      vertex 18.547396250347695 -33.833683490474805 0
    endloop
  endfacet
  facet normal 0 0 -1
    outer loop
      vertex 17.847419527163108 -33.13386508623648 0
      vertex 17.89998740739822 -32.65051140960619 0
      vertex 18.547396250347695 -33.833683490474805 0
    endloop
  endfacet
  facet normal 0 0 -1
    outer loop
      vertex 17.89998740739822 -32.65051140960619 0
      vertex 17.9 -32.65 0
      vertex 18.6 -33.35 0
    endloop
  endfacet
  facet normal 0 0 -1
    outer loop
      vertex 17.89998740739822 -32.65051140960619 0
      vertex 18.6 -33.35 0
      vertex 18.547396250347695 -33.833683490474805 0
    endloop
  endfacet
  facet normal 0.1617790394509694 -0.9868084850186136 -0.006046179751715434
    outer loop
      vertex 17.37181254431719 -36.496700181165025 0
      vertex 17.851938761690747 -36.417987483168254 0
      vertex 18.363694730151426 -36.436198010057154 16.665348302439654
    endloop
  endfacet
  facet normal 0.37010978844836934 -0.9289055242875478 -0.012380284438534978
    outer loop
      vertex 17.851938761690747 -36.417987483168254 0
      vertex 18.303918991574527 -36.23790210000355 0
      vertex 18.363694730151426 -36.436198010057154 16.665348302439654
    endloop
  endfacet
  facet normal 0.5611043515437059 -0.8275670044012661 -0.017168573179858454
    outer loop
      vertex 18.303918991574527 -36.23790210000355 0
      vertex 18.706619140759113 -35.96486462403718 0
      vertex 18.81032147803126 -36.24028935457549 16.665348302439654
    endloop
  endfacet
  facet normal 0.7258794224353413 -0.6875895119944782 -0.01788091385053865
    outer loop
      vertex 18.706619140759113 -35.96486462403718 0
      vertex 19.041209397837697 -35.61164198418597 0
      vertex 19.16913732033319 -35.90997610245334 16.665348302439654
    endloop
  endfacet
  facet normal 0.8567501533122122 -0.5154894636614759 -0.01580467188855169
    outer loop
      vertex 19.041209397837697 -35.61164198418597 0
      vertex 19.29204469425965 -35.1947504785106 0
      vertex 19.16913732033319 -35.90997610245334 16.665348302439654
    endloop
  endfacet
  facet normal 0.9475883626211549 -0.31927969358909725 -0.011694968431383535
    outer loop
      vertex 19.29204469425965 -35.1947504785106 0
      vertex 19.447396250347694 -34.7336834904748 0
      vertex 19.401258992942356 -35.48105281989634 16.665348302439654
    endloop
  endfacet
  facet normal 0.994130914534081 -0.10811825249283138 -0.0037640729972056868
    outer loop
      vertex 19.447396250347694 -34.7336834904748 0
      vertex 19.5 -34.25 0
      vertex 19.481532510892706 -35 16.665348302439654
    endloop
  endfacet
  facet normal 0.03995643433965955 -0.9992014228146697 0
    outer loop
      vertex 17.37181254431719 -36.496700181165025 0
      vertex 17.8776560149545 -36.47647232624091 17.134651697560344
      vertex 17.37181254431719 -36.496700181165025 0.010000000000000009
    endloop
  endfacet
  facet normal 0 0 -1
    outer loop
      vertex 17.9 -32.65 0
      vertex 17.9 32.65 0
      vertex 18.6 -33.35 0
    endloop
  endfacet
  facet normal 0 -1 0
    outer loop
      vertex -17.12818745568281 -36.496700181165025 16.9
      vertex 17.37181254431719 -36.496700181165025 0.010000000000000009
      vertex 17.37181254431719 -36.496700181165025 16.9
    endloop
  endfacet
  facet normal 0 0 1
    outer loop
      vertex 10.124725766366323 -34.737667407186656 18.381532510892704
      vertex -11.020531894008782 -35.13060440630675 18.381532510892704
      vertex 10.55634898616685 -34.97125021276387 18.381532510892704
    endloop
  endfacet
  facet normal 0 0 1
    outer loop
      vertex 9.405043320666184 -34.07515304436095 18.381532510892704
      vertex -9.737435790885602 -34.436227519606334 18.381532510892704
      vertex 9.737435790885602 -34.436227519606334 18.381532510892704
    endloop
  endfacet
  facet normal 0 0 1
    outer loop
      vertex 9.737435790885602 -34.436227519606334 18.381532510892704
      vertex -10.124725766366325 -34.73766740718666 18.381532510892704
      vertex 10.124725766366323 -34.737667407186656 18.381532510892704
    endloop
  endfacet
  facet normal 0 0 1
    outer loop
      vertex -11.020531894008782 -35.13060440630675 18.381532510892704
      vertex 11.020531894008782 -35.13060440630675 18.381532510892704
      vertex 10.55634898616685 -34.97125021276387 18.381532510892704
    endloop
  endfacet
  facet normal 0 0 1
    outer loop
      vertex 8.9394733169237 -33.214855029011325 18.381532510892704
      vertex -9.737435790885602 -34.436227519606334 18.381532510892704
      vertex 9.136615155813153 -33.664293151884294 18.381532510892704
    endloop
  endfacet
  facet normal 0 0 1
    outer loop
      vertex 9.136615155813153 -33.664293151884294 18.381532510892704
      vertex -9.737435790885602 -34.436227519606334 18.381532510892704
      vertex 9.405043320666184 -34.07515304436095 18.381532510892704
    endloop
  endfacet
  facet normal 0 0 1
    outer loop
      vertex 8.818995319452304 -32.73909817613627 18.381532510892704
      vertex -9.405043320666184 -34.07515304436095 18.381532510892704
      vertex 8.9394733169237 -33.214855029011325 18.381532510892704
    endloop
  endfacet
  facet normal 0 0 1
    outer loop
      vertex 8.778467489107292 -32.25 18.381532510892704
      vertex -8.9394733169237 -33.21485502901132 18.381532510892704
      vertex 8.818995319452304 -32.73909817613627 18.381532510892704
    endloop
  endfacet
  facet normal 0 0 1
    outer loop
      vertex -8.778467489107292 -32.25 18.381532510892704
      vertex 8.778467489107292 -32.25 18.381532510892704
      vertex 8.818995319452306 -31.760901823863733 18.381532510892704
    endloop
  endfacet
  facet normal 0 0 1
    outer loop
      vertex -11.504612790200724 -35.21138322082085 18.381532510892704
      vertex 11.504612790200724 -35.21138322082085 18.381532510892704
      vertex 11.020531894008782 -35.13060440630675 18.381532510892704
    endloop
  endfacet
  facet normal 0 0 1
    outer loop
      vertex -8.778467489107292 -32.25 18.381532510892704
      vertex 8.818995319452306 -31.760901823863733 18.381532510892704
      vertex 8.9394733169237 -31.285144970988675 18.381532510892704
    endloop
  endfacet
  facet normal 0 0 1
    outer loop
      vertex -8.818995319452304 -31.760901823863733 18.381532510892704
      vertex 8.9394733169237 -31.285144970988675 18.381532510892704
      vertex 9.136615155813155 -30.83570684811571 18.381532510892704
    endloop
  endfacet
  facet normal 0 0 1
    outer loop
      vertex -8.818995319452304 -31.760901823863733 18.381532510892704
      vertex 9.136615155813155 -30.83570684811571 18.381532510892704
      vertex 9.405043320666184 -30.42484695563905 18.381532510892704
    endloop
  endfacet
  facet normal 0 0 1
    outer loop
      vertex 9.737435790885602 -30.063772480393666 18.381532510892704
      vertex -8.9394733169237 -31.28514497098868 18.381532510892704
      vertex 9.405043320666184 -30.42484695563905 18.381532510892704
    endloop
  endfacet
  facet normal 0 0 1
    outer loop
      vertex -9.405043320666184 -30.42484695563905 18.381532510892704
      vertex 9.737435790885602 -30.063772480393666 18.381532510892704
      vertex 10.124725766366323 -29.762332592813344 18.381532510892704
    endloop
  endfacet
  facet normal 0 0 1
    outer loop
      vertex 10.55634898616685 -29.52874978723613 18.381532510892704
      vertex -10.124725766366323 -29.76233259281334 18.381532510892704
      vertex 10.124725766366323 -29.762332592813344 18.381532510892704
    endloop
  endfacet
  facet normal 0 0 1
    outer loop
      vertex 0 -1.9 18.381532510892704
      vertex -10.124725766366323 -29.76233259281334 18.381532510892704
      vertex 10.55634898616685 -29.52874978723613 18.381532510892704
    endloop
  endfacet
  facet normal 0 -0.9963050377189369 0.08588522466564108
    outer loop
      vertex -18.1223439850455 -36.47647232624091 17.134651697560344
      vertex 17.37181254431719 -36.496700181165025 16.9
      vertex 17.8776560149545 -36.47647232624091 17.134651697560344
    endloop
  endfacet
  facet normal 0 -0.9513663267719528 0.30806186437863725
    outer loop
      vertex -18.1223439850455 -36.47647232624091 17.134651697560344
      vertex 17.8776560149545 -36.47647232624091 17.134651697560344
      vertex 17.88963189663142 -36.33194492776085 17.58098574960932
    endloop
  endfacet
  facet normal 0 -0.8099717146138538 0.5864689433597435
    outer loop
      vertex -18.08758862275415 -36.05703747954556 17.96066017177982
      vertex 17.88963189663142 -36.33194492776085 17.58098574960932
      vertex 17.91241137724585 -36.05703747954556 17.96066017177982
    endloop
  endfacet
  facet normal 0 -0.5891013969669239 0.8080591216560944
    outer loop
      vertex -18.08758862275415 -36.05703747954556 17.96066017177982
      vertex 17.91241137724585 -36.05703747954556 17.96066017177982
      vertex 17.943764642521277 -35.67865983801917 18.23650978628255
    endloop
  endfacet
  facet normal 0 -0.30997445890081426 0.9507448841982519
    outer loop
      vertex -18.056235357478723 -35.67865983801917 18.23650978628255
      vertex 17.943764642521277 -35.67865983801917 18.23650978628255
      vertex 17.980622616401494 -35.233850243046334 18.381532510892704
    endloop
  endfacet
  facet normal 0 0 1
    outer loop
      vertex 17.980622616401494 -35.233850243046334 18.381532510892704
      vertex 11.504612790200724 -35.21138322082085 18.381532510892704
      vertex -11.504612790200724 -35.21138322082085 18.381532510892704
    endloop
  endfacet
  facet normal 0 0 1
    outer loop
      vertex 0 -1.9 18.381532510892704
      vertex 10.55634898616685 -29.52874978723613 18.381532510892704
      vertex 11.020531894008782 -29.369395593693245 18.381532510892704
    endloop
  endfacet
  facet normal 0 0 1
    outer loop
      vertex 0 -1.9 18.381532510892704
      vertex 11.020531894008782 -29.369395593693245 18.381532510892704
      vertex 11.504612790200724 -29.288616779179154 18.381532510892704
    endloop
  endfacet
  facet normal 0 0 1
    outer loop
      vertex 0 -1.9 18.381532510892704
      vertex 11.504612790200724 -29.288616779179154 18.381532510892704
      vertex 11.995387209799276 -29.288616779179154 18.381532510892704
    endloop
  endfacet
  facet normal 0 0 1
    outer loop
      vertex 0 -1.9 18.381532510892704
      vertex 11.995387209799276 -29.288616779179154 18.381532510892704
      vertex 12.479468105991218 -29.369395593693245 18.381532510892704
    endloop
  endfacet
  facet normal 0 0 1
    outer loop
      vertex 0 -1.9 18.381532510892704
      vertex 12.479468105991218 -29.369395593693245 18.381532510892704
      vertex 12.94365101383315 -29.52874978723613 18.381532510892704
    endloop
  endfacet
  facet normal 0 0 1
    outer loop
      vertex 0 -1.9 18.381532510892704
      vertex 13.375274233633677 -29.76233259281334 18.381532510892704
      vertex 13.762564209114396 -30.063772480393666 18.381532510892704
    endloop
  endfacet
  facet normal 0 0 1
    outer loop
      vertex 0 -1.9 18.381532510892704
      vertex 13.762564209114396 -30.063772480393666 18.381532510892704
      vertex 14.094956679333814 -30.42484695563905 18.381532510892704
    endloop
  endfacet
  facet normal 0 0 1
    outer loop
      vertex 0 -1.9 18.381532510892704
      vertex 14.094956679333814 -30.42484695563905 18.381532510892704
      vertex 14.363384844186847 -30.835706848115706 18.381532510892704
    endloop
  endfacet
  facet normal 0 0 1
    outer loop
      vertex 0 -1.9 18.381532510892704
      vertex 12.94365101383315 -29.52874978723613 18.381532510892704
      vertex 13.375274233633677 -29.76233259281334 18.381532510892704
    endloop
  endfacet
  facet normal 0 0 1
    outer loop
      vertex 0 -1.9 18.381532510892704
      vertex 18.234651697560345 -35 18.381532510892704
      vertex 0.4917561856947894 -1.8352590699492297 18.381532510892704
    endloop
  endfacet
  facet normal 0 0 1
    outer loop
      vertex 0.4917561856947894 -1.8352590699492297 18.381532510892704
      vertex 18.234651697560345 -35 18.381532510892704
      vertex 0.95 -1.6454482671904334 18.381532510892704
    endloop
  endfacet
  facet normal 0 0 1
    outer loop
      vertex 0.95 -1.6454482671904334 18.381532510892704
      vertex 18.234651697560345 -35 18.381532510892704
      vertex 1.3435028842544403 -1.3435028842544403 18.381532510892704
    endloop
  endfacet
  facet normal 0 0 1
    outer loop
      vertex 1.3435028842544403 -1.3435028842544403 18.381532510892704
      vertex 18.234651697560345 -35 18.381532510892704
      vertex 1.6454482671904334 -0.95 18.381532510892704
    endloop
  endfacet
  facet normal 0.039956434339659556 -0.9992014228146698 0
    outer loop
      vertex 17.37181254431719 -36.496700181165025 0.010000000000000009
      vertex 17.8776560149545 -36.47647232624091 17.134651697560344
      vertex 17.37181254431719 -36.496700181165025 16.9
    endloop
  endfacet
  facet normal 0.08257927602420886 -0.9965836548924062 -0.0012969088676490217
    outer loop
      vertex 17.37181254431719 -36.496700181165025 0
      vertex 18.363694730151426 -36.436198010057154 16.665348302439654
      vertex 17.8776560149545 -36.47647232624091 16.665348302439654
    endloop
  endfacet
  facet normal 0.03995643433965961 -0.9992014228146697 0
    outer loop
      vertex 17.37181254431719 -36.496700181165025 0
      vertex 17.8776560149545 -36.47647232624091 16.665348302439654
      vertex 17.8776560149545 -36.47647232624091 17.134651697560344
    endloop
  endfacet
  facet normal 0.40166485721635486 -0.9157036399187889 -0.012336381837725419
    outer loop
      vertex 18.303918991574527 -36.23790210000355 0
      vertex 18.81032147803126 -36.24028935457549 16.665348302439654
      vertex 18.363694730151426 -36.436198010057154 16.665348302439654
    endloop
  endfacet
  facet normal 0.6771908017213738 -0.7356253082722827 -0.016371435284422784
    outer loop
      vertex 18.706619140759113 -35.96486462403718 0
      vertex 19.16913732033319 -35.90997610245334 16.665348302439654
      vertex 18.81032147803126 -36.24028935457549 16.665348302439654
    endloop
  endfacet
  facet normal 0.8793883116653465 -0.4759011554696508 -0.013938706145939606
    outer loop
      vertex 19.29204469425965 -35.1947504785106 0
      vertex 19.401258992942356 -35.48105281989634 16.665348302439654
      vertex 19.16913732033319 -35.90997610245334 16.665348302439654
    endloop
  endfacet
  facet normal 0.9863506367292525 -0.16459281032774248 -0.004650614176015093
    outer loop
      vertex 19.447396250347694 -34.7336834904748 0
      vertex 19.481532510892706 -35 16.665348302439654
      vertex 19.401258992942356 -35.48105281989634 16.665348302439654
    endloop
  endfacet
  facet normal 0.9996969838692268 -0.02461585754693353 0
    outer loop
      vertex 19.5 -34.25 0
      vertex 19.481532510892706 -35 17.134651697560344
      vertex 19.481532510892706 -35 16.665348302439654
    endloop
  endfacet
  facet normal 0.9996969838692268 -0.024615857546933424 0
    outer loop
      vertex 19.5 -34.25 0
      vertex 19.5 -34.25 16.9
      vertex 19.481532510892706 -35 17.134651697560344
    endloop
  endfacet
  facet normal 0 0 1
    outer loop
      vertex 17.980622616401494 -35.233850243046334 18.381532510892704
      vertex 11.995387209799276 -35.21138322082085 18.381532510892704
      vertex 11.504612790200724 -35.21138322082085 18.381532510892704
    endloop
  endfacet
  facet normal 0 0 1
    outer loop
      vertex 17.980622616401494 -35.233850243046334 18.381532510892704
      vertex 12.479468105991218 -35.13060440630676 18.381532510892704
      vertex 11.995387209799276 -35.21138322082085 18.381532510892704
    endloop
  endfacet
  facet normal 0 0 1
    outer loop
      vertex 18.234651697560345 -35 18.381532510892704
      vertex 12.94365101383315 -34.97125021276386 18.381532510892704
      vertex 12.479468105991218 -35.13060440630676 18.381532510892704
    endloop
  endfacet
  facet normal 0 0 1
    outer loop
      vertex 0 -1.9 18.381532510892704
      vertex 14.363384844186847 -30.835706848115706 18.381532510892704
      vertex 18.234651697560345 -35 18.381532510892704
    endloop
  endfacet
  facet normal 0 0 1
    outer loop
      vertex 18.234651697560345 -35 18.381532510892704
      vertex 13.375274233633677 -34.73766740718666 18.381532510892704
      vertex 12.94365101383315 -34.97125021276386 18.381532510892704
    endloop
  endfacet
  facet normal 0 0 1
    outer loop
      vertex 18.234651697560345 -35 18.381532510892704
      vertex 13.762564209114398 -34.436227519606334 18.381532510892704
      vertex 13.375274233633677 -34.73766740718666 18.381532510892704
    endloop
  endfacet
  facet normal 0 0 1
    outer loop
      vertex 18.234651697560345 -35 18.381532510892704
      vertex 14.094956679333816 -34.07515304436095 18.381532510892704
      vertex 13.762564209114398 -34.436227519606334 18.381532510892704
    endloop
  endfacet
  facet normal 0 0 1
    outer loop
      vertex 18.234651697560345 -35 18.381532510892704
      vertex 14.363384844186847 -33.664293151884294 18.381532510892704
      vertex 14.094956679333816 -34.07515304436095 18.381532510892704
    endloop
  endfacet
  facet normal 0 0 1
    outer loop
      vertex 18.234651697560345 -35 18.381532510892704
      vertex 14.5605266830763 -33.214855029011325 18.381532510892704
      vertex 14.363384844186847 -33.664293151884294 18.381532510892704
    endloop
  endfacet
  facet normal 0 0 1
    outer loop
      vertex 18.234651697560345 -35 18.381532510892704
      vertex 14.681004680547696 -32.73909817613627 18.381532510892704
      vertex 14.5605266830763 -33.214855029011325 18.381532510892704
    endloop
  endfacet
  facet normal 0 0 1
    outer loop
      vertex 18.234651697560345 -35 18.381532510892704
      vertex 14.5605266830763 -31.28514497098868 18.381532510892704
      vertex 14.681004680547696 -31.760901823863733 18.381532510892704
    endloop
  endfacet
  facet normal 0 0 1
    outer loop
      vertex 18.234651697560345 -35 18.381532510892704
      vertex 14.363384844186847 -30.835706848115706 18.381532510892704
      vertex 14.5605266830763 -31.28514497098868 18.381532510892704
    endloop
  endfacet
  facet normal 0 0 1
    outer loop
      vertex 17.980622616401494 -35.233850243046334 18.381532510892704
      vertex 18.234651697560345 -35 18.381532510892704
      vertex 12.479468105991218 -35.13060440630676 18.381532510892704
    endloop
  endfacet
  facet normal 0 0 1
    outer loop
      vertex 18.234651697560345 -35 18.381532510892704
      vertex 14.721532510892708 -32.25 18.381532510892704
      vertex 14.681004680547696 -32.73909817613627 18.381532510892704
    endloop
  endfacet
  facet normal 0 0 1
    outer loop
      vertex 18.234651697560345 -35 18.381532510892704
      vertex 14.681004680547696 -31.760901823863733 18.381532510892704
      vertex 14.721532510892708 -32.25 18.381532510892704
    endloop
  endfacet
  facet normal 0.08257934547233674 -0.9965844930066694 0
    outer loop
      vertex 17.8776560149545 -36.47647232624091 16.665348302439654
      vertex 18.363694730151426 -36.436198010057154 16.665348302439654
      vertex 18.363694730151426 -36.436198010057154 17.134651697560344
    endloop
  endfacet
  facet normal 0.08257934547233674 -0.9965844930066694 0
    outer loop
      vertex 17.8776560149545 -36.47647232624091 16.665348302439654
      vertex 18.363694730151426 -36.436198010057154 17.134651697560344
      vertex 17.8776560149545 -36.47647232624091 17.134651697560344
    endloop
  endfacet
  facet normal 0.4016954246529714 -0.9157733266550566 0
    outer loop
      vertex 18.363694730151426 -36.436198010057154 16.665348302439654
      vertex 18.81032147803126 -36.24028935457549 16.665348302439654
      vertex 18.363694730151426 -36.436198010057154 17.134651697560344
    endloop
  endfacet
  facet normal 0.4016954246529714 -0.9157733266550566 0
    outer loop
      vertex 18.81032147803126 -36.24028935457549 16.665348302439654
      vertex 18.81032147803126 -36.24028935457549 17.134651697560344
      vertex 18.363694730151426 -36.436198010057154 17.134651697560344
    endloop
  endfacet
  facet normal 0.6772815716257415 -0.7357239106731313 0
    outer loop
      vertex 18.81032147803126 -36.24028935457549 16.665348302439654
      vertex 19.16913732033319 -35.90997610245334 16.665348302439654
      vertex 19.16913732033319 -35.90997610245334 17.134651697560344
    endloop
  endfacet
  facet normal 0.6772815716257415 -0.7357239106731313 0
    outer loop
      vertex 18.81032147803126 -36.24028935457549 16.665348302439654
      vertex 19.16913732033319 -35.90997610245334 17.134651697560344
      vertex 18.81032147803126 -36.24028935457549 17.134651697560344
    endloop
  endfacet
  facet normal 0.8794737512064885 -0.4759473930370745 0
    outer loop
      vertex 19.16913732033319 -35.90997610245334 16.665348302439654
      vertex 19.401258992942356 -35.48105281989634 16.665348302439654
      vertex 19.401258992942356 -35.48105281989634 17.134651697560344
    endloop
  endfacet
  facet normal 0.8794737512064885 -0.4759473930370745 0
    outer loop
      vertex 19.16913732033319 -35.90997610245334 16.665348302439654
      vertex 19.401258992942356 -35.48105281989634 17.134651697560344
      vertex 19.16913732033319 -35.90997610245334 17.134651697560344
    endloop
  endfacet
  facet normal 0.9863613034027229 -0.16459459028073076 0
    outer loop
      vertex 19.401258992942356 -35.48105281989634 16.665348302439654
      vertex 19.481532510892706 -35 16.665348302439654
      vertex 19.481532510892706 -35 17.134651697560344
    endloop
  endfacet
  facet normal 0.9863613034027229 -0.16459459028073076 0
    outer loop
      vertex 19.401258992942356 -35.48105281989634 16.665348302439654
      vertex 19.481532510892706 -35 17.134651697560344
      vertex 19.401258992942356 -35.48105281989634 17.134651697560344
    endloop
  endfacet
  facet normal 0.07863941043547495 -0.9490365481939386 0.3051974333419188
    outer loop
      vertex 17.8776560149545 -36.47647232624091 17.134651697560344
      vertex 18.363694730151426 -36.436198010057154 17.134651697560344
      vertex 18.32809375595402 -36.29561294225282 17.58098574960932
    endloop
  endfacet
  facet normal 0.07863941043547411 -0.9490365481939385 0.3051974333419195
    outer loop
      vertex 17.8776560149545 -36.47647232624091 17.134651697560344
      vertex 18.32809375595402 -36.29561294225282 17.58098574960932
      vertex 17.88963189663142 -36.33194492776085 17.58098574960932
    endloop
  endfacet
  facet normal 0.0671229625220328 -0.8100536906838912 0.5825010953737962
    outer loop
      vertex 17.88963189663142 -36.33194492776085 17.58098574960932
      vertex 18.32809375595402 -36.29561294225282 17.58098574960932
      vertex 17.91241137724585 -36.05703747954556 17.96066017177982
    endloop
  endfacet
  facet normal 0.0671229625220411 -0.8100536906838862 0.5825010953738022
    outer loop
      vertex 17.91241137724585 -36.05703747954556 17.96066017177982
      vertex 18.32809375595402 -36.29561294225282 17.58098574960932
      vertex 18.260376678960213 -36.02820425259461 17.96066017177982
    endloop
  endfacet
  facet normal 0.04897506504406431 -0.5910411385284208 0.8051532870025172
    outer loop
      vertex 17.91241137724585 -36.05703747954556 17.96066017177982
      vertex 18.260376678960213 -36.02820425259461 17.96066017177982
      vertex 17.943764642521277 -35.67865983801917 18.23650978628255
    endloop
  endfacet
  facet normal 0.04897506504405731 -0.5910411385284251 0.8051532870025145
    outer loop
      vertex 18.260376678960213 -36.02820425259461 17.96066017177982
      vertex 18.167172118478785 -35.66014776677217 18.23650978628255
      vertex 17.943764642521277 -35.67865983801917 18.23650978628255
    endloop
  endfacet
  facet normal 0.025836943715239456 -0.3118055405503325 0.9497945868563216
    outer loop
      vertex 17.943764642521277 -35.67865983801917 18.23650978628255
      vertex 18.167172118478785 -35.66014776677217 18.23650978628255
      vertex 17.980622616401494 -35.233850243046334 18.381532510892704
    endloop
  endfacet
  facet normal 0.025836943715255727 -0.31180554055032594 0.9497945868563231
    outer loop
      vertex 18.167172118478785 -35.66014776677217 18.23650978628255
      vertex 18.057603586284017 -35.22747141801811 18.381532510892704
      vertex 17.980622616401494 -35.233850243046334 18.381532510892704
    endloop
  endfacet
  facet normal 0.1256801203504718 -0.28652181440008545 0.9497945868563235
    outer loop
      vertex 18.167172118478785 -35.66014776677217 18.23650978628255
      vertex 18.128342313780934 -35.19644253526492 18.381532510892704
      vertex 18.057603586284017 -35.22747141801811 18.381532510892704
    endloop
  endfacet
  facet normal 0.1256801203504916 -0.2865218144000832 0.9497945868563213
    outer loop
      vertex 18.167172118478785 -35.66014776677217 18.23650978628255
      vertex 18.372463901456438 -35.570098441747405 18.23650978628255
      vertex 18.128342313780934 -35.19644253526492 18.381532510892704
    endloop
  endfacet
  facet normal 0 0 1
    outer loop
      vertex 17.980622616401494 -35.233850243046334 18.381532510892704
      vertex 18.057603586284017 -35.22747141801811 18.381532510892704
      vertex 18.128342313780934 -35.19644253526492 18.381532510892704
    endloop
  endfacet
  facet normal 0 0 1
    outer loop
      vertex 17.980622616401494 -35.233850243046334 18.381532510892704
      vertex 18.128342313780934 -35.19644253526492 18.381532510892704
      vertex 18.234651697560345 -35 18.381532510892704
    endloop
  endfacet
  facet normal 0 0 1
    outer loop
      vertex 18.128342313780934 -35.19644253526492 18.381532510892704
      vertex 18.2219376213469 -35.07619128164582 18.381532510892704
      vertex 18.234651697560345 -35 18.381532510892704
    endloop
  endfacet
  facet normal 0 0 1
    outer loop
      vertex 18.128342313780934 -35.19644253526492 18.381532510892704
      vertex 18.1851731601435 -35.14412605569578 18.381532510892704
      vertex 18.2219376213469 -35.07619128164582 18.381532510892704
    endloop
  endfacet
  facet normal 0.21190390581778232 -0.23018900381555707 0.9497945868563212
    outer loop
      vertex 18.128342313780934 -35.19644253526492 18.381532510892704
      vertex 18.372463901456438 -35.570098441747405 18.23650978628255
      vertex 18.1851731601435 -35.14412605569578 18.381532510892704
    endloop
  endfacet
  facet normal 0.38253017372146114 -0.8720809554589181 0.3051974333419099
    outer loop
      vertex 18.363694730151426 -36.436198010057154 17.134651697560344
      vertex 18.81032147803126 -36.24028935457549 17.134651697560344
      vertex 18.73100156591984 -36.11888119094557 17.58098574960932
    endloop
  endfacet
  facet normal 0.3825301737214527 -0.8720809554589188 0.3051974333419174
    outer loop
      vertex 18.363694730151426 -36.436198010057154 17.134651697560344
      vertex 18.73100156591984 -36.11888119094557 17.58098574960932
      vertex 18.32809375595402 -36.29561294225282 17.58098574960932
    endloop
  endfacet
  facet normal 0.3265100586597097 -0.7443679570497069 0.5825010953738015
    outer loop
      vertex 18.32809375595402 -36.29561294225282 17.58098574960932
      vertex 18.73100156591984 -36.11888119094557 17.58098574960932
      vertex 18.58012612734879 -35.88794914064224 17.96066017177982
    endloop
  endfacet
  facet normal 0.5505147236160626 -0.5980184052102855 0.5825010953738001
    outer loop
      vertex 18.73100156591984 -36.11888119094557 17.58098574960932
      vertex 19.05469401356028 -35.82090130136889 17.58098574960932
      vertex 18.58012612734879 -35.88794914064224 17.96066017177982
    endloop
  endfacet
  facet normal 0.6449678571175195 -0.7006218594696749 0.30519743334191074
    outer loop
      vertex 18.81032147803126 -36.24028935457549 17.134651697560344
      vertex 19.16913732033319 -35.90997610245334 17.134651697560344
      vertex 18.73100156591984 -36.11888119094557 17.58098574960932
    endloop
  endfacet
  facet normal 0.8375132654874609 -0.45323951373863747 0.305197433341916
    outer loop
      vertex 19.16913732033319 -35.90997610245334 17.134651697560344
      vertex 19.401258992942356 -35.48105281989634 17.134651697560344
      vertex 19.05469401356028 -35.82090130136889 17.58098574960932
    endloop
  endfacet
  facet normal 0.6449678571175231 -0.7006218594696687 0.3051974333419173
    outer loop
      vertex 18.73100156591984 -36.11888119094557 17.58098574960932
      vertex 19.16913732033319 -35.90997610245334 17.134651697560344
      vertex 19.05469401356028 -35.82090130136889 17.58098574960932
    endloop
  endfacet
  facet normal 0.7148625761525432 -0.3868642799547123 0.5825010953737951
    outer loop
      vertex 19.05469401356028 -35.82090130136889 17.58098574960932
      vertex 19.264093999567667 -35.43396401819281 17.58098574960932
      vertex 19.003190678054512 -35.34439579478346 17.96066017177982
    endloop
  endfacet
  facet normal 0.8375132654874614 -0.45323951373863497 0.30519743334191846
    outer loop
      vertex 19.401258992942356 -35.48105281989634 17.134651697560344
      vertex 19.264093999567667 -35.43396401819281 17.58098574960932
      vertex 19.05469401356028 -35.82090130136889 17.58098574960932
    endloop
  endfacet
  facet normal 0.9393011161845665 -0.15674163395835122 0.30519743334191685
    outer loop
      vertex 19.401258992942356 -35.48105281989634 17.134651697560344
      vertex 19.481532510892706 -35 17.134651697560344
      vertex 19.33650978628255 -35 17.58098574960932
    endloop
  endfacet
  facet normal 0.9393011161845645 -0.15674163395835533 0.305197433341921
    outer loop
      vertex 19.401258992942356 -35.48105281989634 17.134651697560344
      vertex 19.33650978628255 -35 17.58098574960932
      vertex 19.264093999567667 -35.43396401819281 17.58098574960932
    endloop
  endfacet
  facet normal 0.8017439763271548 -0.13378740714824702 0.5825010953737958
    outer loop
      vertex 19.264093999567667 -35.43396401819281 17.58098574960932
      vertex 19.33650978628255 -35 17.58098574960932
      vertex 19.003190678054512 -35.34439579478346 17.96066017177982
    endloop
  endfacet
  facet normal 0.32651005865970917 -0.744367957049707 0.5825010953738018
    outer loop
      vertex 18.260376678960213 -36.02820425259461 17.96066017177982
      vertex 18.32809375595402 -36.29561294225282 17.58098574960932
      vertex 18.58012612734879 -35.88794914064224 17.96066017177982
    endloop
  endfacet
  facet normal 0.23823220489038577 -0.5431147217504887 0.8051532870025153
    outer loop
      vertex 18.260376678960213 -36.02820425259461 17.96066017177982
      vertex 18.58012612734879 -35.88794914064224 17.96066017177982
      vertex 18.167172118478785 -35.66014776677217 18.23650978628255
    endloop
  endfacet
  facet normal 0.5505147236160587 -0.5980184052102958 0.5825010953737934
    outer loop
      vertex 19.05469401356028 -35.82090130136889 17.58098574960932
      vertex 18.837009908254796 -35.651470961350775 17.96066017177982
      vertex 18.58012612734879 -35.88794914064224 17.96066017177982
    endloop
  endfacet
  facet normal 0.40167318878331876 -0.4363333975776837 0.8051532870025156
    outer loop
      vertex 18.58012612734879 -35.88794914064224 17.96066017177982
      vertex 18.837009908254796 -35.651470961350775 17.96066017177982
      vertex 18.372463901456438 -35.570098441747405 18.23650978628255
    endloop
  endfacet
  facet normal 0.5215866500698858 -0.28226857936709027 0.805153287002518
    outer loop
      vertex 18.837009908254796 -35.651470961350775 17.96066017177982
      vertex 19.003190678054512 -35.34439579478346 17.96066017177982
      vertex 18.537393441338384 -35.418270104570546 18.23650978628255
    endloop
  endfacet
  facet normal 0.2382322048903845 -0.5431147217504899 0.8051532870025147
    outer loop
      vertex 18.167172118478785 -35.66014776677217 18.23650978628255
      vertex 18.58012612734879 -35.88794914064224 17.96066017177982
      vertex 18.372463901456438 -35.570098441747405 18.23650978628255
    endloop
  endfacet
  facet normal 0.40167318878332264 -0.43633339757767375 0.805153287002519
    outer loop
      vertex 18.837009908254796 -35.651470961350775 17.96066017177982
      vertex 18.537393441338384 -35.418270104570546 18.23650978628255
      vertex 18.372463901456438 -35.570098441747405 18.23650978628255
    endloop
  endfacet
  facet normal 0.21190390581778054 -0.23018900381555787 0.9497945868563215
    outer loop
      vertex 18.1851731601435 -35.14412605569578 18.381532510892704
      vertex 18.372463901456438 -35.570098441747405 18.23650978628255
      vertex 18.537393441338384 -35.418270104570546 18.23650978628255
    endloop
  endfacet
  facet normal 0.27516461506182827 -0.14891164291721512 0.9497945868563222
    outer loop
      vertex 18.1851731601435 -35.14412605569578 18.381532510892704
      vertex 18.644088063332926 -35.2211157114341 18.23650978628255
      vertex 18.2219376213469 -35.07619128164582 18.381532510892704
    endloop
  endfacet
  facet normal 0.30860696864501264 -0.05149739490657708 0.9497945868563225
    outer loop
      vertex 18.2219376213469 -35.07619128164582 18.381532510892704
      vertex 18.68098574960932 -35 18.23650978628255
      vertex 18.234651697560345 -35 18.381532510892704
    endloop
  endfacet
  facet normal 0.27516461506182727 -0.1489116429172203 0.9497945868563217
    outer loop
      vertex 18.1851731601435 -35.14412605569578 18.381532510892704
      vertex 18.537393441338384 -35.418270104570546 18.23650978628255
      vertex 18.644088063332926 -35.2211157114341 18.23650978628255
    endloop
  endfacet
  facet normal 0.30860696864501386 -0.0514973949065856 0.9497945868563216
    outer loop
      vertex 18.2219376213469 -35.07619128164582 18.381532510892704
      vertex 18.644088063332926 -35.2211157114341 18.23650978628255
      vertex 18.68098574960932 -35 18.23650978628255
    endloop
  endfacet
  facet normal 0.5215866500698857 -0.28226857936709643 0.805153287002516
    outer loop
      vertex 18.537393441338384 -35.418270104570546 18.23650978628255
      vertex 19.003190678054512 -35.34439579478346 17.96066017177982
      vertex 18.644088063332926 -35.2211157114341 18.23650978628255
    endloop
  endfacet
  facet normal 0.5849781045706305 -0.09761558073379695 0.8051532870025161
    outer loop
      vertex 18.644088063332926 -35.2211157114341 18.23650978628255
      vertex 19.003190678054512 -35.34439579478346 17.96066017177982
      vertex 18.68098574960932 -35 18.23650978628255
    endloop
  endfacet
  facet normal 0.7148625761525433 -0.3868642799547122 0.582501095373795
    outer loop
      vertex 19.05469401356028 -35.82090130136889 17.58098574960932
      vertex 19.003190678054512 -35.34439579478346 17.96066017177982
      vertex 18.837009908254796 -35.651470961350775 17.96066017177982
    endloop
  endfacet
  facet normal 0.801743976327155 -0.13378740714824777 0.5825010953737954
    outer loop
      vertex 19.33650978628255 -35 17.58098574960932
      vertex 19.060660171779823 -35 17.96066017177982
      vertex 19.003190678054512 -35.34439579478346 17.96066017177982
    endloop
  endfacet
  facet normal 0.5849781045706286 -0.09761558073379968 0.8051532870025172
    outer loop
      vertex 18.68098574960932 -35 18.23650978628255
      vertex 19.003190678054512 -35.34439579478346 17.96066017177982
      vertex 19.060660171779823 -35 17.96066017177982
    endloop
  endfacet
  facet normal 1 0 0
    outer loop
      vertex 19.5 -34.25 0
      vertex 19.5 34.25 16.9
      vertex 19.5 -34.25 16.9
    endloop
  endfacet
  facet normal 0 0 1
    outer loop
      vertex 1.6454482671904334 -0.95 18.381532510892704
      vertex 18.234651697560345 -35 18.381532510892704
      vertex 18.2219376213469 35.07619128164582 18.381532510892704
    endloop
  endfacet
  facet normal 0.9969173337331276 0 0.07845909572784979
    outer loop
      vertex 19.5 -34.25 16.9
      vertex 19.5 34.25 16.9
      vertex 19.481532510892706 -35 17.134651697560344
    endloop
  endfacet
  facet normal 0.9510565162951544 0 0.3090169943749453
    outer loop
      vertex 19.481532510892706 -35 17.134651697560344
      vertex 19.33650978628255 35 17.58098574960932
      vertex 19.33650978628255 -35 17.58098574960932
    endloop
  endfacet
  facet normal 0.8090169943749503 0 0.587785252292469
    outer loop
      vertex 19.33650978628255 -35 17.58098574960932
      vertex 19.33650978628255 35 17.58098574960932
      vertex 19.060660171779823 -35 17.96066017177982
    endloop
  endfacet
  facet normal 0.3090169943749453 0 0.9510565162951544
    outer loop
      vertex 18.234651697560345 -35 18.381532510892704
      vertex 18.68098574960932 -35 18.23650978628255
      vertex 18.234651697560345 35 18.381532510892704
    endloop
  endfacet
  facet normal 0.587785252292469 0 0.8090169943749503
    outer loop
      vertex 18.68098574960932 -35 18.23650978628255
      vertex 19.060660171779823 -35 17.96066017177982
      vertex 19.060660171779823 35 17.96066017177982
    endloop
  endfacet
  facet normal 0 0 -1
    outer loop
      vertex -10.707854060526788 34.89670018116503 0
      vertex 10.775242591521843 34.92812396923984 0
      vertex 10.707854060526788 34.89670018116503 0
    endloop
  endfacet
  facet normal 0 0 -1
    outer loop
      vertex -10.707854060526788 34.89670018116503 0
      vertex 11.255102693649249 35.05670209608479 0
      vertex 10.775242591521843 34.92812396923984 0
    endloop
  endfacet
  facet normal 0 0 -1
    outer loop
      vertex -10.707854060526788 34.89670018116503 0
      vertex 11.75 35.1 0
      vertex 11.255102693649249 35.05670209608479 0
    endloop
  endfacet
  facet normal 0 0 -1
    outer loop
      vertex -10.707854060526788 34.89670018116503 0
      vertex 17.40391899157453 35.337902100003554 0
      vertex 11.75 35.1 0
    endloop
  endfacet
  facet normal 0 0 -1
    outer loop
      vertex -11.75 35.1 0
      vertex 16.471812544317192 35.59670018116503 0
      vertex 17.40391899157453 35.337902100003554 0
    endloop
  endfacet
  facet normal 0 1 0
    outer loop
      vertex -17.12818745568281 36.496700181165025 0.010000000000000009
      vertex 17.37181254431719 36.496700181165025 16.9
      vertex 17.37181254431719 36.496700181165025 0.010000000000000009
    endloop
  endfacet
  facet normal 0 0 -1
    outer loop
      vertex 18.6 -33.35 0
      vertex 17.9 32.65 0
      vertex 18.6 33.35 0
    endloop
  endfacet
  facet normal 1 0 0
    outer loop
      vertex 19.5 -34.25 0
      vertex 19.5 34.25 0
      vertex 19.5 34.25 16.9
    endloop
  endfacet
  facet normal 0 0 -1
    outer loop
      vertex 12.244897306350751 35.05670209608479 0
      vertex 15.771812544317187 34.89670018116503 0
      vertex 12.724757408478157 34.92812396923984 0
    endloop
  endfacet
  facet normal 0 0 -1
    outer loop
      vertex 12.724757408478157 34.92812396923984 0
      vertex 15.771812544317187 34.89670018116503 0
      vertex 12.792145939473212 34.89670018116503 0
    endloop
  endfacet
  facet normal 0 0 -1
    outer loop
      vertex 11.75 35.1 0
      vertex 17.40391899157453 35.337902100003554 0
      vertex 12.244897306350751 35.05670209608479 0
    endloop
  endfacet
  facet normal 0 0 -1
    outer loop
      vertex 12.244897306350751 35.05670209608479 0
      vertex 17.40391899157453 35.337902100003554 0
      vertex 15.771812544317187 34.89670018116503 0
    endloop
  endfacet
  facet normal 0 0 -1
    outer loop
      vertex 15.771812544317187 34.89670018116503 0
      vertex 17.806619140759114 35.064864624037185 0
      vertex 15.772157468597339 34.896686388205936 0
    endloop
  endfacet
  facet normal 0 0 -1
    outer loop
      vertex 15.772488888421247 34.89665892597636 0
      vertex 15.772157468597339 34.896686388205936 0
      vertex 17.806619140759114 35.064864624037185 0
    endloop
  endfacet
  facet normal 0 0 -1
    outer loop
      vertex 15.772488888421247 34.89665892597636 0
      vertex 17.806619140759114 35.064864624037185 0
      vertex 16.252287717581808 34.81799990055276 0
    endloop
  endfacet
  facet normal 0 0 -1
    outer loop
      vertex 16.252287717581808 34.81799990055276 0
      vertex 18.1412093978377 34.711641984185974 0
      vertex 16.70395975142376 34.63803731391458 0
    endloop
  endfacet
  facet normal 0 0 -1
    outer loop
      vertex 15.771812544317187 34.89670018116503 0
      vertex 17.40391899157453 35.337902100003554 0
      vertex 17.806619140759114 35.064864624037185 0
    endloop
  endfacet
  facet normal 0 0 -1
    outer loop
      vertex 16.471812544317192 35.59670018116503 0
      vertex 16.951938761690748 35.517987483168255 0
      vertex 17.40391899157453 35.337902100003554 0
    endloop
  endfacet
  facet normal 0 0 -1
    outer loop
      vertex 17.9 32.65 0
      vertex 17.89998740739822 32.65051140960619 0
      vertex 18.6 33.35 0
    endloop
  endfacet
  facet normal 0 0 -1
    outer loop
      vertex 17.69211916524829 33.5949457022008 0
      vertex 17.691960886244054 33.59523817618349 0
      vertex 18.392044694259653 34.29475047851059 0
    endloop
  endfacet
  facet normal 0 0 -1
    outer loop
      vertex 17.441296629262315 34.011845412097884 0
      vertex 18.392044694259653 34.29475047851059 0
      vertex 17.691960886244054 33.59523817618349 0
    endloop
  endfacet
  facet normal 0 0 -1
    outer loop
      vertex 17.89998740739822 32.65051140960619 0
      vertex 17.847419527163108 33.13386508623648 0
      vertex 18.547396250347695 33.833683490474805 0
    endloop
  endfacet
  facet normal 0 0 -1
    outer loop
      vertex 17.69211916524829 33.5949457022008 0
      vertex 18.547396250347695 33.833683490474805 0
      vertex 17.84736479029884 33.13419310628072 0
    endloop
  endfacet
  facet normal 0 0 -1
    outer loop
      vertex 17.847419527163108 33.13386508623648 0
      vertex 17.84736479029884 33.13419310628072 0
      vertex 18.547396250347695 33.833683490474805 0
    endloop
  endfacet
  facet normal 0 0 -1
    outer loop
      vertex 17.69211916524829 33.5949457022008 0
      vertex 18.392044694259653 34.29475047851059 0
      vertex 18.547396250347695 33.833683490474805 0
    endloop
  endfacet
  facet normal 0 0 -1
    outer loop
      vertex 16.70426429703609 34.63790372782344 0
      vertex 16.70395975142376 34.63803731391458 0
      vertex 18.1412093978377 34.711641984185974 0
    endloop
  endfacet
  facet normal 0 0 -1
    outer loop
      vertex 16.70426429703609 34.63790372782344 0
      vertex 18.1412093978377 34.711641984185974 0
      vertex 17.106689853254398 34.36505243050782 0
    endloop
  endfacet
  facet normal 0 0 -1
    outer loop
      vertex 17.10693452241254 34.364827196680906 0
      vertex 17.106689853254398 34.36505243050782 0
      vertex 18.1412093978377 34.711641984185974 0
    endloop
  endfacet
  facet normal 0 0 -1
    outer loop
      vertex 17.441296629262315 34.011845412097884 0
      vertex 17.10693452241254 34.364827196680906 0
      vertex 18.1412093978377 34.711641984185974 0
    endloop
  endfacet
  facet normal 0 0 -1
    outer loop
      vertex 16.252287717581808 34.81799990055276 0
      vertex 17.806619140759114 35.064864624037185 0
      vertex 18.1412093978377 34.711641984185974 0
    endloop
  endfacet
  facet normal 0 0 -1
    outer loop
      vertex 17.441296629262315 34.011845412097884 0
      vertex 18.1412093978377 34.711641984185974 0
      vertex 18.392044694259653 34.29475047851059 0
    endloop
  endfacet
  facet normal 0 0 -1
    outer loop
      vertex 17.89998740739822 32.65051140960619 0
      vertex 18.547396250347695 33.833683490474805 0
      vertex 18.6 33.35 0
    endloop
  endfacet
  facet normal 0.03995643433965955 0.9992014228146697 0
    outer loop
      vertex 17.37181254431719 36.496700181165025 0
      vertex 17.37181254431719 36.496700181165025 0.010000000000000009
      vertex 17.8776560149545 36.47647232624091 16.665348302439654
    endloop
  endfacet
  facet normal 0.1617790394509694 0.9868084850186136 -0.006046179751715434
    outer loop
      vertex 17.37181254431719 36.496700181165025 0
      vertex 18.363694730151426 36.436198010057154 16.665348302439654
      vertex 17.851938761690747 36.417987483168254 0
    endloop
  endfacet
  facet normal 0.37010978844836934 0.9289055242875478 -0.012380284438534978
    outer loop
      vertex 17.851938761690747 36.417987483168254 0
      vertex 18.363694730151426 36.436198010057154 16.665348302439654
      vertex 18.303918991574527 36.23790210000355 0
    endloop
  endfacet
  facet normal 0.5611043515437059 0.8275670044012661 -0.017168573179858454
    outer loop
      vertex 18.303918991574527 36.23790210000355 0
      vertex 18.81032147803126 36.24028935457549 16.665348302439654
      vertex 18.706619140759113 35.96486462403718 0
    endloop
  endfacet
  facet normal 0.994130914534081 0.10811825249283138 -0.0037640729972056868
    outer loop
      vertex 19.5 34.25 0
      vertex 19.447396250347694 34.7336834904748 0
      vertex 19.481532510892706 35 16.665348302439654
    endloop
  endfacet
  facet normal 0.9475883626211534 0.31927969358910163 -0.011694968431383738
    outer loop
      vertex 19.447396250347694 34.7336834904748 0
      vertex 19.29204469425965 35.19475047851059 0
      vertex 19.401258992942356 35.48105281989634 16.665348302439654
    endloop
  endfacet
  facet normal 0.7258794224353413 0.6875895119944782 -0.01788091385053865
    outer loop
      vertex 18.706619140759113 35.96486462403718 0
      vertex 19.16913732033319 35.90997610245334 16.665348302439654
      vertex 19.041209397837697 35.61164198418597 0
    endloop
  endfacet
  facet normal 0.8567501533122159 0.5154894636614694 -0.015804671888551603
    outer loop
      vertex 19.29204469425965 35.19475047851059 0
      vertex 19.041209397837697 35.61164198418597 0
      vertex 19.16913732033319 35.90997610245334 16.665348302439654
    endloop
  endfacet
  facet normal 0 0 1
    outer loop
      vertex 1.6454482671904334 -0.95 18.381532510892704
      vertex 18.2219376213469 35.07619128164582 18.381532510892704
      vertex 1.8352590699492297 -0.4917561856947894 18.381532510892704
    endloop
  endfacet
  facet normal 0 0 1
    outer loop
      vertex 0.4917561856947894 1.8352590699492297 18.381532510892704
      vertex 0.95 1.6454482671904334 18.381532510892704
      vertex 18.2219376213469 35.07619128164582 18.381532510892704
    endloop
  endfacet
  facet normal 0 0 1
    outer loop
      vertex 1.6454482671904334 0.95 18.381532510892704
      vertex 18.2219376213469 35.07619128164582 18.381532510892704
      vertex 1.3435028842544403 1.3435028842544403 18.381532510892704
    endloop
  endfacet
  facet normal 0 0 1
    outer loop
      vertex 1.6454482671904334 0.95 18.381532510892704
      vertex 1.8352590699492297 0.4917561856947894 18.381532510892704
      vertex 18.2219376213469 35.07619128164582 18.381532510892704
    endloop
  endfacet
  facet normal 0 0 1
    outer loop
      vertex 0.95 1.6454482671904334 18.381532510892704
      vertex 1.3435028842544403 1.3435028842544403 18.381532510892704
      vertex 18.2219376213469 35.07619128164582 18.381532510892704
    endloop
  endfacet
  facet normal 0 0 1
    outer loop
      vertex 1.8352590699492297 -0.4917561856947894 18.381532510892704
      vertex 18.2219376213469 35.07619128164582 18.381532510892704
      vertex 1.9 0 18.381532510892704
    endloop
  endfacet
  facet normal 0 0 1
    outer loop
      vertex 1.9 0 18.381532510892704
      vertex 18.2219376213469 35.07619128164582 18.381532510892704
      vertex 1.8352590699492297 0.4917561856947894 18.381532510892704
    endloop
  endfacet
  facet normal 0 0 1
    outer loop
      vertex 0.4917561856947894 1.8352590699492297 18.381532510892704
      vertex 10.124725766366323 29.762332592813344 18.381532510892704
      vertex -10.55634898616685 29.52874978723613 18.381532510892704
    endloop
  endfacet
  facet normal 0 0 1
    outer loop
      vertex -18.094258513297042 35.214887765680096 18.381532510892704
      vertex 11.504612790200722 35.21138322082084 18.381532510892704
      vertex 11.995387209799276 35.21138322082084 18.381532510892704
    endloop
  endfacet
  facet normal 0 0 1
    outer loop
      vertex -10.124725766366325 29.76233259281334 18.381532510892704
      vertex 9.737435790885602 30.063772480393666 18.381532510892704
      vertex 9.405043320666184 30.42484695563905 18.381532510892704
    endloop
  endfacet
  facet normal 0 0 1
    outer loop
      vertex 8.9394733169237 31.28514497098868 18.381532510892704
      vertex -9.737435790885602 30.063772480393666 18.381532510892704
      vertex 9.136615155813155 30.835706848115706 18.381532510892704
    endloop
  endfacet
  facet normal 0 0 1
    outer loop
      vertex 9.136615155813155 30.835706848115706 18.381532510892704
      vertex -9.737435790885602 30.063772480393666 18.381532510892704
      vertex 9.405043320666184 30.42484695563905 18.381532510892704
    endloop
  endfacet
  facet normal 0 0 1
    outer loop
      vertex 8.818995319452304 31.760901823863733 18.381532510892704
      vertex -9.405043320666184 30.42484695563905 18.381532510892704
      vertex 8.9394733169237 31.28514497098868 18.381532510892704
    endloop
  endfacet
  facet normal 0 0 1
    outer loop
      vertex 8.778467489107292 32.25 18.381532510892704
      vertex -8.9394733169237 31.285144970988675 18.381532510892704
      vertex 8.818995319452304 31.760901823863733 18.381532510892704
    endloop
  endfacet
  facet normal 0 0 1
    outer loop
      vertex -10.124725766366325 29.76233259281334 18.381532510892704
      vertex 10.124725766366323 29.762332592813344 18.381532510892704
      vertex 9.737435790885602 30.063772480393666 18.381532510892704
    endloop
  endfacet
  facet normal 0 0 1
    outer loop
      vertex -8.778467489107292 32.25 18.381532510892704
      vertex 8.778467489107292 32.25 18.381532510892704
      vertex 8.818995319452304 32.73909817613627 18.381532510892704
    endloop
  endfacet
  facet normal 0 0 1
    outer loop
      vertex -8.778467489107292 32.25 18.381532510892704
      vertex 8.818995319452304 32.73909817613627 18.381532510892704
      vertex 8.9394733169237 33.21485502901132 18.381532510892704
    endloop
  endfacet
  facet normal 0 0 1
    outer loop
      vertex -8.818995319452304 32.73909817613627 18.381532510892704
      vertex 8.9394733169237 33.21485502901132 18.381532510892704
      vertex 9.136615155813155 33.6642931518843 18.381532510892704
    endloop
  endfacet
  facet normal 0 0 1
    outer loop
      vertex -8.818995319452304 32.73909817613627 18.381532510892704
      vertex 9.136615155813155 33.6642931518843 18.381532510892704
      vertex 9.405043320666184 34.07515304436095 18.381532510892704
    endloop
  endfacet
  facet normal 0 0 1
    outer loop
      vertex -8.9394733169237 33.214855029011325 18.381532510892704
      vertex 9.405043320666184 34.07515304436095 18.381532510892704
      vertex 9.737435790885602 34.436227519606334 18.381532510892704
    endloop
  endfacet
  facet normal 0 0 1
    outer loop
      vertex -9.737435790885602 34.436227519606334 18.381532510892704
      vertex 9.737435790885602 34.436227519606334 18.381532510892704
      vertex 10.124725766366323 34.73766740718666 18.381532510892704
    endloop
  endfacet
  facet normal 0 0 1
    outer loop
      vertex -10.124725766366323 34.737667407186656 18.381532510892704
      vertex 10.124725766366323 34.73766740718666 18.381532510892704
      vertex 10.55634898616685 34.97125021276387 18.381532510892704
    endloop
  endfacet
  facet normal 0 0 1
    outer loop
      vertex -10.124725766366323 34.737667407186656 18.381532510892704
      vertex 10.55634898616685 34.97125021276387 18.381532510892704
      vertex 11.020531894008782 35.13060440630675 18.381532510892704
    endloop
  endfacet
  facet normal 0 0 1
    outer loop
      vertex -11.020531894008782 35.13060440630675 18.381532510892704
      vertex 11.020531894008782 35.13060440630675 18.381532510892704
      vertex 11.504612790200722 35.21138322082084 18.381532510892704
    endloop
  endfacet
  facet normal 0 0 1
    outer loop
      vertex -18.094258513297042 35.214887765680096 18.381532510892704
      vertex 11.995387209799276 35.21138322082084 18.381532510892704
      vertex 17.980622616401494 35.233850243046334 18.381532510892704
    endloop
  endfacet
  facet normal 0 0 1
    outer loop
      vertex 0.4917561856947894 1.8352590699492297 18.381532510892704
      vertex 10.55634898616685 29.52874978723613 18.381532510892704
      vertex 10.124725766366323 29.762332592813344 18.381532510892704
    endloop
  endfacet
  facet normal 0 0 1
    outer loop
      vertex 0.4917561856947894 1.8352590699492297 18.381532510892704
      vertex 11.020531894008782 29.369395593693245 18.381532510892704
      vertex 10.55634898616685 29.52874978723613 18.381532510892704
    endloop
  endfacet
  facet normal 0 0 1
    outer loop
      vertex 0.4917561856947894 1.8352590699492297 18.381532510892704
      vertex 11.504612790200724 29.288616779179154 18.381532510892704
      vertex 11.020531894008782 29.369395593693245 18.381532510892704
    endloop
  endfacet
  facet normal 0 0 1
    outer loop
      vertex 0.4917561856947894 1.8352590699492297 18.381532510892704
      vertex 11.995387209799276 29.288616779179154 18.381532510892704
      vertex 11.504612790200724 29.288616779179154 18.381532510892704
    endloop
  endfacet
  facet normal 0 0 1
    outer loop
      vertex 0.4917561856947894 1.8352590699492297 18.381532510892704
      vertex 12.479468105991218 29.369395593693245 18.381532510892704
      vertex 11.995387209799276 29.288616779179154 18.381532510892704
    endloop
  endfacet
  facet normal 0 0 1
    outer loop
      vertex 0.4917561856947894 1.8352590699492297 18.381532510892704
      vertex 12.94365101383315 29.52874978723613 18.381532510892704
      vertex 12.479468105991218 29.369395593693245 18.381532510892704
    endloop
  endfacet
  facet normal 0 0 1
    outer loop
      vertex 0.4917561856947894 1.8352590699492297 18.381532510892704
      vertex 13.375274233633675 29.76233259281334 18.381532510892704
      vertex 12.94365101383315 29.52874978723613 18.381532510892704
    endloop
  endfacet
  facet normal 0 0 1
    outer loop
      vertex 0.4917561856947894 1.8352590699492297 18.381532510892704
      vertex 13.762564209114398 30.063772480393666 18.381532510892704
      vertex 13.375274233633675 29.76233259281334 18.381532510892704
    endloop
  endfacet
  facet normal 0 0 1
    outer loop
      vertex 0.4917561856947894 1.8352590699492297 18.381532510892704
      vertex 14.094956679333816 30.42484695563905 18.381532510892704
      vertex 13.762564209114398 30.063772480393666 18.381532510892704
    endloop
  endfacet
  facet normal 0 0 1
    outer loop
      vertex 0.4917561856947894 1.8352590699492297 18.381532510892704
      vertex 14.363384844186845 30.835706848115706 18.381532510892704
      vertex 14.094956679333816 30.42484695563905 18.381532510892704
    endloop
  endfacet
  facet normal 0 0.9963050377189369 0.08588522466564108
    outer loop
      vertex -18.1223439850455 36.47647232624091 17.134651697560344
      vertex 17.8776560149545 36.47647232624091 17.134651697560344
      vertex 17.37181254431719 36.496700181165025 16.9
    endloop
  endfacet
  facet normal 0 0.9513663267719528 0.30806186437863725
    outer loop
      vertex -18.1223439850455 36.47647232624091 17.134651697560344
      vertex 17.88963189663142 36.33194492776085 17.58098574960932
      vertex 17.8776560149545 36.47647232624091 17.134651697560344
    endloop
  endfacet
  facet normal 0 0.8099717146138538 0.5864689433597435
    outer loop
      vertex -18.11036810336858 36.33194492776085 17.58098574960932
      vertex 17.91241137724585 36.05703747954556 17.96066017177982
      vertex 17.88963189663142 36.33194492776085 17.58098574960932
    endloop
  endfacet
  facet normal 0 0.5891013969669239 0.8080591216560944
    outer loop
      vertex -18.08758862275415 36.05703747954556 17.96066017177982
      vertex 17.943764642521277 35.67865983801917 18.23650978628255
      vertex 17.91241137724585 36.05703747954556 17.96066017177982
    endloop
  endfacet
  facet normal 0 0.30997445890081426 0.9507448841982519
    outer loop
      vertex -18.056235357478723 35.67865983801917 18.23650978628255
      vertex 17.980622616401494 35.233850243046334 18.381532510892704
      vertex 17.943764642521277 35.67865983801917 18.23650978628255
    endloop
  endfacet
  facet normal 0.9969173337331275 0 0.07845909572784979
    outer loop
      vertex 19.481532510892706 -35 17.134651697560344
      vertex 19.5 34.25 16.9
      vertex 19.481532510892706 35 17.134651697560344
    endloop
  endfacet
  facet normal 0 0 1
    outer loop
      vertex 18.234651697560345 -35 18.381532510892704
      vertex 18.234651697560345 35 18.381532510892704
      vertex 18.2219376213469 35.07619128164582 18.381532510892704
    endloop
  endfacet
  facet normal 0.9510565162951544 0 0.3090169943749453
    outer loop
      vertex 19.481532510892706 -35 17.134651697560344
      vertex 19.481532510892706 35 17.134651697560344
      vertex 19.33650978628255 35 17.58098574960932
    endloop
  endfacet
  facet normal 0.3090169943749453 0 0.9510565162951544
    outer loop
      vertex 18.68098574960932 -35 18.23650978628255
      vertex 18.68098574960932 35 18.23650978628255
      vertex 18.234651697560345 35 18.381532510892704
    endloop
  endfacet
  facet normal 0.587785252292469 0 0.8090169943749503
    outer loop
      vertex 18.68098574960932 -35 18.23650978628255
      vertex 19.060660171779823 35 17.96066017177982
      vertex 18.68098574960932 35 18.23650978628255
    endloop
  endfacet
  facet normal 0.8090169943749503 0 0.587785252292469
    outer loop
      vertex 19.060660171779823 -35 17.96066017177982
      vertex 19.33650978628255 35 17.58098574960932
      vertex 19.060660171779823 35 17.96066017177982
    endloop
  endfacet
  facet normal 0.039956434339659556 0.9992014228146698 0
    outer loop
      vertex 17.37181254431719 36.496700181165025 0.010000000000000009
      vertex 17.37181254431719 36.496700181165025 16.9
      vertex 17.8776560149545 36.47647232624091 16.665348302439654
    endloop
  endfacet
  facet normal 0.08257927602420886 0.9965836548924062 -0.0012969088676490217
    outer loop
      vertex 17.37181254431719 36.496700181165025 0
      vertex 17.8776560149545 36.47647232624091 16.665348302439654
      vertex 18.363694730151426 36.436198010057154 16.665348302439654
    endloop
  endfacet
  facet normal 0.40166485721635486 0.9157036399187889 -0.012336381837725419
    outer loop
      vertex 18.303918991574527 36.23790210000355 0
      vertex 18.363694730151426 36.436198010057154 16.665348302439654
      vertex 18.81032147803126 36.24028935457549 16.665348302439654
    endloop
  endfacet
  facet normal 0.9996969838692268 0.024615857546933424 0
    outer loop
      vertex 19.5 34.25 0
      vertex 19.481532510892706 35 17.134651697560344
      vertex 19.5 34.25 16.9
    endloop
  endfacet
  facet normal 0.9996969838692268 0.02461585754693353 0
    outer loop
      vertex 19.5 34.25 0
      vertex 19.481532510892706 35 16.665348302439654
      vertex 19.481532510892706 35 17.134651697560344
    endloop
  endfacet
  facet normal 0.9863506367292525 0.16459281032774248 -0.004650614176015093
    outer loop
      vertex 19.447396250347694 34.7336834904748 0
      vertex 19.401258992942356 35.48105281989634 16.665348302439654
      vertex 19.481532510892706 35 16.665348302439654
    endloop
  endfacet
  facet normal 0.6771908017213738 0.7356253082722827 -0.016371435284422784
    outer loop
      vertex 18.706619140759113 35.96486462403718 0
      vertex 18.81032147803126 36.24028935457549 16.665348302439654
      vertex 19.16913732033319 35.90997610245334 16.665348302439654
    endloop
  endfacet
  facet normal 0.8793883116653465 0.4759011554696508 -0.013938706145939807
    outer loop
      vertex 19.29204469425965 35.19475047851059 0
      vertex 19.16913732033319 35.90997610245334 16.665348302439654
      vertex 19.401258992942356 35.48105281989634 16.665348302439654
    endloop
  endfacet
  facet normal 0 0 1
    outer loop
      vertex 0.4917561856947894 1.8352590699492297 18.381532510892704
      vertex 18.2219376213469 35.07619128164582 18.381532510892704
      vertex 14.363384844186845 30.835706848115706 18.381532510892704
    endloop
  endfacet
  facet normal 0 0 1
    outer loop
      vertex 17.980622616401494 35.233850243046334 18.381532510892704
      vertex 11.995387209799276 35.21138322082084 18.381532510892704
      vertex 12.479468105991218 35.13060440630676 18.381532510892704
    endloop
  endfacet
  facet normal 0 0 1
    outer loop
      vertex 17.980622616401494 35.233850243046334 18.381532510892704
      vertex 12.479468105991218 35.13060440630676 18.381532510892704
      vertex 12.94365101383315 34.97125021276387 18.381532510892704
    endloop
  endfacet
  facet normal 0 0 1
    outer loop
      vertex 18.2219376213469 35.07619128164582 18.381532510892704
      vertex 14.5605266830763 31.28514497098868 18.381532510892704
      vertex 14.363384844186845 30.835706848115706 18.381532510892704
    endloop
  endfacet
  facet normal 0 0 1
    outer loop
      vertex 18.2219376213469 35.07619128164582 18.381532510892704
      vertex 14.681004680547696 31.760901823863737 18.381532510892704
      vertex 14.5605266830763 31.28514497098868 18.381532510892704
    endloop
  endfacet
  facet normal 0 0 1
    outer loop
      vertex 18.2219376213469 35.07619128164582 18.381532510892704
      vertex 14.5605266830763 33.214855029011325 18.381532510892704
      vertex 14.681004680547696 32.73909817613627 18.381532510892704
    endloop
  endfacet
  facet normal 0 0 1
    outer loop
      vertex 18.2219376213469 35.07619128164582 18.381532510892704
      vertex 14.363384844186847 33.664293151884294 18.381532510892704
      vertex 14.5605266830763 33.214855029011325 18.381532510892704
    endloop
  endfacet
  facet normal 0 0 1
    outer loop
      vertex 18.2219376213469 35.07619128164582 18.381532510892704
      vertex 12.94365101383315 34.97125021276387 18.381532510892704
      vertex 13.375274233633677 34.73766740718666 18.381532510892704
    endloop
  endfacet
  facet normal 0 0 1
    outer loop
      vertex 18.2219376213469 35.07619128164582 18.381532510892704
      vertex 13.375274233633677 34.73766740718666 18.381532510892704
      vertex 13.762564209114398 34.436227519606334 18.381532510892704
    endloop
  endfacet
  facet normal 0 0 1
    outer loop
      vertex 18.2219376213469 35.07619128164582 18.381532510892704
      vertex 13.762564209114398 34.436227519606334 18.381532510892704
      vertex 14.094956679333816 34.07515304436095 18.381532510892704
    endloop
  endfacet
  facet normal 0 0 1
    outer loop
      vertex 18.2219376213469 35.07619128164582 18.381532510892704
      vertex 14.094956679333816 34.07515304436095 18.381532510892704
      vertex 14.363384844186847 33.664293151884294 18.381532510892704
    endloop
  endfacet
  facet normal 0 0 1
    outer loop
      vertex 18.2219376213469 35.07619128164582 18.381532510892704
      vertex 14.721532510892708 32.25 18.381532510892704
      vertex 14.681004680547696 31.760901823863737 18.381532510892704
    endloop
  endfacet
  facet normal 0 0 1
    outer loop
      vertex 18.2219376213469 35.07619128164582 18.381532510892704
      vertex 14.681004680547696 32.73909817613627 18.381532510892704
      vertex 14.721532510892708 32.25 18.381532510892704
    endloop
  endfacet
  facet normal 0 0 1
    outer loop
      vertex 17.980622616401494 35.233850243046334 18.381532510892704
      vertex 12.94365101383315 34.97125021276387 18.381532510892704
      vertex 18.2219376213469 35.07619128164582 18.381532510892704
    endloop
  endfacet
  facet normal 0.039956434339659556 0.9992014228146697 0
    outer loop
      vertex 17.37181254431719 36.496700181165025 16.9
      vertex 17.8776560149545 36.47647232624091 17.134651697560344
      vertex 17.8776560149545 36.47647232624091 16.665348302439654
    endloop
  endfacet
  facet normal 0.08257934547233674 0.9965844930066694 0
    outer loop
      vertex 17.8776560149545 36.47647232624091 16.665348302439654
      vertex 18.363694730151426 36.436198010057154 17.134651697560344
      vertex 18.363694730151426 36.436198010057154 16.665348302439654
    endloop
  endfacet
  facet normal 0.08257934547233674 0.9965844930066694 0
    outer loop
      vertex 17.8776560149545 36.47647232624091 16.665348302439654
      vertex 17.8776560149545 36.47647232624091 17.134651697560344
      vertex 18.363694730151426 36.436198010057154 17.134651697560344
    endloop
  endfacet
  facet normal 0.4016954246529714 0.9157733266550566 0
    outer loop
      vertex 18.363694730151426 36.436198010057154 16.665348302439654
      vertex 18.363694730151426 36.436198010057154 17.134651697560344
      vertex 18.81032147803126 36.24028935457549 16.665348302439654
    endloop
  endfacet
  facet normal 0.4016954246529714 0.9157733266550566 0
    outer loop
      vertex 18.81032147803126 36.24028935457549 16.665348302439654
      vertex 18.363694730151426 36.436198010057154 17.134651697560344
      vertex 18.81032147803126 36.24028935457549 17.134651697560344
    endloop
  endfacet
  facet normal 0.9863613034027229 0.16459459028073076 0
    outer loop
      vertex 19.481532510892706 35 16.665348302439654
      vertex 19.401258992942356 35.48105281989634 16.665348302439654
      vertex 19.481532510892706 35 17.134651697560344
    endloop
  endfacet
  facet normal 0.9863613034027229 0.16459459028073076 0
    outer loop
      vertex 19.401258992942356 35.48105281989634 16.665348302439654
      vertex 19.401258992942356 35.48105281989634 17.134651697560344
      vertex 19.481532510892706 35 17.134651697560344
    endloop
  endfacet
  facet normal 0.6772815716257415 0.7357239106731313 0
    outer loop
      vertex 18.81032147803126 36.24028935457549 16.665348302439654
      vertex 19.16913732033319 35.90997610245334 17.134651697560344
      vertex 19.16913732033319 35.90997610245334 16.665348302439654
    endloop
  endfacet
  facet normal 0.6772815716257415 0.7357239106731313 0
    outer loop
      vertex 18.81032147803126 36.24028935457549 16.665348302439654
      vertex 18.81032147803126 36.24028935457549 17.134651697560344
      vertex 19.16913732033319 35.90997610245334 17.134651697560344
    endloop
  endfacet
  facet normal 0.8794737512064885 0.4759473930370745 0
    outer loop
      vertex 19.16913732033319 35.90997610245334 16.665348302439654
      vertex 19.16913732033319 35.90997610245334 17.134651697560344
      vertex 19.401258992942356 35.48105281989634 16.665348302439654
    endloop
  endfacet
  facet normal 0.8794737512064885 0.4759473930370745 0
    outer loop
      vertex 19.401258992942356 35.48105281989634 16.665348302439654
      vertex 19.16913732033319 35.90997610245334 17.134651697560344
      vertex 19.401258992942356 35.48105281989634 17.134651697560344
    endloop
  endfacet
  facet normal 0.07863941043547495 0.9490365481939385 0.3051974333419195
    outer loop
      vertex 17.8776560149545 36.47647232624091 17.134651697560344
      vertex 17.88963189663142 36.33194492776085 17.58098574960932
      vertex 18.363694730151426 36.436198010057154 17.134651697560344
    endloop
  endfacet
  facet normal 0.07863941043547415 0.9490365481939387 0.3051974333419187
    outer loop
      vertex 17.88963189663142 36.33194492776085 17.58098574960932
      vertex 18.32809375595402 36.29561294225282 17.58098574960932
      vertex 18.363694730151426 36.436198010057154 17.134651697560344
    endloop
  endfacet
  facet normal 0.0671229625220328 0.8100536906838912 0.5825010953737962
    outer loop
      vertex 17.88963189663142 36.33194492776085 17.58098574960932
      vertex 17.91241137724585 36.05703747954556 17.96066017177982
      vertex 18.32809375595402 36.29561294225282 17.58098574960932
    endloop
  endfacet
  facet normal 0 0 1
    outer loop
      vertex 17.980622616401494 35.233850243046334 18.381532510892704
      vertex 18.2219376213469 35.07619128164582 18.381532510892704
      vertex 18.128342313780934 35.19644253526492 18.381532510892704
    endloop
  endfacet
  facet normal 0 0 1
    outer loop
      vertex 17.980622616401494 35.233850243046334 18.381532510892704
      vertex 18.128342313780934 35.19644253526492 18.381532510892704
      vertex 18.057603586284017 35.22747141801811 18.381532510892704
    endloop
  endfacet
  facet normal 0 0 1
    outer loop
      vertex 18.128342313780934 35.19644253526492 18.381532510892704
      vertex 18.2219376213469 35.07619128164582 18.381532510892704
      vertex 18.1851731601435 35.14412605569578 18.381532510892704
    endloop
  endfacet
  facet normal 0.04897506504406431 0.5910411385284208 0.8051532870025172
    outer loop
      vertex 17.91241137724585 36.05703747954556 17.96066017177982
      vertex 17.943764642521277 35.67865983801917 18.23650978628255
      vertex 18.260376678960213 36.02820425259461 17.96066017177982
    endloop
  endfacet
  facet normal 0.0671229625220411 0.8100536906838862 0.5825010953738022
    outer loop
      vertex 17.91241137724585 36.05703747954556 17.96066017177982
      vertex 18.260376678960213 36.02820425259461 17.96066017177982
      vertex 18.32809375595402 36.29561294225282 17.58098574960932
    endloop
  endfacet
  facet normal 0.04897506504405731 0.5910411385284251 0.8051532870025145
    outer loop
      vertex 18.260376678960213 36.02820425259461 17.96066017177982
      vertex 17.943764642521277 35.67865983801917 18.23650978628255
      vertex 18.167172118478785 35.66014776677217 18.23650978628255
    endloop
  endfacet
  facet normal 0.23823220489038394 0.5431147217504891 0.8051532870025153
    outer loop
      vertex 18.260376678960213 36.02820425259461 17.96066017177982
      vertex 18.167172118478785 35.66014776677217 18.23650978628255
      vertex 18.372463901456438 35.570098441747405 18.23650978628255
    endloop
  endfacet
  facet normal 0.025836943715239365 0.3118055405503325 0.9497945868563216
    outer loop
      vertex 17.980622616401494 35.233850243046334 18.381532510892704
      vertex 18.167172118478785 35.66014776677217 18.23650978628255
      vertex 17.943764642521277 35.67865983801917 18.23650978628255
    endloop
  endfacet
  facet normal 0.025836943715255755 0.31180554055032594 0.9497945868563231
    outer loop
      vertex 17.980622616401494 35.233850243046334 18.381532510892704
      vertex 18.057603586284017 35.22747141801811 18.381532510892704
      vertex 18.167172118478785 35.66014776677217 18.23650978628255
    endloop
  endfacet
  facet normal 0.12568012035047182 0.28652181440008545 0.9497945868563235
    outer loop
      vertex 18.128342313780934 35.19644253526492 18.381532510892704
      vertex 18.167172118478785 35.66014776677217 18.23650978628255
      vertex 18.057603586284017 35.22747141801811 18.381532510892704
    endloop
  endfacet
  facet normal 0.12568012035049164 0.28652181440008323 0.9497945868563215
    outer loop
      vertex 18.128342313780934 35.19644253526492 18.381532510892704
      vertex 18.372463901456438 35.570098441747405 18.23650978628255
      vertex 18.167172118478785 35.66014776677217 18.23650978628255
    endloop
  endfacet
  facet normal 0.38253017372146114 0.8720809554589181 0.3051974333419099
    outer loop
      vertex 18.363694730151426 36.436198010057154 17.134651697560344
      vertex 18.73100156591984 36.11888119094557 17.58098574960932
      vertex 18.81032147803126 36.24028935457549 17.134651697560344
    endloop
  endfacet
  facet normal 0.3825301737214527 0.8720809554589188 0.3051974333419174
    outer loop
      vertex 18.363694730151426 36.436198010057154 17.134651697560344
      vertex 18.32809375595402 36.29561294225282 17.58098574960932
      vertex 18.73100156591984 36.11888119094557 17.58098574960932
    endloop
  endfacet
  facet normal 0.3265100586597096 0.7443679570497067 0.5825010953738018
    outer loop
      vertex 18.260376678960213 36.02820425259461 17.96066017177982
      vertex 18.73100156591984 36.11888119094557 17.58098574960932
      vertex 18.32809375595402 36.29561294225282 17.58098574960932
    endloop
  endfacet
  facet normal 0.5505147236160656 0.5980184052102886 0.5825010953737941
    outer loop
      vertex 18.73100156591984 36.11888119094557 17.58098574960932
      vertex 18.837009908254796 35.651470961350775 17.96066017177982
      vertex 19.05469401356028 35.82090130136889 17.58098574960932
    endloop
  endfacet
  facet normal 0.9393011161845665 0.15674163395835122 0.3051974333419168
    outer loop
      vertex 19.481532510892706 35 17.134651697560344
      vertex 19.401258992942356 35.48105281989634 17.134651697560344
      vertex 19.33650978628255 35 17.58098574960932
    endloop
  endfacet
  facet normal 0.9393011161845645 0.15674163395835533 0.305197433341921
    outer loop
      vertex 19.33650978628255 35 17.58098574960932
      vertex 19.401258992942356 35.48105281989634 17.134651697560344
      vertex 19.264093999567667 35.43396401819281 17.58098574960932
    endloop
  endfacet
  facet normal 0.8017439763271548 0.13378740714824702 0.5825010953737958
    outer loop
      vertex 19.33650978628255 35 17.58098574960932
      vertex 19.264093999567667 35.43396401819281 17.58098574960932
      vertex 19.003190678054512 35.34439579478346 17.96066017177982
    endloop
  endfacet
  facet normal 0.6449678571175195 0.7006218594696749 0.30519743334191074
    outer loop
      vertex 18.81032147803126 36.24028935457549 17.134651697560344
      vertex 18.73100156591984 36.11888119094557 17.58098574960932
      vertex 19.16913732033319 35.90997610245334 17.134651697560344
    endloop
  endfacet
  facet normal 0.8375132654874609 0.45323951373863747 0.305197433341916
    outer loop
      vertex 19.16913732033319 35.90997610245334 17.134651697560344
      vertex 19.05469401356028 35.82090130136889 17.58098574960932
      vertex 19.401258992942356 35.48105281989634 17.134651697560344
    endloop
  endfacet
  facet normal 0.7148625761525432 0.3868642799547123 0.5825010953737951
    outer loop
      vertex 19.05469401356028 35.82090130136889 17.58098574960932
      vertex 19.003190678054512 35.34439579478346 17.96066017177982
      vertex 19.264093999567667 35.43396401819281 17.58098574960932
    endloop
  endfacet
  facet normal 0.6449678571175231 0.7006218594696687 0.3051974333419173
    outer loop
      vertex 18.73100156591984 36.11888119094557 17.58098574960932
      vertex 19.05469401356028 35.82090130136889 17.58098574960932
      vertex 19.16913732033319 35.90997610245334 17.134651697560344
    endloop
  endfacet
  facet normal 0.8375132654874614 0.45323951373863497 0.30519743334191846
    outer loop
      vertex 19.401258992942356 35.48105281989634 17.134651697560344
      vertex 19.05469401356028 35.82090130136889 17.58098574960932
      vertex 19.264093999567667 35.43396401819281 17.58098574960932
    endloop
  endfacet
  facet normal 0.3086069686450127 0.05149739490657709 0.9497945868563225
    outer loop
      vertex 18.234651697560345 35 18.381532510892704
      vertex 18.68098574960932 35 18.23650978628255
      vertex 18.2219376213469 35.07619128164582 18.381532510892704
    endloop
  endfacet
  facet normal 0.2751646150618303 0.14891164291721623 0.9497945868563215
    outer loop
      vertex 18.1851731601435 35.14412605569578 18.381532510892704
      vertex 18.2219376213469 35.07619128164582 18.381532510892704
      vertex 18.537393441338384 35.418270104570546 18.23650978628255
    endloop
  endfacet
  facet normal 0.21190390581778173 0.23018900381555646 0.9497945868563215
    outer loop
      vertex 18.128342313780934 35.19644253526492 18.381532510892704
      vertex 18.1851731601435 35.14412605569578 18.381532510892704
      vertex 18.537393441338384 35.418270104570546 18.23650978628255
    endloop
  endfacet
  facet normal 0.27516461506182655 0.14891164291721987 0.9497945868563219
    outer loop
      vertex 18.2219376213469 35.07619128164582 18.381532510892704
      vertex 18.644088063332926 35.2211157114341 18.23650978628255
      vertex 18.537393441338384 35.418270104570546 18.23650978628255
    endloop
  endfacet
  facet normal 0.30860696864501386 0.0514973949065856 0.9497945868563216
    outer loop
      vertex 18.2219376213469 35.07619128164582 18.381532510892704
      vertex 18.68098574960932 35 18.23650978628255
      vertex 18.644088063332926 35.2211157114341 18.23650978628255
    endloop
  endfacet
  facet normal 0.5849781045706287 0.09761558073379666 0.8051532870025174
    outer loop
      vertex 18.68098574960932 35 18.23650978628255
      vertex 19.060660171779823 35 17.96066017177982
      vertex 18.644088063332926 35.2211157114341 18.23650978628255
    endloop
  endfacet
  facet normal 0.238232204890386 0.5431147217504891 0.8051532870025148
    outer loop
      vertex 18.260376678960213 36.02820425259461 17.96066017177982
      vertex 18.372463901456438 35.570098441747405 18.23650978628255
      vertex 18.58012612734879 35.88794914064224 17.96066017177982
    endloop
  endfacet
  facet normal 0.3265100586597093 0.7443679570497073 0.5825010953738015
    outer loop
      vertex 18.260376678960213 36.02820425259461 17.96066017177982
      vertex 18.58012612734879 35.88794914064224 17.96066017177982
      vertex 18.73100156591984 36.11888119094557 17.58098574960932
    endloop
  endfacet
  facet normal 0.550514723616055 0.5980184052102919 0.5825010953738008
    outer loop
      vertex 18.73100156591984 36.11888119094557 17.58098574960932
      vertex 18.58012612734879 35.88794914064224 17.96066017177982
      vertex 18.837009908254796 35.651470961350775 17.96066017177982
    endloop
  endfacet
  facet normal 0.4016731887833163 0.43633339757768097 0.8051532870025184
    outer loop
      vertex 18.58012612734879 35.88794914064224 17.96066017177982
      vertex 18.537393441338384 35.418270104570546 18.23650978628255
      vertex 18.837009908254796 35.651470961350775 17.96066017177982
    endloop
  endfacet
  facet normal 0.5215866500698878 0.2822685793670913 0.8051532870025163
    outer loop
      vertex 18.644088063332926 35.2211157114341 18.23650978628255
      vertex 19.003190678054512 35.34439579478346 17.96066017177982
      vertex 18.837009908254796 35.651470961350775 17.96066017177982
    endloop
  endfacet
  facet normal 0.40167318878332653 0.436333397577678 0.8051532870025149
    outer loop
      vertex 18.58012612734879 35.88794914064224 17.96066017177982
      vertex 18.372463901456438 35.570098441747405 18.23650978628255
      vertex 18.537393441338384 35.418270104570546 18.23650978628255
    endloop
  endfacet
  facet normal 0.21190390581778076 0.23018900381555818 0.9497945868563213
    outer loop
      vertex 18.128342313780934 35.19644253526492 18.381532510892704
      vertex 18.537393441338384 35.418270104570546 18.23650978628255
      vertex 18.372463901456438 35.570098441747405 18.23650978628255
    endloop
  endfacet
  facet normal 0.5215866500698827 0.2822685793670948 0.8051532870025184
    outer loop
      vertex 18.644088063332926 35.2211157114341 18.23650978628255
      vertex 18.837009908254796 35.651470961350775 17.96066017177982
      vertex 18.537393441338384 35.418270104570546 18.23650978628255
    endloop
  endfacet
  facet normal 0.801743976327155 0.13378740714824777 0.5825010953737954
    outer loop
      vertex 19.33650978628255 35 17.58098574960932
      vertex 19.003190678054512 35.34439579478346 17.96066017177982
      vertex 19.060660171779823 35 17.96066017177982
    endloop
  endfacet
  facet normal 0.5849781045706297 0.09761558073379986 0.8051532870025163
    outer loop
      vertex 18.644088063332926 35.2211157114341 18.23650978628255
      vertex 19.060660171779823 35 17.96066017177982
      vertex 19.003190678054512 35.34439579478346 17.96066017177982
    endloop
  endfacet
  facet normal 0.7148625761525433 0.3868642799547122 0.582501095373795
    outer loop
      vertex 19.05469401356028 35.82090130136889 17.58098574960932
      vertex 18.837009908254796 35.651470961350775 17.96066017177982
      vertex 19.003190678054512 35.34439579478346 17.96066017177982
    endloop
  endfacet
  facet normal 0.7890024070521865 0.614105223317642 0.01870765511347446
    outer loop
      vertex -17.28377589101417 -34.19726091841979 0
      vertex -17.403414667392042 -34.48999889270336 14.655348302439652
      vertex -17.2835716310939 -34.19752335157072 0
    endloop
  endfacet
  facet normal 0.6472502378024585 0.7620018882414449 0.020500048320273464
    outer loop
      vertex -17.2835716310939 -34.19752335157072 0
      vertex -17.403414667392042 -34.48999889270336 14.655348302439652
      vertex -16.913005525169787 -34.51228503901803 0
    endloop
  endfacet
  facet normal 0.9074565223787402 0.4198340938153107 0.01618621829086984
    outer loop
      vertex -17.782165595749053 -33.36893078552448 0
      vertex -17.702968954889176 -34.10513153625905 14.655348302439652
      vertex -17.578013908796986 -33.810197425390975 0
    endloop
  endfacet
  facet normal 0.9765782765088277 0.21496113385509236 0.00930487951457395
    outer loop
      vertex -17.782273576398623 -33.368616248637856 0
      vertex -17.886793026536367 -32.893779599581215 0
      vertex -17.861326338477635 -33.643852236617974 14.655348302439652
    endloop
  endfacet
  facet normal 0.945757926675648 0.3246791063325103 0.011199198243718157
    outer loop
      vertex -17.782273576398623 -33.368616248637856 0
      vertex -17.861326338477635 -33.643852236617974 14.655348302439652
      vertex -17.782165595749053 -33.36893078552448 0
    endloop
  endfacet
  facet normal 0.9994241186455664 0.03393274332459533 0
    outer loop
      vertex -17.88681040359731 -32.893267791453866 0
      vertex -17.88681040359731 -32.893267791453866 14.889999999999999
      vertex -17.886793026536367 -32.893779599581215 0
    endloop
  endfacet
  facet normal 0.7959499140421491 0.6050653941283172 0.01896320554757646
    outer loop
      vertex -17.578013908796986 -33.810197425390975 0
      vertex -17.702968954889176 -34.10513153625905 14.655348302439652
      vertex -17.28377589101417 -34.19726091841979 0
    endloop
  endfacet
  facet normal 0.5468688681531024 0.8370451159348005 0.017026888577811913
    outer loop
      vertex -16.913005525169787 -34.51228503901803 0
      vertex -16.995124831100224 -34.75674795604783 14.655348302439652
      vertex -16.912727120710603 -34.51246692972928 0
    endloop
  endfacet
  facet normal 0.46833787230682905 0.8833789383366445 0.017357668804742942
    outer loop
      vertex -16.912727120710603 -34.51246692972928 0
      vertex -16.995124831100224 -34.75674795604783 14.655348302439652
      vertex -16.483160185903564 -34.74020890492252 0
    endloop
  endfacet
  facet normal 0.2675137794420326 0.9634975554263367 0.010432569008279163
    outer loop
      vertex -16.483160185903564 -34.74020890492252 0
      vertex -16.995124831100224 -34.75674795604783 14.655348302439652
      vertex -16.014678494655815 -34.870282206218675 0
    endloop
  endfacet
  facet normal 0.2454757365538941 0.9693617616541126 0.00891278891026144
    outer loop
      vertex -16.014678494655815 -34.870282206218675 0
      vertex -16.5223439850455 -34.87647232624091 14.655348302439652
      vertex -16.014356115100757 -34.870363843809365 0
    endloop
  endfacet
  facet normal 0.05413876628666402 0.9985307893050868 0.002292770097154902
    outer loop
      vertex -16.014356115100757 -34.870363843809365 0
      vertex -16.5223439850455 -34.87647232624091 14.655348302439652
      vertex -15.528865350615039 -34.896686388205936 0
    endloop
  endfacet
  facet normal 0.020342540193227836 0.9997930691190486 4.345210616786925e-14
    outer loop
      vertex -15.528865350615039 -34.896686388205936 0
      vertex -16.5223439850455 -34.87647232624091 14.655348302439652
      vertex -15.528187455682808 -34.89670018116503 0
    endloop
  endfacet
  facet normal 0 1 0
    outer loop
      vertex -15.528187455682808 -34.89670018116503 0
      vertex -15.528187455682808 -34.89670018116503 14.889999999999999
      vertex -12.792145939473212 -34.89670018116503 0
    endloop
  endfacet
  facet normal 1 0 0
    outer loop
      vertex -17.88681040359731 -32.893267791453866 0
      vertex -17.88681040359731 -27 6.199999999999998
      vertex -17.88681040359731 -32.893267791453866 14.889999999999999
    endloop
  endfacet
  facet normal 1 0 0
    outer loop
      vertex -17.88681040359731 -32.893267791453866 0
      vertex -17.88681040359731 32.893267791453866 0
      vertex -17.88681040359731 -27 6.199999999999998
    endloop
  endfacet
  facet normal 0 1 0
    outer loop
      vertex -10.707854060526788 -34.89670018116503 0
      vertex -10.707854060526788 -34.89670018116503 14.889999999999999
      vertex 10.707854060526788 -34.89670018116503 0
    endloop
  endfacet
  facet normal 0.7890024070507532 0.6141052233194829 0.01870765511349953
    outer loop
      vertex -17.28377589101417 -34.19726091841979 0
      vertex -17.702968954889176 -34.10513153625905 14.655348302439652
      vertex -17.403414667392042 -34.48999889270336 14.655348302439652
    endloop
  endfacet
  facet normal 0.5468688681554189 0.8370451159332873 0.017026888577799652
    outer loop
      vertex -16.913005525169787 -34.51228503901803 0
      vertex -17.403414667392042 -34.48999889270336 14.655348302439652
      vertex -16.995124831100224 -34.75674795604783 14.655348302439652
    endloop
  endfacet
  facet normal 0.9457579266761474 0.32467910633105646 0.011199198243693583
    outer loop
      vertex -17.782165595749053 -33.36893078552448 0
      vertex -17.861326338477635 -33.643852236617974 14.655348302439652
      vertex -17.702968954889176 -34.10513153625905 14.655348302439652
    endloop
  endfacet
  facet normal 0.9994241186455416 0.033932743325326004 0
    outer loop
      vertex -17.886793026536367 -32.893779599581215 0
      vertex -17.861326338477635 -33.643852236617974 15.124651697560346
      vertex -17.861326338477635 -33.643852236617974 14.655348302439652
    endloop
  endfacet
  facet normal 0.9994241186455416 0.03393274332532543 -2.512445653524114e-17
    outer loop
      vertex -17.886793026536367 -32.893779599581215 0
      vertex -17.88681040359731 -32.893267791453866 14.889999999999999
      vertex -17.861326338477635 -33.643852236617974 15.124651697560346
    endloop
  endfacet
  facet normal 1 0 0
    outer loop
      vertex -17.88681040359731 -27 6.199999999999998
      vertex -17.88681040359731 -27 7.399999999999999
      vertex -17.88681040359731 -32.893267791453866 14.889999999999999
    endloop
  endfacet
  facet normal 0.2454757365328905 0.9693617616594379 0.008912788909536121
    outer loop
      vertex -16.014678494655815 -34.870282206218675 0
      vertex -16.995124831100224 -34.75674795604783 14.655348302439652
      vertex -16.5223439850455 -34.87647232624091 14.655348302439652
    endloop
  endfacet
  facet normal 0.020342540192587646 0.9997930691190617 0
    outer loop
      vertex -15.528187455682808 -34.89670018116503 0
      vertex -16.5223439850455 -34.87647232624091 14.655348302439652
      vertex -16.5223439850455 -34.87647232624091 15.124651697560346
    endloop
  endfacet
  facet normal 0.020342540192587553 0.9997930691190617 0
    outer loop
      vertex -15.528187455682808 -34.89670018116503 0
      vertex -16.5223439850455 -34.87647232624091 15.124651697560346
      vertex -15.528187455682808 -34.89670018116503 14.889999999999999
    endloop
  endfacet
  facet normal 0 1 0
    outer loop
      vertex -12.792145939473212 -34.89670018116503 0
      vertex -15.528187455682808 -34.89670018116503 14.889999999999999
      vertex -12.792145939473212 -34.89670018116503 14.889999999999999
    endloop
  endfacet
  facet normal 0.7891405093963922 0.6142127126896695 0
    outer loop
      vertex -17.403414667392042 -34.48999889270336 14.655348302439652
      vertex -17.702968954889176 -34.10513153625905 14.655348302439652
      vertex -17.403414667392042 -34.48999889270336 15.124651697560346
    endloop
  endfacet
  facet normal 0.5469481581224288 0.8371664782625272 0
    outer loop
      vertex -17.403414667392042 -34.48999889270336 14.655348302439652
      vertex -17.403414667392042 -34.48999889270336 15.124651697560346
      vertex -16.995124831100224 -34.75674795604783 14.655348302439652
    endloop
  endfacet
  facet normal 0.7891405093963922 0.6142127126896695 0
    outer loop
      vertex -17.403414667392042 -34.48999889270336 15.124651697560346
      vertex -17.702968954889176 -34.10513153625905 14.655348302439652
      vertex -17.702968954889176 -34.10513153625905 15.124651697560346
    endloop
  endfacet
  facet normal 0.5469481581224288 0.8371664782625272 0
    outer loop
      vertex -17.403414667392042 -34.48999889270336 15.124651697560346
      vertex -16.995124831100224 -34.75674795604783 15.124651697560346
      vertex -16.995124831100224 -34.75674795604783 14.655348302439652
    endloop
  endfacet
  facet normal 0.7514899041004321 0.584908070312448 -0.3051974333419138
    outer loop
      vertex -17.403414667392042 -34.48999889270336 15.124651697560346
      vertex -17.702968954889176 -34.10513153625905 15.124651697560346
      vertex -17.30519344854663 -34.38330220661671 15.570985749609319
    endloop
  endfacet
  facet normal 0.5208527682981616 0.7972245106854476 -0.30519743334191096
    outer loop
      vertex -17.403414667392042 -34.48999889270336 15.124651697560346
      vertex -17.30519344854663 -34.38330220661671 15.570985749609319
      vertex -16.995124831100224 -34.75674795604783 15.124651697560346
    endloop
  endfacet
  facet normal 0.5208527682981505 0.797224510685451 -0.30519743334192145
    outer loop
      vertex -17.30519344854663 -34.38330220661671 15.570985749609319
      vertex -16.936869866153618 -34.62394001309101 15.570985749609319
      vertex -16.995124831100224 -34.75674795604783 15.124651697560346
    endloop
  endfacet
  facet normal 0.4445758259423962 0.6804739589991337 -0.582501095373804
    outer loop
      vertex -17.30519344854663 -34.38330220661671 15.570985749609319
      vertex -17.118365588103863 -34.180353049477084 15.95066017177982
      vertex -16.826062338115584 -34.37132429396133 15.95066017177982
    endloop
  endfacet
  facet normal 0.9458172417006347 0.32469946920468334 0
    outer loop
      vertex -17.702968954889176 -34.10513153625905 14.655348302439652
      vertex -17.861326338477635 -33.643852236617974 14.655348302439652
      vertex -17.861326338477635 -33.643852236617974 15.124651697560346
    endloop
  endfacet
  facet normal 0.9458172417006347 0.32469946920468334 0
    outer loop
      vertex -17.702968954889176 -34.10513153625905 14.655348302439652
      vertex -17.861326338477635 -33.643852236617974 15.124651697560346
      vertex -17.702968954889176 -34.10513153625905 15.124651697560346
    endloop
  endfacet
  facet normal 0.900691448226133 0.3092077647372693 -0.30519743334191496
    outer loop
      vertex -17.702968954889176 -34.10513153625905 15.124651697560346
      vertex -17.861326338477635 -33.643852236617974 15.124651697560346
      vertex -17.5754252752661 -34.03610834854972 15.570985749609319
    endloop
  endfacet
  facet normal 0.9006914482261332 0.30920776473726197 -0.30519743334192156
    outer loop
      vertex -17.861326338477635 -33.643852236617974 15.124651697560346
      vertex -17.71828153480815 -33.619982280679366 15.570985749609319
      vertex -17.5754252752661 -34.03610834854972 15.570985749609319
    endloop
  endfacet
  facet normal 0.9522890982687479 0 -0.30519743334191896
    outer loop
      vertex -17.861326338477635 -33.643852236617974 15.124651697560346
      vertex -17.71828153480815 -33.18001771932063 15.570985749609319
      vertex -17.71828153480815 -33.619982280679366 15.570985749609319
    endloop
  endfacet
  facet normal 0.7514899041004321 0.5849080703124478 -0.3051974333419137
    outer loop
      vertex -17.30519344854663 -34.38330220661671 15.570985749609319
      vertex -17.702968954889176 -34.10513153625905 15.124651697560346
      vertex -17.5754252752661 -34.03610834854972 15.570985749609319
    endloop
  endfacet
  facet normal 0.7687885500210477 0.26392544258722284 -0.5825010953737972
    outer loop
      vertex -17.71828153480815 -33.619982280679366 15.570985749609319
      vertex -17.446194149504098 -33.574578926401195 15.95066017177982
      vertex -17.5754252752661 -34.03610834854972 15.570985749609319
    endloop
  endfacet
  facet normal 0.6414370147142473 0.4992504682449425 -0.5825010953738028
    outer loop
      vertex -17.30519344854663 -34.38330220661671 15.570985749609319
      vertex -17.5754252752661 -34.03610834854972 15.570985749609319
      vertex -17.33282278003052 -33.90481844365686 15.95066017177982
    endloop
  endfacet
  facet normal 0.7687885500210428 0.26392544258722755 -0.5825010953738013
    outer loop
      vertex -17.5754252752661 -34.03610834854972 15.570985749609319
      vertex -17.446194149504098 -33.574578926401195 15.95066017177982
      vertex -17.33282278003052 -33.90481844365686 15.95066017177982
    endloop
  endfacet
  facet normal 0.8128299169496193 0 -0.5825010953737983
    outer loop
      vertex -17.71828153480815 -33.619982280679366 15.570985749609319
      vertex -17.71828153480815 -33.18001771932063 15.570985749609319
      vertex -17.446194149504098 -33.574578926401195 15.95066017177982
    endloop
  endfacet
  facet normal 0.641437014714246 0.4992504682449433 -0.5825010953738038
    outer loop
      vertex -17.30519344854663 -34.38330220661671 15.570985749609319
      vertex -17.33282278003052 -33.90481844365686 15.95066017177982
      vertex -17.118365588103863 -34.180353049477084 15.95066017177982
    endloop
  endfacet
  facet normal 0.24548548714080567 0.9694002659393288 0
    outer loop
      vertex -16.995124831100224 -34.75674795604783 14.655348302439652
      vertex -16.5223439850455 -34.87647232624091 15.124651697560346
      vertex -16.5223439850455 -34.87647232624091 14.655348302439652
    endloop
  endfacet
  facet normal 0.24548548714080567 0.9694002659393288 0
    outer loop
      vertex -16.995124831100224 -34.75674795604783 14.655348302439652
      vertex -16.995124831100224 -34.75674795604783 15.124651697560346
      vertex -16.5223439850455 -34.87647232624091 15.124651697560346
    endloop
  endfacet
  facet normal 0.23377315318738348 0.9231493051128463 -0.3051974333419223
    outer loop
      vertex -16.995124831100224 -34.75674795604783 15.124651697560346
      vertex -16.936869866153618 -34.62394001309101 15.570985749609319
      vertex -16.510368103368577 -34.73194492776085 15.570985749609319
    endloop
  endfacet
  facet normal 0.23377315318738195 0.9231493051128472 -0.30519743334192073
    outer loop
      vertex -16.995124831100224 -34.75674795604783 15.124651697560346
      vertex -16.510368103368577 -34.73194492776085 15.570985749609319
      vertex -16.5223439850455 -34.87647232624091 15.124651697560346
    endloop
  endfacet
  facet normal 0.4445758259423926 0.6804739589991399 -0.5825010953737997
    outer loop
      vertex -17.30519344854663 -34.38330220661671 15.570985749609319
      vertex -16.826062338115584 -34.37132429396133 15.95066017177982
      vertex -16.936869866153618 -34.62394001309101 15.570985749609319
    endloop
  endfacet
  facet normal 0.19953794812499928 0.787957537654403 -0.5825010953737986
    outer loop
      vertex -16.936869866153618 -34.62394001309101 15.570985749609319
      vertex -16.826062338115584 -34.37132429396133 15.95066017177982
      vertex -16.510368103368577 -34.73194492776085 15.570985749609319
    endloop
  endfacet
  facet normal 0.1995379481250026 0.7879575376544038 -0.5825010953737964
    outer loop
      vertex -16.510368103368577 -34.73194492776085 15.570985749609319
      vertex -16.826062338115584 -34.37132429396133 15.95066017177982
      vertex -16.48758862275415 -34.45703747954556 15.95066017177982
    endloop
  endfacet
  facet normal 0 0.9963050377189345 -0.08588522466567039
    outer loop
      vertex -16.5223439850455 -34.87647232624091 15.124651697560346
      vertex -12.835524714345055 -34.87647232624091 15.124651697560346
      vertex -15.528187455682808 -34.89670018116503 14.889999999999999
    endloop
  endfacet
  facet normal 0 0.9513663267719524 -0.30806186437863836
    outer loop
      vertex -16.5223439850455 -34.87647232624091 15.124651697560346
      vertex -16.510368103368577 -34.73194492776085 15.570985749609319
      vertex -13.145464720588775 -34.73194492776085 15.570985749609319
    endloop
  endfacet
  facet normal -4.77267734881256e-17 0.8099717146138524 -0.5864689433597453
    outer loop
      vertex -16.510368103368577 -34.73194492776085 15.570985749609319
      vertex -16.48758862275415 -34.45703747954556 15.95066017177982
      vertex -13.175 -34.71817240078565 15.590006973861644
    endloop
  endfacet
  facet normal 0.5609327691704455 0.19256846289000637 -0.8051532870025159
    outer loop
      vertex -17.446194149504098 -33.574578926401195 15.95066017177982
      vertex -16.99890909172707 -33.72411339222195 16.22650978628255
      vertex -17.33282278003052 -33.90481844365686 15.95066017177982
    endloop
  endfacet
  facet normal 0.46801300683034325 0.3642691448183172 -0.8051532870025143
    outer loop
      vertex -17.33282278003052 -33.90481844365686 15.95066017177982
      vertex -16.861219098750134 -33.90101749881524 16.22650978628255
      vertex -17.118365588103863 -34.180353049477084 15.95066017177982
    endloop
  endfacet
  facet normal 0.4680130068303442 0.3642691448183124 -0.8051532870025158
    outer loop
      vertex -17.33282278003052 -33.90481844365686 15.95066017177982
      vertex -16.99890909172707 -33.72411339222195 16.22650978628255
      vertex -16.861219098750134 -33.90101749881524 16.22650978628255
    endloop
  endfacet
  facet normal 0.5609327691704452 0.19256846289000287 -0.8051532870025171
    outer loop
      vertex -17.446194149504098 -33.574578926401195 15.95066017177982
      vertex -17.071697991583328 -33.51208657044396 16.22650978628255
      vertex -16.99890909172707 -33.72411339222195 16.22650978628255
    endloop
  endfacet
  facet normal 0.1455892830262404 0.5749190769986272 -0.8051532870025135
    outer loop
      vertex -16.826062338115584 -34.37132429396133 15.95066017177982
      vertex -16.673548859871936 -34.02362858532442 16.22650978628255
      vertex -16.48758862275415 -34.45703747954556 15.95066017177982
    endloop
  endfacet
  facet normal 0.3243767732301452 0.4964956126874095 -0.8051532870025142
    outer loop
      vertex -17.118365588103863 -34.180353049477084 15.95066017177982
      vertex -16.861219098750134 -33.90101749881524 16.22650978628255
      vertex -16.826062338115584 -34.37132429396133 15.95066017177982
    endloop
  endfacet
  facet normal 0.32437677323015 0.49649561268740894 -0.8051532870025125
    outer loop
      vertex -16.826062338115584 -34.37132429396133 15.95066017177982
      vertex -16.861219098750134 -33.90101749881524 16.22650978628255
      vertex -16.673548859871936 -34.02362858532442 16.22650978628255
    endloop
  endfacet
  facet normal 0.1455892830262247 0.5749190769986239 -0.8051532870025188
    outer loop
      vertex -16.48758862275415 -34.45703747954556 15.95066017177982
      vertex -16.673548859871936 -34.02362858532442 16.22650978628255
      vertex -16.45623535747872 -34.07865983801917 16.22650978628255
    endloop
  endfacet
  facet normal 0.24690167750870384 0.19217128927552496 -0.9497945868563216
    outer loop
      vertex -16.99890909172707 -33.72411339222195 16.22650978628255
      vertex -16.60637000868037 -33.51168186372557 16.371532510892703
      vertex -16.861219098750134 -33.90101749881524 16.22650978628255
    endloop
  endfacet
  facet normal 0.2959217792166849 0.10159007512380917 -0.9497945868563215
    outer loop
      vertex -17.071697991583328 -33.51208657044396 16.22650978628255
      vertex -16.60637000868037 -33.51168186372557 16.371532510892703
      vertex -16.99890909172707 -33.72411339222195 16.22650978628255
    endloop
  endfacet
  facet normal 0.2959217792166851 0.10159007512380197 -0.9497945868563222
    outer loop
      vertex -17.071697991583328 -33.51208657044396 16.22650978628255
      vertex -16.631451354251283 -33.43862240001862 16.371532510892703
      vertex -16.60637000868037 -33.51168186372557 16.371532510892703
    endloop
  endfacet
  facet normal 0.171125947968398 0.2619277623894506 -0.9497945868563227
    outer loop
      vertex -16.861219098750134 -33.90101749881524 16.22650978628255
      vertex -16.55892527050832 -33.57263886457518 16.371532510892703
      vertex -16.673548859871936 -34.02362858532442 16.22650978628255
    endloop
  endfacet
  facet normal 0.07680606667304658 0.3033002982204999 -0.9497945868563219
    outer loop
      vertex -16.673548859871936 -34.02362858532442 16.22650978628255
      vertex -16.49425851329704 -33.614887765680095 16.371532510892703
      vertex -16.45623535747872 -34.07865983801917 16.22650978628255
    endloop
  endfacet
  facet normal 0.2469016775086905 0.19217128927553442 -0.9497945868563232
    outer loop
      vertex -16.861219098750134 -33.90101749881524 16.22650978628255
      vertex -16.60637000868037 -33.51168186372557 16.371532510892703
      vertex -16.55892527050832 -33.57263886457518 16.371532510892703
    endloop
  endfacet
  facet normal 0.17112594796840766 0.26192776238944776 -0.9497945868563217
    outer loop
      vertex -16.673548859871936 -34.02362858532442 16.22650978628255
      vertex -16.55892527050832 -33.57263886457518 16.371532510892703
      vertex -16.49425851329704 -33.614887765680095 16.371532510892703
    endloop
  endfacet
  facet normal 0.0768060666730531 0.3033002982205002 -0.9497945868563213
    outer loop
      vertex -16.45623535747872 -34.07865983801917 16.22650978628255
      vertex -16.49425851329704 -33.614887765680095 16.371532510892703
      vertex -16.419377383598505 -33.63385024304633 16.371532510892703
    endloop
  endfacet
  facet normal 0 0 -1
    outer loop
      vertex -16.60637000868037 -33.51168186372557 16.371532510892703
      vertex -16.419377383598505 -33.63385024304633 16.371532510892703
      vertex -16.55892527050832 -33.57263886457518 16.371532510892703
    endloop
  endfacet
  facet normal 0 0 -1
    outer loop
      vertex -16.55892527050832 -33.57263886457518 16.371532510892703
      vertex -16.419377383598505 -33.63385024304633 16.371532510892703
      vertex -16.49425851329704 -33.614887765680095 16.371532510892703
    endloop
  endfacet
  facet normal 2.3974160046434984e-16 0.5891013969669217 -0.8080591216560958
    outer loop
      vertex -16.48758862275415 -34.45703747954556 15.95066017177982
      vertex -13.933226662889087 -34.08194468760664 16.22411502403194
      vertex -13.581944687606637 -34.43322666288909 15.968019032015818
    endloop
  endfacet
  facet normal -2.3491043657008625e-16 0.5891013969669239 -0.8080591216560943
    outer loop
      vertex -16.48758862275415 -34.45703747954556 15.95066017177982
      vertex -16.45623535747872 -34.07865983801917 16.22650978628255
      vertex -13.933226662889087 -34.08194468760664 16.22411502403194
    endloop
  endfacet
  facet normal 0 0.3099744589008143 -0.9507448841982519
    outer loop
      vertex -16.45623535747872 -34.07865983801917 16.22650978628255
      vertex -16.419377383598505 -33.63385024304633 16.371532510892703
      vertex -13.935526739332115 -34.07865983801917 16.22650978628255
    endloop
  endfacet
  facet normal 0 0 -1
    outer loop
      vertex -16.60637000868037 -33.51168186372557 16.371532510892703
      vertex -14.237360847584362 -33.63385024304633 16.371532510892703
      vertex -16.419377383598505 -33.63385024304633 16.371532510892703
    endloop
  endfacet
  facet normal 0 0 -1
    outer loop
      vertex -16.60637000868037 -33.51168186372557 16.371532510892703
      vertex -14.6 -32.25 16.371532510892703
      vertex -14.556702096084793 -32.74489730635075 16.371532510892703
    endloop
  endfacet
  facet normal 0 0.3099744589007832 -0.9507448841982621
    outer loop
      vertex -16.419377383598505 -33.63385024304633 16.371532510892703
      vertex -14.237360847584362 -33.63385024304633 16.371532510892703
      vertex -14.218172400785651 -33.675 16.358116321273794
    endloop
  endfacet
  facet normal 0 0 -1
    outer loop
      vertex -16.60637000868037 -33.51168186372557 16.371532510892703
      vertex -14.42812396923984 -33.224757408478155 16.371532510892703
      vertex -14.237360847584362 -33.63385024304633 16.371532510892703
    endloop
  endfacet
  facet normal 0 0 -1
    outer loop
      vertex -16.60637000868037 -33.51168186372557 16.371532510892703
      vertex -14.556702096084793 -32.74489730635075 16.371532510892703
      vertex -14.42812396923984 -33.224757408478155 16.371532510892703
    endloop
  endfacet
  facet normal 0 0.5891013969670476 -0.8080591216560042
    outer loop
      vertex -16.45623535747872 -34.07865983801917 16.22650978628255
      vertex -13.935526739332115 -34.07865983801917 16.22650978628255
      vertex -13.933226662889087 -34.08194468760664 16.22411502403194
    endloop
  endfacet
  facet normal 7.184622548585098e-16 0.3099744589008179 -0.9507448841982508
    outer loop
      vertex -16.419377383598505 -33.63385024304633 16.371532510892703
      vertex -14.218172400785651 -33.675 16.358116321273794
      vertex -13.935526739332115 -34.07865983801917 16.22650978628255
    endloop
  endfacet
  facet normal 0 0.9963050377189343 -0.08588522466567039
    outer loop
      vertex -15.528187455682808 -34.89670018116503 14.889999999999999
      vertex -12.835524714345055 -34.87647232624091 15.124651697560346
      vertex -12.792145939473212 -34.89670018116503 14.889999999999999
    endloop
  endfacet
  facet normal 0 0.9513663267719524 -0.3080618643786384
    outer loop
      vertex -16.5223439850455 -34.87647232624091 15.124651697560346
      vertex -13.145464720588775 -34.73194492776085 15.570985749609319
      vertex -12.835524714345055 -34.87647232624091 15.124651697560346
    endloop
  endfacet
  facet normal 0 0.8099717146138525 -0.586468943359745
    outer loop
      vertex -16.48758862275415 -34.45703747954556 15.95066017177982
      vertex -13.547939317259795 -34.45703747954556 15.95066017177982
      vertex -13.175 -34.71817240078565 15.590006973861644
    endloop
  endfacet
  facet normal 0 0.8099717146138484 -0.5864689433597509
    outer loop
      vertex -16.510368103368577 -34.73194492776085 15.570985749609319
      vertex -13.175 -34.71817240078565 15.590006973861644
      vertex -13.145464720588775 -34.73194492776085 15.570985749609319
    endloop
  endfacet
  facet normal 0 0.5891013969669409 -0.8080591216560821
    outer loop
      vertex -16.48758862275415 -34.45703747954556 15.95066017177982
      vertex -13.581944687606637 -34.43322666288909 15.968019032015818
      vertex -13.547939317259795 -34.45703747954556 15.95066017177982
    endloop
  endfacet
  facet normal 1 0 0
    outer loop
      vertex -17.88681040359731 -27 7.399999999999999
      vertex -17.88681040359731 27 7.399999999999999
      vertex -17.88681040359731 -32.893267791453866 14.889999999999999
    endloop
  endfacet
  facet normal 0.9941542690575143 0 -0.10796892754269438
    outer loop
      vertex -17.861326338477635 -33.643852236617974 15.124651697560346
      vertex -17.88681040359731 -32.893267791453866 14.889999999999999
      vertex -17.861326338477635 33.643852236617974 15.124651697560346
    endloop
  endfacet
  facet normal 0.9522890982687479 0 -0.30519743334191896
    outer loop
      vertex -17.861326338477635 -33.643852236617974 15.124651697560346
      vertex -17.861326338477635 33.643852236617974 15.124651697560346
      vertex -17.71828153480815 -33.18001771932063 15.570985749609319
    endloop
  endfacet
  facet normal 0.8128299169496193 0 -0.5825010953737985
    outer loop
      vertex -17.71828153480815 -33.18001771932063 15.570985749609319
      vertex -17.446194149504098 33.574578926401195 15.95066017177982
      vertex -17.446194149504098 -33.574578926401195 15.95066017177982
    endloop
  endfacet
  facet normal 0.5930667622022369 0 -0.8051532870025158
    outer loop
      vertex -17.446194149504098 -33.574578926401195 15.95066017177982
      vertex -17.446194149504098 33.574578926401195 15.95066017177982
      vertex -17.071697991583328 -33.51208657044396 16.22650978628255
    endloop
  endfacet
  facet normal 0.3128741644470327 0 -0.9497945868563219
    outer loop
      vertex -17.071697991583328 -33.51208657044396 16.22650978628255
      vertex -17.071697991583328 33.51208657044396 16.22650978628255
      vertex -16.631451354251283 -33.43862240001862 16.371532510892703
    endloop
  endfacet
  facet normal 0 0 -1
    outer loop
      vertex -16.60637000868037 -33.51168186372557 16.371532510892703
      vertex -16.631451354251283 -33.43862240001862 16.371532510892703
      vertex -16.60637000868037 33.28831813627443 16.371532510892703
    endloop
  endfacet
  facet normal 0 0 -1
    outer loop
      vertex -16.60637000868037 -33.51168186372557 16.371532510892703
      vertex -16.1780623786531 33.32380871835418 16.371532510892703
      vertex -14.6 -32.25 16.371532510892703
    endloop
  endfacet
  facet normal 0 0 -1
    outer loop
      vertex -14.6 -32.25 16.371532510892703
      vertex -16.1780623786531 33.32380871835418 16.371532510892703
      vertex -14.556702096084793 -31.75510269364925 16.371532510892703
    endloop
  endfacet
  facet normal 0 0 -1
    outer loop
      vertex -14.556702096084793 -31.75510269364925 16.371532510892703
      vertex -16.1780623786531 33.32380871835418 16.371532510892703
      vertex -14.42812396923984 -31.275242591521845 16.371532510892703
    endloop
  endfacet
  facet normal 0 0 -1
    outer loop
      vertex -14.42812396923984 -31.275242591521845 16.371532510892703
      vertex -16.1780623786531 33.32380871835418 16.371532510892703
      vertex -14.218172400785651 -30.825 16.371532510892703
    endloop
  endfacet
  facet normal 0 0 -1
    outer loop
      vertex -14.218172400785651 -30.825 16.371532510892703
      vertex -16.1780623786531 33.32380871835418 16.371532510892703
      vertex -13.933226662889087 -30.418055312393363 16.371532510892703
    endloop
  endfacet
  facet normal 0 0 -1
    outer loop
      vertex -13.933226662889087 -30.418055312393363 16.371532510892703
      vertex -16.1780623786531 33.32380871835418 16.371532510892703
      vertex -13.581944687606637 -30.066773337110913 16.371532510892703
    endloop
  endfacet
  facet normal 0 0 -1
    outer loop
      vertex -13.581944687606637 -30.066773337110913 16.371532510892703
      vertex -16.1780623786531 33.32380871835418 16.371532510892703
      vertex -13.175 -29.78182759921435 16.371532510892703
    endloop
  endfacet
  facet normal 0 0 -1
    outer loop
      vertex -13.175 -29.78182759921435 16.371532510892703
      vertex -16.1780623786531 33.32380871835418 16.371532510892703
      vertex -12.724757408478157 -29.571876030760162 16.371532510892703
    endloop
  endfacet
  facet normal 0 0 -1
    outer loop
      vertex -12.724757408478157 -29.571876030760162 16.371532510892703
      vertex -16.1780623786531 33.32380871835418 16.371532510892703
      vertex -12.244897306350751 -29.44329790391521 16.371532510892703
    endloop
  endfacet
  facet normal 0 0 -1
    outer loop
      vertex -12.244897306350751 -29.44329790391521 16.371532510892703
      vertex -16.1780623786531 33.32380871835418 16.371532510892703
      vertex -11.75 -29.4 16.371532510892703
    endloop
  endfacet
  facet normal 0 0 -1
    outer loop
      vertex -11.75 -29.4 16.371532510892703
      vertex -16.1780623786531 33.32380871835418 16.371532510892703
      vertex -11.255102693649249 -29.44329790391521 16.371532510892703
    endloop
  endfacet
  facet normal 0 0 -1
    outer loop
      vertex -11.255102693649249 -29.44329790391521 16.371532510892703
      vertex -16.1780623786531 33.32380871835418 16.371532510892703
      vertex -10.775242591521843 -29.571876030760162 16.371532510892703
    endloop
  endfacet
  facet normal 0 0.9963050377189344 -0.08588522466567039
    outer loop
      vertex -10.707854060526788 -34.89670018116503 14.889999999999999
      vertex -10.664475285654945 -34.87647232624091 15.124651697560346
      vertex 10.707854060526788 -34.89670018116503 14.889999999999999
    endloop
  endfacet
  facet normal 0 0.9513663267719524 -0.3080618643786384
    outer loop
      vertex -10.664475285654945 -34.87647232624091 15.124651697560346
      vertex -10.354535279411225 -34.73194492776085 15.570985749609319
      vertex 10.664475285654945 -34.87647232624091 15.124651697560346
    endloop
  endfacet
  facet normal 0 0.8099717146138483 -0.5864689433597507
    outer loop
      vertex -10.354535279411225 -34.73194492776085 15.570985749609319
      vertex -10.325 -34.71817240078565 15.590006973861644
      vertex 10.354535279411225 -34.73194492776085 15.570985749609319
    endloop
  endfacet
  facet normal 8.18739839283628e-18 0.8099717146138525 -0.586468943359745
    outer loop
      vertex -10.325 -34.71817240078565 15.590006973861644
      vertex -9.952060682740205 -34.45703747954556 15.95066017177982
      vertex 10.354535279411225 -34.73194492776085 15.570985749609319
    endloop
  endfacet
  facet normal 0 0.5891013969669409 -0.808059121656082
    outer loop
      vertex -9.952060682740205 -34.45703747954556 15.95066017177982
      vertex -9.918055312393363 -34.43322666288909 15.968019032015818
      vertex 9.918055312393363 -34.43322666288909 15.968019032015818
    endloop
  endfacet
  facet normal 0 0.5891013969669215 -0.8080591216560961
    outer loop
      vertex -9.918055312393363 -34.43322666288909 15.968019032015818
      vertex -9.566773337110913 -34.08194468760664 16.22411502403194
      vertex 9.918055312393363 -34.43322666288909 15.968019032015818
    endloop
  endfacet
  facet normal 0 0.5891013969670474 -0.8080591216560044
    outer loop
      vertex -9.564473260667885 -34.07865983801917 16.22650978628255
      vertex 9.566773337110913 -34.08194468760664 16.22411502403194
      vertex -9.566773337110913 -34.08194468760664 16.22411502403194
    endloop
  endfacet
  facet normal 0 0.3099744589008099 -0.9507448841982533
    outer loop
      vertex -9.564473260667885 -34.07865983801917 16.22650978628255
      vertex -9.281827599214349 -33.675 16.35811632127379
      vertex 9.564473260667885 -34.07865983801917 16.22650978628255
    endloop
  endfacet
  facet normal 1.1138853209986509e-15 0.3099744589008569 -0.950744884198238
    outer loop
      vertex -9.281827599214349 -33.675 16.35811632127379
      vertex -9.262639152415638 -33.63385024304633 16.371532510892703
      vertex 9.564473260667885 -34.07865983801917 16.22650978628255
    endloop
  endfacet
  facet normal 0 0 -1
    outer loop
      vertex -9.262639152415638 -33.63385024304633 16.371532510892703
      vertex -9.07187603076016 -33.224757408478155 16.371532510892703
      vertex 9.262639152415638 -33.63385024304633 16.371532510892703
    endloop
  endfacet
  facet normal 0 0 -1
    outer loop
      vertex -9.07187603076016 -33.224757408478155 16.371532510892703
      vertex -8.943297903915207 -32.74489730635075 16.371532510892703
      vertex 9.262639152415638 -33.63385024304633 16.371532510892703
    endloop
  endfacet
  facet normal 0 0 -1
    outer loop
      vertex -8.943297903915207 -32.74489730635075 16.371532510892703
      vertex -8.9 -32.25 16.371532510892703
      vertex 8.943297903915207 -32.74489730635075 16.371532510892703
    endloop
  endfacet
  facet normal 0 0 -1
    outer loop
      vertex -8.9 -32.25 16.371532510892703
      vertex -8.943297903915207 -31.75510269364925 16.371532510892703
      vertex 8.9 -32.25 16.371532510892703
    endloop
  endfacet
  facet normal 0 0 -1
    outer loop
      vertex -10.325 -29.78182759921435 16.371532510892703
      vertex -10.775242591521843 -29.571876030760162 16.371532510892703
      vertex 9.918055312393363 -30.066773337110913 16.371532510892703
    endloop
  endfacet
  facet normal 0 0 -1
    outer loop
      vertex -9.281827599214349 -30.825 16.371532510892703
      vertex 8.943297903915207 -31.75510269364925 16.371532510892703
      vertex -9.07187603076016 -31.275242591521845 16.371532510892703
    endloop
  endfacet
  facet normal 0 0 -1
    outer loop
      vertex -10.325 -29.78182759921435 16.371532510892703
      vertex 9.918055312393363 -30.066773337110913 16.371532510892703
      vertex -9.918055312393363 -30.066773337110913 16.371532510892703
    endloop
  endfacet
  facet normal 0 0 -1
    outer loop
      vertex -9.918055312393363 -30.066773337110913 16.371532510892703
      vertex 9.566773337110913 -30.418055312393363 16.371532510892703
      vertex -9.566773337110913 -30.418055312393363 16.371532510892703
    endloop
  endfacet
  facet normal 0 0 -1
    outer loop
      vertex -9.281827599214349 -30.825 16.371532510892703
      vertex -9.566773337110913 -30.418055312393363 16.371532510892703
      vertex 9.281827599214349 -30.825 16.371532510892703
    endloop
  endfacet
  facet normal 0 0 -1
    outer loop
      vertex -8.943297903915207 -31.75510269364925 16.371532510892703
      vertex -9.07187603076016 -31.275242591521845 16.371532510892703
      vertex 8.943297903915207 -31.75510269364925 16.371532510892703
    endloop
  endfacet
  facet normal 0 0 -1
    outer loop
      vertex -10.775242591521843 -29.571876030760162 16.371532510892703
      vertex -16.1780623786531 33.32380871835418 16.371532510892703
      vertex 9.918055312393363 -30.066773337110913 16.371532510892703
    endloop
  endfacet
  facet normal 1 0 0
    outer loop
      vertex -17.88681040359731 -27 6.199999999999998
      vertex -17.88681040359731 32.893267791453866 0
      vertex -17.88681040359731 27 6.199999999999998
    endloop
  endfacet
  facet normal 1 0 0
    outer loop
      vertex -17.88681040359731 32.893267791453866 0
      vertex -17.88681040359731 27 7.399999999999999
      vertex -17.88681040359731 27 6.199999999999998
    endloop
  endfacet
  facet normal 0.9994241186455664 -0.03393274332459534 -3.743624478992489e-14
    outer loop
      vertex -17.886793026536367 32.893779599581215 0
      vertex -17.861326338477635 33.643852236617974 14.655348302439652
      vertex -17.88681040359731 32.893267791453866 0
    endloop
  endfacet
  facet normal 0.9765782765088277 -0.21496113385509236 0.00930487951457395
    outer loop
      vertex -17.886793026536367 32.893779599581215 0
      vertex -17.782273576398623 33.368616248637856 0
      vertex -17.861326338477635 33.643852236617974 14.655348302439652
    endloop
  endfacet
  facet normal 0.945757926675648 -0.3246791063325103 0.011199198243718157
    outer loop
      vertex -17.782165595749053 33.36893078552448 0
      vertex -17.861326338477635 33.643852236617974 14.655348302439652
      vertex -17.782273576398623 33.368616248637856 0
    endloop
  endfacet
  facet normal 0.9074565223787402 -0.4198340938153107 0.01618621829086984
    outer loop
      vertex -17.782165595749053 33.36893078552448 0
      vertex -17.578013908796986 33.810197425390975 0
      vertex -17.702968954889176 34.10513153625905 14.655348302439652
    endloop
  endfacet
  facet normal 0.7959499140421491 -0.6050653941283172 0.01896320554757646
    outer loop
      vertex -17.578013908796986 33.810197425390975 0
      vertex -17.28377589101417 34.19726091841979 0
      vertex -17.702968954889176 34.10513153625905 14.655348302439652
    endloop
  endfacet
  facet normal 0.7890024070521865 -0.614105223317642 0.01870765511347446
    outer loop
      vertex -17.2835716310939 34.19752335157072 0
      vertex -17.403414667392042 34.48999889270336 14.655348302439652
      vertex -17.28377589101417 34.19726091841979 0
    endloop
  endfacet
  facet normal 0.6472502378024585 -0.7620018882414449 0.020500048320273464
    outer loop
      vertex -17.2835716310939 34.19752335157072 0
      vertex -16.913005525169787 34.51228503901803 0
      vertex -17.403414667392042 34.48999889270336 14.655348302439652
    endloop
  endfacet
  facet normal 0.5468688681531024 -0.8370451159348005 0.017026888577811913
    outer loop
      vertex -16.912727120710603 34.51246692972928 0
      vertex -16.995124831100224 34.75674795604783 14.655348302439652
      vertex -16.913005525169787 34.51228503901803 0
    endloop
  endfacet
  facet normal 0.46833787230682905 -0.8833789383366445 0.017357668804742942
    outer loop
      vertex -16.912727120710603 34.51246692972928 0
      vertex -16.483160185903564 34.74020890492252 0
      vertex -16.995124831100224 34.75674795604783 14.655348302439652
    endloop
  endfacet
  facet normal 0.2675137794420326 -0.9634975554263367 0.010432569008279163
    outer loop
      vertex -16.483160185903564 34.74020890492252 0
      vertex -16.014678494655815 34.870282206218675 0
      vertex -16.995124831100224 34.75674795604783 14.655348302439652
    endloop
  endfacet
  facet normal 0.2454757365538941 -0.9693617616541126 0.008912788910261442
    outer loop
      vertex -16.014356115100757 34.870363843809365 0
      vertex -16.5223439850455 34.87647232624091 14.655348302439652
      vertex -16.014678494655815 34.870282206218675 0
    endloop
  endfacet
  facet normal 0.05413876628666421 -0.9985307893050868 0.002292770097154908
    outer loop
      vertex -16.014356115100757 34.870363843809365 0
      vertex -15.52886535061504 34.896686388205936 0
      vertex -16.5223439850455 34.87647232624091 14.655348302439652
    endloop
  endfacet
  facet normal 0.020342540193227836 -0.9997930691190486 0
    outer loop
      vertex -15.52818745568281 34.89670018116503 0
      vertex -15.52818745568281 34.89670018116503 14.889999999999999
      vertex -15.52886535061504 34.896686388205936 0
    endloop
  endfacet
  facet normal 1 0 0
    outer loop
      vertex -17.88681040359731 32.893267791453866 0
      vertex -17.88681040359731 32.893267791453866 14.889999999999999
      vertex -17.88681040359731 27 7.399999999999999
    endloop
  endfacet
  facet normal 0 -1 0
    outer loop
      vertex -15.52818745568281 34.89670018116503 0
      vertex -12.792145939473212 34.89670018116503 0
      vertex -12.792145939473212 34.89670018116503 14.889999999999999
    endloop
  endfacet
  facet normal 1 0 0
    outer loop
      vertex -17.88681040359731 -32.893267791453866 14.889999999999999
      vertex -17.88681040359731 27 7.399999999999999
      vertex -17.88681040359731 32.893267791453866 14.889999999999999
    endloop
  endfacet
  facet normal 0.9941542690575141 0 -0.10796892754269438
    outer loop
      vertex -17.88681040359731 -32.893267791453866 14.889999999999999
      vertex -17.88681040359731 32.893267791453866 14.889999999999999
      vertex -17.861326338477635 33.643852236617974 15.124651697560346
    endloop
  endfacet
  facet normal 0.952289098268748 0 -0.30519743334191896
    outer loop
      vertex -17.71828153480815 -33.18001771932063 15.570985749609319
      vertex -17.861326338477635 33.643852236617974 15.124651697560346
      vertex -17.71828153480815 33.619982280679366 15.570985749609319
    endloop
  endfacet
  facet normal 0.8128299169496194 0 -0.5825010953737986
    outer loop
      vertex -17.71828153480815 -33.18001771932063 15.570985749609319
      vertex -17.71828153480815 33.619982280679366 15.570985749609319
      vertex -17.446194149504098 33.574578926401195 15.95066017177982
    endloop
  endfacet
  facet normal 0.5930667622022368 0 -0.8051532870025158
    outer loop
      vertex -17.071697991583328 -33.51208657044396 16.22650978628255
      vertex -17.446194149504098 33.574578926401195 15.95066017177982
      vertex -17.071697991583328 33.51208657044396 16.22650978628255
    endloop
  endfacet
  facet normal 0.3128741644470327 0 -0.9497945868563219
    outer loop
      vertex -16.631451354251283 -33.43862240001862 16.371532510892703
      vertex -17.071697991583328 33.51208657044396 16.22650978628255
      vertex -16.631451354251283 33.43862240001862 16.371532510892703
    endloop
  endfacet
  facet normal 0 0 -1
    outer loop
      vertex -16.631451354251283 -33.43862240001862 16.371532510892703
      vertex -16.631451354251283 33.43862240001862 16.371532510892703
      vertex -16.60637000868037 33.28831813627443 16.371532510892703
    endloop
  endfacet
  facet normal 0 0 -1
    outer loop
      vertex -16.60637000868037 -33.51168186372557 16.371532510892703
      vertex -16.60637000868037 33.28831813627443 16.371532510892703
      vertex -16.1780623786531 33.32380871835418 16.371532510892703
    endloop
  endfacet
  facet normal 0.9457579266761474 -0.32467910633105646 0.011199198243693583
    outer loop
      vertex -17.782165595749053 33.36893078552448 0
      vertex -17.702968954889176 34.10513153625905 14.655348302439652
      vertex -17.861326338477635 33.643852236617974 14.655348302439652
    endloop
  endfacet
  facet normal 0.9994241186455416 -0.03393274332532547 0
    outer loop
      vertex -17.88681040359731 32.893267791453866 0
      vertex -17.861326338477635 33.643852236617974 14.655348302439652
      vertex -17.861326338477635 33.643852236617974 15.124651697560346
    endloop
  endfacet
  facet normal 0.9994241186455416 -0.03393274332532544 0
    outer loop
      vertex -17.88681040359731 32.893267791453866 0
      vertex -17.861326338477635 33.643852236617974 15.124651697560346
      vertex -17.88681040359731 32.893267791453866 14.889999999999999
    endloop
  endfacet
  facet normal 0.7890024070507532 -0.6141052233194829 0.01870765511349953
    outer loop
      vertex -17.28377589101417 34.19726091841979 0
      vertex -17.403414667392042 34.48999889270336 14.655348302439652
      vertex -17.702968954889176 34.10513153625905 14.655348302439652
    endloop
  endfacet
  facet normal 0.5468688681554189 -0.8370451159332873 0.017026888577799652
    outer loop
      vertex -16.913005525169787 34.51228503901803 0
      vertex -16.995124831100224 34.75674795604783 14.655348302439652
      vertex -17.403414667392042 34.48999889270336 14.655348302439652
    endloop
  endfacet
  facet normal 0.2454757365328905 -0.9693617616594379 0.008912788909536121
    outer loop
      vertex -16.014678494655815 34.870282206218675 0
      vertex -16.5223439850455 34.87647232624091 14.655348302439652
      vertex -16.995124831100224 34.75674795604783 14.655348302439652
    endloop
  endfacet
  facet normal 0.020342540192587202 -0.9997930691190617 0
    outer loop
      vertex -15.52886535061504 34.896686388205936 0
      vertex -16.5223439850455 34.87647232624091 15.124651697560346
      vertex -16.5223439850455 34.87647232624091 14.655348302439652
    endloop
  endfacet
  facet normal 0.02034254019258759 -0.9997930691190617 2.9160258800031326e-17
    outer loop
      vertex -15.52886535061504 34.896686388205936 0
      vertex -15.52818745568281 34.89670018116503 14.889999999999999
      vertex -16.5223439850455 34.87647232624091 15.124651697560346
    endloop
  endfacet
  facet normal 0 -1 0
    outer loop
      vertex -15.52818745568281 34.89670018116503 0
      vertex -12.792145939473212 34.89670018116503 14.889999999999999
      vertex -15.52818745568281 34.89670018116503 14.889999999999999
    endloop
  endfacet
  facet normal 0.9458172417006347 -0.32469946920468334 0
    outer loop
      vertex -17.861326338477635 33.643852236617974 14.655348302439652
      vertex -17.702968954889176 34.10513153625905 14.655348302439652
      vertex -17.702968954889176 34.10513153625905 15.124651697560346
    endloop
  endfacet
  facet normal 0.9458172417006347 -0.32469946920468334 0
    outer loop
      vertex -17.861326338477635 33.643852236617974 14.655348302439652
      vertex -17.702968954889176 34.10513153625905 15.124651697560346
      vertex -17.861326338477635 33.643852236617974 15.124651697560346
    endloop
  endfacet
  facet normal 0.900691448226133 -0.3092077647372693 -0.30519743334191496
    outer loop
      vertex -17.861326338477635 33.643852236617974 15.124651697560346
      vertex -17.702968954889176 34.10513153625905 15.124651697560346
      vertex -17.5754252752661 34.03610834854972 15.570985749609319
    endloop
  endfacet
  facet normal 0.9006914482261332 -0.30920776473726197 -0.30519743334192156
    outer loop
      vertex -17.861326338477635 33.643852236617974 15.124651697560346
      vertex -17.5754252752661 34.03610834854972 15.570985749609319
      vertex -17.71828153480815 33.619982280679366 15.570985749609319
    endloop
  endfacet
  facet normal 0.7514899041004321 -0.584908070312448 -0.3051974333419138
    outer loop
      vertex -17.702968954889176 34.10513153625905 15.124651697560346
      vertex -17.403414667392042 34.48999889270336 15.124651697560346
      vertex -17.5754252752661 34.03610834854972 15.570985749609319
    endloop
  endfacet
  facet normal 0.7687885500210477 -0.26392544258722284 -0.5825010953737972
    outer loop
      vertex -17.71828153480815 33.619982280679366 15.570985749609319
      vertex -17.5754252752661 34.03610834854972 15.570985749609319
      vertex -17.446194149504098 33.574578926401195 15.95066017177982
    endloop
  endfacet
  facet normal 0.7687885500210428 -0.26392544258722755 -0.5825010953738013
    outer loop
      vertex -17.5754252752661 34.03610834854972 15.570985749609319
      vertex -17.33282278003052 33.90481844365686 15.95066017177982
      vertex -17.446194149504098 33.574578926401195 15.95066017177982
    endloop
  endfacet
  facet normal 0.6414370147142467 -0.49925046824494207 -0.5825010953738037
    outer loop
      vertex -17.5754252752661 34.03610834854972 15.570985749609319
      vertex -17.30519344854663 34.38330220661671 15.570985749609319
      vertex -17.118365588103863 34.180353049477084 15.95066017177982
    endloop
  endfacet
  facet normal 0.6414370147142465 -0.4992504682449438 -0.5825010953738027
    outer loop
      vertex -17.5754252752661 34.03610834854972 15.570985749609319
      vertex -17.118365588103863 34.180353049477084 15.95066017177982
      vertex -17.33282278003052 33.90481844365686 15.95066017177982
    endloop
  endfacet
  facet normal 0.7891405093963922 -0.6142127126896695 0
    outer loop
      vertex -17.702968954889176 34.10513153625905 14.655348302439652
      vertex -17.403414667392042 34.48999889270336 14.655348302439652
      vertex -17.702968954889176 34.10513153625905 15.124651697560346
    endloop
  endfacet
  facet normal 0.5469481581224288 -0.8371664782625272 0
    outer loop
      vertex -17.403414667392042 34.48999889270336 14.655348302439652
      vertex -16.995124831100224 34.75674795604783 14.655348302439652
      vertex -16.995124831100224 34.75674795604783 15.124651697560346
    endloop
  endfacet
  facet normal 0.7891405093963922 -0.6142127126896695 0
    outer loop
      vertex -17.702968954889176 34.10513153625905 15.124651697560346
      vertex -17.403414667392042 34.48999889270336 14.655348302439652
      vertex -17.403414667392042 34.48999889270336 15.124651697560346
    endloop
  endfacet
  facet normal 0.5469481581224288 -0.8371664782625272 0
    outer loop
      vertex -17.403414667392042 34.48999889270336 14.655348302439652
      vertex -16.995124831100224 34.75674795604783 15.124651697560346
      vertex -17.403414667392042 34.48999889270336 15.124651697560346
    endloop
  endfacet
  facet normal 0.7514899041004321 -0.5849080703124478 -0.30519743334191374
    outer loop
      vertex -17.5754252752661 34.03610834854972 15.570985749609319
      vertex -17.403414667392042 34.48999889270336 15.124651697560346
      vertex -17.30519344854663 34.38330220661671 15.570985749609319
    endloop
  endfacet
  facet normal 0.5208527682981616 -0.7972245106854476 -0.30519743334191096
    outer loop
      vertex -17.403414667392042 34.48999889270336 15.124651697560346
      vertex -16.995124831100224 34.75674795604783 15.124651697560346
      vertex -17.30519344854663 34.38330220661671 15.570985749609319
    endloop
  endfacet
  facet normal 0.5208527682981505 -0.797224510685451 -0.30519743334192145
    outer loop
      vertex -17.30519344854663 34.38330220661671 15.570985749609319
      vertex -16.995124831100224 34.75674795604783 15.124651697560346
      vertex -16.936869866153618 34.62394001309101 15.570985749609319
    endloop
  endfacet
  facet normal 0.4445758259423962 -0.6804739589991337 -0.582501095373804
    outer loop
      vertex -17.30519344854663 34.38330220661671 15.570985749609319
      vertex -16.826062338115584 34.37132429396133 15.95066017177982
      vertex -17.118365588103863 34.180353049477084 15.95066017177982
    endloop
  endfacet
  facet normal 0.24548548714080567 -0.9694002659393288 0
    outer loop
      vertex -16.995124831100224 34.75674795604783 14.655348302439652
      vertex -16.5223439850455 34.87647232624091 14.655348302439652
      vertex -16.5223439850455 34.87647232624091 15.124651697560346
    endloop
  endfacet
  facet normal 0.24548548714080567 -0.9694002659393288 0
    outer loop
      vertex -16.995124831100224 34.75674795604783 14.655348302439652
      vertex -16.5223439850455 34.87647232624091 15.124651697560346
      vertex -16.995124831100224 34.75674795604783 15.124651697560346
    endloop
  endfacet
  facet normal 0.23377315318738187 -0.9231493051128469 -0.30519743334192223
    outer loop
      vertex -16.995124831100224 34.75674795604783 15.124651697560346
      vertex -16.5223439850455 34.87647232624091 15.124651697560346
      vertex -16.936869866153618 34.62394001309101 15.570985749609319
    endloop
  endfacet
  facet normal 0.2337731531873836 -0.9231493051128469 -0.3051974333419207
    outer loop
      vertex -16.5223439850455 34.87647232624091 15.124651697560346
      vertex -16.510368103368577 34.73194492776085 15.570985749609319
      vertex -16.936869866153618 34.62394001309101 15.570985749609319
    endloop
  endfacet
  facet normal 0.4445758259423926 -0.6804739589991399 -0.5825010953737997
    outer loop
      vertex -17.30519344854663 34.38330220661671 15.570985749609319
      vertex -16.936869866153618 34.62394001309101 15.570985749609319
      vertex -16.826062338115584 34.37132429396133 15.95066017177982
    endloop
  endfacet
  facet normal 0.19953794812499928 -0.787957537654403 -0.5825010953737986
    outer loop
      vertex -16.936869866153618 34.62394001309101 15.570985749609319
      vertex -16.510368103368577 34.73194492776085 15.570985749609319
      vertex -16.826062338115584 34.37132429396133 15.95066017177982
    endloop
  endfacet
  facet normal 0.1995379481250026 -0.7879575376544038 -0.5825010953737964
    outer loop
      vertex -16.510368103368577 34.73194492776085 15.570985749609319
      vertex -16.48758862275415 34.45703747954556 15.95066017177982
      vertex -16.826062338115584 34.37132429396133 15.95066017177982
    endloop
  endfacet
  facet normal 0 -0.9963050377189345 -0.08588522466567039
    outer loop
      vertex -16.5223439850455 34.87647232624091 15.124651697560346
      vertex -15.52818745568281 34.89670018116503 14.889999999999999
      vertex -12.835524714345055 34.87647232624091 15.124651697560346
    endloop
  endfacet
  facet normal 0 -0.9513663267719524 -0.30806186437863836
    outer loop
      vertex -16.5223439850455 34.87647232624091 15.124651697560346
      vertex -13.145464720588775 34.73194492776085 15.570985749609319
      vertex -16.510368103368577 34.73194492776085 15.570985749609319
    endloop
  endfacet
  facet normal 0 -0.8099717146138523 -0.5864689433597453
    outer loop
      vertex -16.510368103368577 34.73194492776085 15.570985749609319
      vertex -13.547939317259795 34.45703747954556 15.95066017177982
      vertex -16.48758862275415 34.45703747954556 15.95066017177982
    endloop
  endfacet
  facet normal 0.5609327691704452 -0.19256846289000287 -0.8051532870025171
    outer loop
      vertex -17.446194149504098 33.574578926401195 15.95066017177982
      vertex -16.99890909172707 33.72411339222195 16.22650978628255
      vertex -17.071697991583328 33.51208657044396 16.22650978628255
    endloop
  endfacet
  facet normal 0.5609327691704455 -0.19256846289000637 -0.8051532870025159
    outer loop
      vertex -17.446194149504098 33.574578926401195 15.95066017177982
      vertex -17.33282278003052 33.90481844365686 15.95066017177982
      vertex -16.99890909172707 33.72411339222195 16.22650978628255
    endloop
  endfacet
  facet normal 0.46801300683034197 -0.3642691448183162 -0.8051532870025155
    outer loop
      vertex -17.33282278003052 33.90481844365686 15.95066017177982
      vertex -17.118365588103863 34.180353049477084 15.95066017177982
      vertex -16.99890909172707 33.72411339222195 16.22650978628255
    endloop
  endfacet
  facet normal 0 0 -1
    outer loop
      vertex -16.1780623786531 33.32380871835418 16.371532510892703
      vertex -14.42812396923984 31.275242591521845 16.371532510892703
      vertex -14.218172400785651 30.825 16.371532510892703
    endloop
  endfacet
  facet normal 0 0 -1
    outer loop
      vertex -16.1780623786531 33.32380871835418 16.371532510892703
      vertex -14.218172400785651 30.825 16.371532510892703
      vertex -13.933226662889087 30.418055312393363 16.371532510892703
    endloop
  endfacet
  facet normal 0.3243767732301452 -0.4964956126874095 -0.8051532870025142
    outer loop
      vertex -17.118365588103863 34.180353049477084 15.95066017177982
      vertex -16.826062338115584 34.37132429396133 15.95066017177982
      vertex -16.861219098750134 33.90101749881524 16.22650978628255
    endloop
  endfacet
  facet normal 0.4680130068303464 -0.3642691448183141 -0.8051532870025138
    outer loop
      vertex -17.118365588103863 34.180353049477084 15.95066017177982
      vertex -16.861219098750134 33.90101749881524 16.22650978628255
      vertex -16.99890909172707 33.72411339222195 16.22650978628255
    endloop
  endfacet
  facet normal 0.32437677323014996 -0.4964956126874088 -0.8051532870025124
    outer loop
      vertex -16.861219098750134 33.90101749881524 16.22650978628255
      vertex -16.826062338115584 34.37132429396133 15.95066017177982
      vertex -16.673548859871936 34.02362858532442 16.22650978628255
    endloop
  endfacet
  facet normal 0.14558928302622462 -0.5749190769986238 -0.8051532870025188
    outer loop
      vertex -16.673548859871936 34.02362858532442 16.22650978628255
      vertex -16.48758862275415 34.45703747954556 15.95066017177982
      vertex -16.45623535747872 34.07865983801917 16.22650978628255
    endloop
  endfacet
  facet normal 0.2959217792166839 -0.10159007512380883 -0.9497945868563218
    outer loop
      vertex -17.071697991583328 33.51208657044396 16.22650978628255
      vertex -16.99890909172707 33.72411339222195 16.22650978628255
      vertex -16.631451354251283 33.43862240001862 16.371532510892703
    endloop
  endfacet
  facet normal 0.29592177921668816 -0.10159007512380319 -0.9497945868563211
    outer loop
      vertex -16.99890909172707 33.72411339222195 16.22650978628255
      vertex -16.60637000868037 33.51168186372557 16.371532510892703
      vertex -16.631451354251283 33.43862240001862 16.371532510892703
    endloop
  endfacet
  facet normal 0.24690167750870384 -0.19217128927552496 -0.9497945868563216
    outer loop
      vertex -16.99890909172707 33.72411339222195 16.22650978628255
      vertex -16.861219098750134 33.90101749881524 16.22650978628255
      vertex -16.60637000868037 33.51168186372557 16.371532510892703
    endloop
  endfacet
  facet normal 0 0 -1
    outer loop
      vertex -16.60637000868037 33.28831813627443 16.371532510892703
      vertex -16.631451354251283 33.43862240001862 16.371532510892703
      vertex -16.55892527050832 33.57263886457518 16.371532510892703
    endloop
  endfacet
  facet normal 0 0 -1
    outer loop
      vertex -16.631451354251283 33.43862240001862 16.371532510892703
      vertex -16.60637000868037 33.51168186372557 16.371532510892703
      vertex -16.55892527050832 33.57263886457518 16.371532510892703
    endloop
  endfacet
  facet normal 0 0 -1
    outer loop
      vertex -16.60637000868037 33.28831813627443 16.371532510892703
      vertex -16.55892527050832 33.57263886457518 16.371532510892703
      vertex -16.1780623786531 33.32380871835418 16.371532510892703
    endloop
  endfacet
  facet normal 0 0 -1
    outer loop
      vertex -16.55892527050832 33.57263886457518 16.371532510892703
      vertex -16.49425851329704 33.614887765680095 16.371532510892703
      vertex -16.419377383598505 33.63385024304633 16.371532510892703
    endloop
  endfacet
  facet normal 0.171125947968398 -0.2619277623894506 -0.9497945868563227
    outer loop
      vertex -16.861219098750134 33.90101749881524 16.22650978628255
      vertex -16.673548859871936 34.02362858532442 16.22650978628255
      vertex -16.55892527050832 33.57263886457518 16.371532510892703
    endloop
  endfacet
  facet normal 0.07680606667304682 -0.30330029822050086 -0.9497945868563217
    outer loop
      vertex -16.673548859871936 34.02362858532442 16.22650978628255
      vertex -16.45623535747872 34.07865983801917 16.22650978628255
      vertex -16.419377383598505 33.63385024304633 16.371532510892703
    endloop
  endfacet
  facet normal 0.2469016775086905 -0.19217128927553442 -0.9497945868563232
    outer loop
      vertex -16.861219098750134 33.90101749881524 16.22650978628255
      vertex -16.55892527050832 33.57263886457518 16.371532510892703
      vertex -16.60637000868037 33.51168186372557 16.371532510892703
    endloop
  endfacet
  facet normal 0.17112594796840785 -0.2619277623894478 -0.9497945868563217
    outer loop
      vertex -16.55892527050832 33.57263886457518 16.371532510892703
      vertex -16.673548859871936 34.02362858532442 16.22650978628255
      vertex -16.49425851329704 33.614887765680095 16.371532510892703
    endloop
  endfacet
  facet normal 0.07680606667305229 -0.30330029822049753 -0.9497945868563223
    outer loop
      vertex -16.49425851329704 33.614887765680095 16.371532510892703
      vertex -16.673548859871936 34.02362858532442 16.22650978628255
      vertex -16.419377383598505 33.63385024304633 16.371532510892703
    endloop
  endfacet
  facet normal 0.14558928302624044 -0.5749190769986272 -0.8051532870025135
    outer loop
      vertex -16.673548859871936 34.02362858532442 16.22650978628255
      vertex -16.826062338115584 34.37132429396133 15.95066017177982
      vertex -16.48758862275415 34.45703747954556 15.95066017177982
    endloop
  endfacet
  facet normal -2.4656419650930537e-16 -0.5891013969669239 -0.8080591216560943
    outer loop
      vertex -16.45623535747872 34.07865983801917 16.22650978628255
      vertex -16.48758862275415 34.45703747954556 15.95066017177982
      vertex -13.933226662889087 34.08194468760664 16.22411502403194
    endloop
  endfacet
  facet normal 0 0 -1
    outer loop
      vertex -16.55892527050832 33.57263886457518 16.371532510892703
      vertex -16.419377383598505 33.63385024304633 16.371532510892703
      vertex -14.42812396923984 33.224757408478155 16.371532510892703
    endloop
  endfacet
  facet normal 0 0 -1
    outer loop
      vertex -16.55892527050832 33.57263886457518 16.371532510892703
      vertex -14.42812396923984 33.224757408478155 16.371532510892703
      vertex -16.1780623786531 33.32380871835418 16.371532510892703
    endloop
  endfacet
  facet normal -8.880170824831657e-16 -0.3099744589008144 -0.9507448841982519
    outer loop
      vertex -16.45623535747872 34.07865983801917 16.22650978628255
      vertex -14.218172400785651 33.675 16.35811632127379
      vertex -16.419377383598505 33.63385024304633 16.371532510892703
    endloop
  endfacet
  facet normal 0 0 -1
    outer loop
      vertex -16.1780623786531 33.32380871835418 16.371532510892703
      vertex -14.6 32.25 16.371532510892703
      vertex -14.556702096084793 31.75510269364925 16.371532510892703
    endloop
  endfacet
  facet normal 0 0 -1
    outer loop
      vertex -16.1780623786531 33.32380871835418 16.371532510892703
      vertex -14.556702096084793 31.75510269364925 16.371532510892703
      vertex -14.42812396923984 31.275242591521845 16.371532510892703
    endloop
  endfacet
  facet normal 0 0 -1
    outer loop
      vertex -16.1780623786531 33.32380871835418 16.371532510892703
      vertex -14.556702096084793 32.74489730635075 16.371532510892703
      vertex -14.6 32.25 16.371532510892703
    endloop
  endfacet
  facet normal 0 0 -1
    outer loop
      vertex -16.1780623786531 33.32380871835418 16.371532510892703
      vertex -14.42812396923984 33.224757408478155 16.371532510892703
      vertex -14.556702096084793 32.74489730635075 16.371532510892703
    endloop
  endfacet
  facet normal 0 0 -1
    outer loop
      vertex -16.419377383598505 33.63385024304633 16.371532510892703
      vertex -14.237360847584362 33.63385024304633 16.371532510892703
      vertex -14.42812396923984 33.224757408478155 16.371532510892703
    endloop
  endfacet
  facet normal 0 -0.30997445890085745 -0.9507448841982379
    outer loop
      vertex -16.419377383598505 33.63385024304633 16.371532510892703
      vertex -14.218172400785651 33.675 16.35811632127379
      vertex -14.237360847584362 33.63385024304633 16.371532510892703
    endloop
  endfacet
  facet normal 0 -0.5891013969670476 -0.8080591216560042
    outer loop
      vertex -16.45623535747872 34.07865983801917 16.22650978628255
      vertex -13.933226662889087 34.08194468760664 16.22411502403194
      vertex -13.935526739332115 34.07865983801917 16.22650978628255
    endloop
  endfacet
  facet normal 0 -0.30997445890080993 -0.9507448841982533
    outer loop
      vertex -16.45623535747872 34.07865983801917 16.22650978628255
      vertex -13.935526739332115 34.07865983801917 16.22650978628255
      vertex -14.218172400785651 33.675 16.35811632127379
    endloop
  endfacet
  facet normal 2.3974160046434984e-16 -0.5891013969669217 -0.8080591216560958
    outer loop
      vertex -16.48758862275415 34.45703747954556 15.95066017177982
      vertex -13.581944687606637 34.43322666288909 15.968019032015818
      vertex -13.933226662889087 34.08194468760664 16.22411502403194
    endloop
  endfacet
  facet normal 0 0 -1
    outer loop
      vertex -16.1780623786531 33.32380871835418 16.371532510892703
      vertex -13.933226662889087 30.418055312393363 16.371532510892703
      vertex -0.4917561856947894 1.8352590699492297 16.371532510892703
    endloop
  endfacet
  facet normal 0 -0.9963050377189344 -0.0858852246656704
    outer loop
      vertex -15.52818745568281 34.89670018116503 14.889999999999999
      vertex -12.792145939473212 34.89670018116503 14.889999999999999
      vertex -12.835524714345055 34.87647232624091 15.124651697560346
    endloop
  endfacet
  facet normal 0 -0.9513663267719524 -0.3080618643786384
    outer loop
      vertex -16.5223439850455 34.87647232624091 15.124651697560346
      vertex -12.835524714345055 34.87647232624091 15.124651697560346
      vertex -13.145464720588775 34.73194492776085 15.570985749609319
    endloop
  endfacet
  facet normal -4.9932282935987005e-17 -0.8099717146138525 -0.586468943359745
    outer loop
      vertex -16.510368103368577 34.73194492776085 15.570985749609319
      vertex -13.175 34.71817240078565 15.590006973861644
      vertex -13.547939317259795 34.45703747954556 15.95066017177982
    endloop
  endfacet
  facet normal 0 -0.8099717146138484 -0.5864689433597509
    outer loop
      vertex -16.510368103368577 34.73194492776085 15.570985749609319
      vertex -13.145464720588775 34.73194492776085 15.570985749609319
      vertex -13.175 34.71817240078565 15.590006973861644
    endloop
  endfacet
  facet normal 0 -0.5891013969669409 -0.8080591216560821
    outer loop
      vertex -16.48758862275415 34.45703747954556 15.95066017177982
      vertex -13.547939317259795 34.45703747954556 15.95066017177982
      vertex -13.581944687606637 34.43322666288909 15.968019032015818
    endloop
  endfacet
  facet normal 0 0 -1
    outer loop
      vertex -1.8352590699492297 -0.4917561856947894 16.371532510892703
      vertex -1.6454482671904334 -0.95 16.371532510892703
      vertex -16.1780623786531 33.32380871835418 16.371532510892703
    endloop
  endfacet
  facet normal 0 0 -1
    outer loop
      vertex -1.8352590699492297 -0.4917561856947894 16.371532510892703
      vertex -16.1780623786531 33.32380871835418 16.371532510892703
      vertex -1.9 0 16.371532510892703
    endloop
  endfacet
  facet normal 0 0 -1
    outer loop
      vertex -16.1780623786531 33.32380871835418 16.371532510892703
      vertex -1.8352590699492297 0.4917561856947894 16.371532510892703
      vertex -1.9 0 16.371532510892703
    endloop
  endfacet
  facet normal 0 0 -1
    outer loop
      vertex -16.1780623786531 33.32380871835418 16.371532510892703
      vertex -1.6454482671904334 0.95 16.371532510892703
      vertex -1.8352590699492297 0.4917561856947894 16.371532510892703
    endloop
  endfacet
  facet normal 0 0 -1
    outer loop
      vertex -16.1780623786531 33.32380871835418 16.371532510892703
      vertex -1.3435028842544403 1.3435028842544403 16.371532510892703
      vertex -1.6454482671904334 0.95 16.371532510892703
    endloop
  endfacet
  facet normal 0 0 -1
    outer loop
      vertex -16.1780623786531 33.32380871835418 16.371532510892703
      vertex -0.95 1.6454482671904334 16.371532510892703
      vertex -1.3435028842544403 1.3435028842544403 16.371532510892703
    endloop
  endfacet
  facet normal 0 0 -1
    outer loop
      vertex -16.1780623786531 33.32380871835418 16.371532510892703
      vertex -0.4917561856947894 1.8352590699492297 16.371532510892703
      vertex -0.95 1.6454482671904334 16.371532510892703
    endloop
  endfacet
  facet normal 0 0 -1
    outer loop
      vertex -1.6454482671904334 -0.95 16.371532510892703
      vertex 10.325 -29.78182759921435 16.371532510892703
      vertex -16.1780623786531 33.32380871835418 16.371532510892703
    endloop
  endfacet
  facet normal 0 0 -1
    outer loop
      vertex -10.325 29.78182759921435 16.371532510892703
      vertex -9.918055312393363 30.066773337110913 16.371532510892703
      vertex 16.634651697560344 -33.4 16.371532510892703
    endloop
  endfacet
  facet normal 0 0 -1
    outer loop
      vertex -12.244897306350751 29.44329790391521 16.371532510892703
      vertex 0 1.9 16.371532510892703
      vertex -0.4917561856947894 1.8352590699492297 16.371532510892703
    endloop
  endfacet
  facet normal 0 0 -1
    outer loop
      vertex -12.244897306350751 29.44329790391521 16.371532510892703
      vertex 0.4917561856947894 1.8352590699492297 16.371532510892703
      vertex 0 1.9 16.371532510892703
    endloop
  endfacet
  facet normal 0 0 -1
    outer loop
      vertex -11.75 29.4 16.371532510892703
      vertex 0.95 1.6454482671904334 16.371532510892703
      vertex 0.4917561856947894 1.8352590699492297 16.371532510892703
    endloop
  endfacet
  facet normal 0 0 -1
    outer loop
      vertex -11.255102693649249 29.44329790391521 16.371532510892703
      vertex 1.3435028842544403 1.3435028842544403 16.371532510892703
      vertex 0.95 1.6454482671904334 16.371532510892703
    endloop
  endfacet
  facet normal 0 0 -1
    outer loop
      vertex -10.775242591521843 29.571876030760162 16.371532510892703
      vertex 1.6454482671904334 0.95 16.371532510892703
      vertex 1.3435028842544403 1.3435028842544403 16.371532510892703
    endloop
  endfacet
  facet normal 0 -1 0
    outer loop
      vertex -10.707854060526788 34.89670018116503 0
      vertex 10.707854060526788 34.89670018116503 14.889999999999999
      vertex -10.707854060526788 34.89670018116503 14.889999999999999
    endloop
  endfacet
  facet normal 0 0 -1
    outer loop
      vertex -12.724757408478157 29.571876030760162 16.371532510892703
      vertex -0.4917561856947894 1.8352590699492297 16.371532510892703
      vertex -13.175 29.78182759921435 16.371532510892703
    endloop
  endfacet
  facet normal 0 0 -1
    outer loop
      vertex -13.933226662889087 30.418055312393363 16.371532510892703
      vertex -13.581944687606637 30.066773337110913 16.371532510892703
      vertex -0.4917561856947894 1.8352590699492297 16.371532510892703
    endloop
  endfacet
  facet normal 0 0 -1
    outer loop
      vertex -13.581944687606637 30.066773337110913 16.371532510892703
      vertex -13.175 29.78182759921435 16.371532510892703
      vertex -0.4917561856947894 1.8352590699492297 16.371532510892703
    endloop
  endfacet
  facet normal 0 0 -1
    outer loop
      vertex -12.724757408478157 29.571876030760162 16.371532510892703
      vertex -12.244897306350751 29.44329790391521 16.371532510892703
      vertex -0.4917561856947894 1.8352590699492297 16.371532510892703
    endloop
  endfacet
  facet normal 0 0 -1
    outer loop
      vertex -12.244897306350751 29.44329790391521 16.371532510892703
      vertex -11.75 29.4 16.371532510892703
      vertex 0.4917561856947894 1.8352590699492297 16.371532510892703
    endloop
  endfacet
  facet normal 0 0 -1
    outer loop
      vertex -11.75 29.4 16.371532510892703
      vertex -11.255102693649249 29.44329790391521 16.371532510892703
      vertex 0.95 1.6454482671904334 16.371532510892703
    endloop
  endfacet
  facet normal 0 0 -1
    outer loop
      vertex -11.255102693649249 29.44329790391521 16.371532510892703
      vertex -10.775242591521843 29.571876030760162 16.371532510892703
      vertex 1.3435028842544403 1.3435028842544403 16.371532510892703
    endloop
  endfacet
  facet normal 0 0 -1
    outer loop
      vertex -10.775242591521843 29.571876030760162 16.371532510892703
      vertex -10.325 29.78182759921435 16.371532510892703
      vertex 1.6454482671904334 0.95 16.371532510892703
    endloop
  endfacet
  facet normal 0 -0.9963050377189345 -0.08588522466567042
    outer loop
      vertex -10.707854060526788 34.89670018116503 14.889999999999999
      vertex 10.664475285654945 34.87647232624091 15.124651697560346
      vertex -10.664475285654945 34.87647232624091 15.124651697560346
    endloop
  endfacet
  facet normal 0 -0.9513663267719524 -0.30806186437863836
    outer loop
      vertex -10.664475285654945 34.87647232624091 15.124651697560346
      vertex 10.354535279411225 34.73194492776085 15.570985749609319
      vertex -10.354535279411225 34.73194492776085 15.570985749609319
    endloop
  endfacet
  facet normal 1.215722054840494e-15 -0.8099717146138214 -0.5864689433597879
    outer loop
      vertex -10.354535279411225 34.73194492776085 15.570985749609319
      vertex 9.952060682740205 34.45703747954556 15.95066017177982
      vertex -10.325 34.71817240078565 15.590006973861643
    endloop
  endfacet
  facet normal 0 -0.809971714613854 -0.5864689433597432
    outer loop
      vertex -10.325 34.71817240078565 15.590006973861643
      vertex 9.952060682740205 34.45703747954556 15.95066017177982
      vertex -9.952060682740205 34.45703747954556 15.95066017177982
    endloop
  endfacet
  facet normal 0 0 -1
    outer loop
      vertex -9.918055312393363 30.066773337110913 16.371532510892703
      vertex -9.566773337110913 30.418055312393363 16.371532510892703
      vertex 9.918055312393363 30.066773337110913 16.371532510892703
    endloop
  endfacet
  facet normal 0 0 -1
    outer loop
      vertex -9.566773337110913 30.418055312393363 16.371532510892703
      vertex -9.281827599214349 30.825 16.371532510892703
      vertex 9.566773337110913 30.418055312393363 16.371532510892703
    endloop
  endfacet
  facet normal 0 0 -1
    outer loop
      vertex -9.281827599214349 30.825 16.371532510892703
      vertex -9.07187603076016 31.275242591521845 16.371532510892703
      vertex 9.281827599214349 30.825 16.371532510892703
    endloop
  endfacet
  facet normal 0 0 -1
    outer loop
      vertex -9.07187603076016 31.275242591521845 16.371532510892703
      vertex -8.943297903915207 31.75510269364925 16.371532510892703
      vertex 9.281827599214349 30.825 16.371532510892703
    endloop
  endfacet
  facet normal 0 0 -1
    outer loop
      vertex -8.943297903915207 31.75510269364925 16.371532510892703
      vertex -8.9 32.25 16.371532510892703
      vertex 8.943297903915207 31.75510269364925 16.371532510892703
    endloop
  endfacet
  facet normal 3.337865362337179e-17 -0.5891013969669215 -0.8080591216560961
    outer loop
      vertex -9.918055312393363 34.43322666288909 15.968019032015818
      vertex 9.564473260667885 34.07865983801917 16.22650978628255
      vertex -9.566773337110913 34.08194468760664 16.22411502403194
    endloop
  endfacet
  facet normal 0 0 -1
    outer loop
      vertex -9.262639152415638 33.63385024304633 16.371532510892703
      vertex 8.943297903915207 32.74489730635075 16.371532510892703
      vertex -9.07187603076016 33.224757408478155 16.371532510892703
    endloop
  endfacet
  facet normal 0 -0.5891013969670476 -0.8080591216560041
    outer loop
      vertex -9.564473260667885 34.07865983801917 16.22650978628255
      vertex -9.566773337110913 34.08194468760664 16.22411502403194
      vertex 9.564473260667885 34.07865983801917 16.22650978628255
    endloop
  endfacet
  facet normal -8.473657258935814e-17 -0.3099744589008175 -0.9507448841982509
    outer loop
      vertex -9.564473260667885 34.07865983801917 16.22650978628255
      vertex 9.262639152415638 33.63385024304633 16.371532510892703
      vertex -9.281827599214349 33.675 16.358116321273794
    endloop
  endfacet
  facet normal 0 -0.3099744589007832 -0.9507448841982621
    outer loop
      vertex -9.262639152415638 33.63385024304633 16.371532510892703
      vertex -9.281827599214349 33.675 16.358116321273794
      vertex 9.262639152415638 33.63385024304633 16.371532510892703
    endloop
  endfacet
  facet normal 0 0 -1
    outer loop
      vertex -8.9 32.25 16.371532510892703
      vertex -8.943297903915207 32.74489730635075 16.371532510892703
      vertex 8.9 32.25 16.371532510892703
    endloop
  endfacet
  facet normal 0 0 -1
    outer loop
      vertex -8.943297903915207 32.74489730635075 16.371532510892703
      vertex -9.07187603076016 33.224757408478155 16.371532510892703
      vertex 8.943297903915207 32.74489730635075 16.371532510892703
    endloop
  endfacet
  facet normal -5.458126312338249e-16 -0.5891013969669413 -0.8080591216560815
    outer loop
      vertex -9.952060682740205 34.45703747954556 15.95066017177982
      vertex 9.566773337110913 34.08194468760664 16.22411502403194
      vertex -9.918055312393363 34.43322666288909 15.968019032015818
    endloop
  endfacet
  facet normal 0 1 0
    outer loop
      vertex 12.792145939473212 -34.89670018116503 0
      vertex 12.792145939473212 -34.89670018116503 14.889999999999999
      vertex 15.77181254431719 -34.89670018116503 0
    endloop
  endfacet
  facet normal -0.03995643434082972 0.999201422814623 3.996923909502123e-14
    outer loop
      vertex 15.77181254431719 -34.89670018116503 0
      vertex 16.2776560149545 -34.87647232624091 14.655348302439652
      vertex 15.77215746859734 -34.896686388205936 0
    endloop
  endfacet
  facet normal -0.08257925579884468 0.9965834107073765 0.001473775614368618
    outer loop
      vertex 15.77215746859734 -34.896686388205936 0
      vertex 16.2776560149545 -34.87647232624091 14.655348302439652
      vertex 15.772488888421249 -34.89665892597636 0
    endloop
  endfacet
  facet normal -0.16177817792936308 0.9868032299692212 0.006870696337890141
    outer loop
      vertex 15.772488888421249 -34.89665892597636 0
      vertex 16.763694730151425 -34.83619801005715 14.655348302439652
      vertex 16.252287717581808 -34.81799990055276 0
    endloop
  endfacet
  facet normal -0.3701015249763778 0.9288847845367698 0.014068342696929848
    outer loop
      vertex 16.252287717581808 -34.81799990055276 0
      vertex 16.763694730151425 -34.83619801005715 14.655348302439652
      vertex 16.70395975142376 -34.63803731391458 0
    endloop
  endfacet
  facet normal -0.40165595271554805 0.9156833396621304 0.014018456169390844
    outer loop
      vertex 16.70395975142376 -34.63803731391458 0
      vertex 16.763694730151425 -34.83619801005715 14.655348302439652
      vertex 16.70426429703609 -34.63790372782344 0
    endloop
  endfacet
  facet normal -0.5610802597375174 0.82753147164552 0.019509115025544987
    outer loop
      vertex 16.70426429703609 -34.63790372782344 0
      vertex 17.210321478031258 -34.640289354575486 14.655348302439652
      vertex 17.106689853254398 -34.36505243050782 0
    endloop
  endfacet
  facet normal -0.6771643627592134 0.7355965879019054 0.018603378079873195
    outer loop
      vertex 17.106689853254398 -34.36505243050782 0
      vertex 17.210321478031258 -34.640289354575486 14.655348302439652
      vertex 17.10693452241254 -34.364827196680906 0
    endloop
  endfacet
  facet normal -0.7258456160409865 0.6875574888767491 0.02031849314244973
    outer loop
      vertex 17.10693452241254 -34.364827196680906 0
      vertex 17.569137320333187 -34.30997610245334 14.655348302439652
      vertex 17.441296629262315 -34.011845412097884 0
    endloop
  endfacet
  facet normal -0.8567189797277159 0.5154707071380161 0.017959394670625576
    outer loop
      vertex 17.441296629262315 -34.011845412097884 0
      vertex 17.569137320333187 -34.30997610245334 14.655348302439652
      vertex 17.691960886244054 -33.5952381761835 0
    endloop
  endfacet
  facet normal -0.8793634235239465 0.4758876866813042 0.01583916138440775
    outer loop
      vertex 17.691960886244054 -33.5952381761835 0
      vertex 17.801258992942355 -33.88105281989634 14.655348302439652
      vertex 17.69211916524829 -33.59494570220081 0
    endloop
  endfacet
  facet normal -0.9475694831365563 0.31927333235008987 0.013289615434181602
    outer loop
      vertex 17.69211916524829 -33.59494570220081 0
      vertex 17.801258992942355 -33.88105281989634 14.655348302439652
      vertex 17.84736479029884 -33.13419310628072 0
    endloop
  endfacet
  facet normal -0.9863475290579283 0.1645922917444576 0.005284829195573451
    outer loop
      vertex 17.84736479029884 -33.13419310628072 0
      vertex 17.881532510892704 -33.4 14.655348302439652
      vertex 17.847419527163108 -33.13386508623648 0
    endloop
  endfacet
  facet normal -0.9941288626935887 0.10811802934172689 0.004277392992624711
    outer loop
      vertex 17.847419527163108 -33.13386508623648 0
      vertex 17.881532510892704 -33.4 14.655348302439652
      vertex 17.89998740739822 -32.65051140960619 0
    endloop
  endfacet
  facet normal -0.9996969838691426 0.02461585755035177 1.7504301559573458e-13
    outer loop
      vertex 17.89998740739822 -32.65051140960619 0
      vertex 17.881532510892704 -33.4 14.655348302439652
      vertex 17.9 -32.65 0
    endloop
  endfacet
  facet normal -1 0 0
    outer loop
      vertex 17.9 -32.65 0
      vertex 17.9 -27 7.399999999999999
      vertex 17.9 -27 6.199999999999998
    endloop
  endfacet
  facet normal -1 0 0
    outer loop
      vertex 17.9 -32.65 0
      vertex 17.9 -32.65 14.889999999999999
      vertex 17.9 -27 7.399999999999999
    endloop
  endfacet
  facet normal -1 0 0
    outer loop
      vertex 17.9 -32.65 0
      vertex 17.9 -27 6.199999999999998
      vertex 17.9 27 6.199999999999998
    endloop
  endfacet
  facet normal 0 1 0
    outer loop
      vertex -10.707854060526788 -34.89670018116503 14.889999999999999
      vertex 10.707854060526788 -34.89670018116503 14.889999999999999
      vertex 10.707854060526788 -34.89670018116503 0
    endloop
  endfacet
  facet normal 0 0.9963050377189345 -0.0858852246656704
    outer loop
      vertex -10.664475285654945 -34.87647232624091 15.124651697560346
      vertex 10.664475285654945 -34.87647232624091 15.124651697560346
      vertex 10.707854060526788 -34.89670018116503 14.889999999999999
    endloop
  endfacet
  facet normal 0 0.9513663267719524 -0.3080618643786384
    outer loop
      vertex -10.354535279411225 -34.73194492776085 15.570985749609319
      vertex 10.354535279411225 -34.73194492776085 15.570985749609319
      vertex 10.664475285654945 -34.87647232624091 15.124651697560346
    endloop
  endfacet
  facet normal 0 0.8099717146138525 -0.586468943359745
    outer loop
      vertex -9.952060682740205 -34.45703747954556 15.95066017177982
      vertex 9.952060682740205 -34.45703747954556 15.95066017177982
      vertex 10.325 -34.71817240078565 15.590006973861644
    endloop
  endfacet
  facet normal -1.4985788041176165e-16 0.8099717146138482 -0.5864689433597509
    outer loop
      vertex -9.952060682740205 -34.45703747954556 15.95066017177982
      vertex 10.325 -34.71817240078565 15.590006973861644
      vertex 10.354535279411225 -34.73194492776085 15.570985749609319
    endloop
  endfacet
  facet normal 0 0.5891013969669409 -0.808059121656082
    outer loop
      vertex -9.952060682740205 -34.45703747954556 15.95066017177982
      vertex 9.918055312393363 -34.43322666288909 15.968019032015818
      vertex 9.952060682740205 -34.45703747954556 15.95066017177982
    endloop
  endfacet
  facet normal 0 0 -1
    outer loop
      vertex -8.943297903915207 -32.74489730635075 16.371532510892703
      vertex 8.943297903915207 -32.74489730635075 16.371532510892703
      vertex 9.07187603076016 -33.224757408478155 16.371532510892703
    endloop
  endfacet
  facet normal 0 0 -1
    outer loop
      vertex -8.9 -32.25 16.371532510892703
      vertex 8.9 -32.25 16.371532510892703
      vertex 8.943297903915207 -32.74489730635075 16.371532510892703
    endloop
  endfacet
  facet normal 0 0.5891013969669217 -0.8080591216560961
    outer loop
      vertex -9.566773337110913 -34.08194468760664 16.22411502403194
      vertex 9.566773337110913 -34.08194468760664 16.22411502403194
      vertex 9.918055312393363 -34.43322666288909 15.968019032015818
    endloop
  endfacet
  facet normal 0 0.5891013969670476 -0.8080591216560041
    outer loop
      vertex -9.564473260667885 -34.07865983801917 16.22650978628255
      vertex 9.564473260667885 -34.07865983801917 16.22650978628255
      vertex 9.566773337110913 -34.08194468760664 16.22411502403194
    endloop
  endfacet
  facet normal 0 0.3099744589007832 -0.9507448841982621
    outer loop
      vertex -9.262639152415638 -33.63385024304633 16.371532510892703
      vertex 9.262639152415638 -33.63385024304633 16.371532510892703
      vertex 9.281827599214349 -33.675 16.358116321273794
    endloop
  endfacet
  facet normal 8.429523627378859e-17 0.30997445890081754 -0.9507448841982508
    outer loop
      vertex -9.262639152415638 -33.63385024304633 16.371532510892703
      vertex 9.281827599214349 -33.675 16.358116321273794
      vertex 9.564473260667885 -34.07865983801917 16.22650978628255
    endloop
  endfacet
  facet normal 0 0 -1
    outer loop
      vertex -8.943297903915207 -32.74489730635075 16.371532510892703
      vertex 9.07187603076016 -33.224757408478155 16.371532510892703
      vertex 9.262639152415638 -33.63385024304633 16.371532510892703
    endloop
  endfacet
  facet normal 0 0 -1
    outer loop
      vertex -8.943297903915207 -31.75510269364925 16.371532510892703
      vertex 8.943297903915207 -31.75510269364925 16.371532510892703
      vertex 8.9 -32.25 16.371532510892703
    endloop
  endfacet
  facet normal 0 0 -1
    outer loop
      vertex -9.281827599214349 -30.825 16.371532510892703
      vertex 9.07187603076016 -31.275242591521845 16.371532510892703
      vertex 8.943297903915207 -31.75510269364925 16.371532510892703
    endloop
  endfacet
  facet normal 0 0 -1
    outer loop
      vertex -9.281827599214349 -30.825 16.371532510892703
      vertex 9.281827599214349 -30.825 16.371532510892703
      vertex 9.07187603076016 -31.275242591521845 16.371532510892703
    endloop
  endfacet
  facet normal 0 0 -1
    outer loop
      vertex -9.566773337110913 -30.418055312393363 16.371532510892703
      vertex 9.566773337110913 -30.418055312393363 16.371532510892703
      vertex 9.281827599214349 -30.825 16.371532510892703
    endloop
  endfacet
  facet normal 0 0 -1
    outer loop
      vertex -9.918055312393363 -30.066773337110913 16.371532510892703
      vertex 9.918055312393363 -30.066773337110913 16.371532510892703
      vertex 9.566773337110913 -30.418055312393363 16.371532510892703
    endloop
  endfacet
  facet normal 0 0 -1
    outer loop
      vertex -1.3435028842544403 -1.3435028842544403 16.371532510892703
      vertex 10.775242591521843 -29.571876030760162 16.371532510892703
      vertex 10.325 -29.78182759921435 16.371532510892703
    endloop
  endfacet
  facet normal 0 0 -1
    outer loop
      vertex -0.95 -1.6454482671904334 16.371532510892703
      vertex 11.255102693649249 -29.44329790391521 16.371532510892703
      vertex 10.775242591521843 -29.571876030760162 16.371532510892703
    endloop
  endfacet
  facet normal 0 0 -1
    outer loop
      vertex -0.95 -1.6454482671904334 16.371532510892703
      vertex 11.75 -29.4 16.371532510892703
      vertex 11.255102693649249 -29.44329790391521 16.371532510892703
    endloop
  endfacet
  facet normal 0 0 -1
    outer loop
      vertex 0.95 -1.6454482671904334 16.371532510892703
      vertex 12.244897306350751 -29.44329790391521 16.371532510892703
      vertex 11.75 -29.4 16.371532510892703
    endloop
  endfacet
  facet normal 0 0 -1
    outer loop
      vertex 0.95 -1.6454482671904334 16.371532510892703
      vertex 13.933226662889087 -30.418055312393363 16.371532510892703
      vertex 13.581944687606637 -30.066773337110913 16.371532510892703
    endloop
  endfacet
  facet normal 0 0 -1
    outer loop
      vertex 0.95 -1.6454482671904334 16.371532510892703
      vertex 14.218172400785651 -30.825 16.371532510892703
      vertex 13.933226662889087 -30.418055312393363 16.371532510892703
    endloop
  endfacet
  facet normal 0 0 -1
    outer loop
      vertex 0.95 -1.6454482671904334 16.371532510892703
      vertex 12.724757408478157 -29.571876030760162 16.371532510892703
      vertex 12.244897306350751 -29.44329790391521 16.371532510892703
    endloop
  endfacet
  facet normal 0 0 -1
    outer loop
      vertex 0.95 -1.6454482671904334 16.371532510892703
      vertex 13.175 -29.78182759921435 16.371532510892703
      vertex 12.724757408478157 -29.571876030760162 16.371532510892703
    endloop
  endfacet
  facet normal 0 0 -1
    outer loop
      vertex 0.95 -1.6454482671904334 16.371532510892703
      vertex 13.581944687606637 -30.066773337110913 16.371532510892703
      vertex 13.175 -29.78182759921435 16.371532510892703
    endloop
  endfacet
  facet normal 0 0 -1
    outer loop
      vertex -1.3435028842544403 -1.3435028842544403 16.371532510892703
      vertex 10.325 -29.78182759921435 16.371532510892703
      vertex -1.6454482671904334 -0.95 16.371532510892703
    endloop
  endfacet
  facet normal 0 0 -1
    outer loop
      vertex -1.3435028842544403 -1.3435028842544403 16.371532510892703
      vertex -0.95 -1.6454482671904334 16.371532510892703
      vertex 10.775242591521843 -29.571876030760162 16.371532510892703
    endloop
  endfacet
  facet normal 0 0 -1
    outer loop
      vertex -0.95 -1.6454482671904334 16.371532510892703
      vertex -0.4917561856947894 -1.8352590699492297 16.371532510892703
      vertex 11.75 -29.4 16.371532510892703
    endloop
  endfacet
  facet normal 0 0 -1
    outer loop
      vertex -0.4917561856947894 -1.8352590699492297 16.371532510892703
      vertex 0 -1.9 16.371532510892703
      vertex 11.75 -29.4 16.371532510892703
    endloop
  endfacet
  facet normal 0 0 -1
    outer loop
      vertex 0 -1.9 16.371532510892703
      vertex 0.4917561856947894 -1.8352590699492297 16.371532510892703
      vertex 11.75 -29.4 16.371532510892703
    endloop
  endfacet
  facet normal 0 0 -1
    outer loop
      vertex 0.4917561856947894 -1.8352590699492297 16.371532510892703
      vertex 0.95 -1.6454482671904334 16.371532510892703
      vertex 11.75 -29.4 16.371532510892703
    endloop
  endfacet
  facet normal 0 0 -1
    outer loop
      vertex -16.1780623786531 33.32380871835418 16.371532510892703
      vertex 10.325 -29.78182759921435 16.371532510892703
      vertex 9.918055312393363 -30.066773337110913 16.371532510892703
    endloop
  endfacet
  facet normal 0 0 -1
    outer loop
      vertex -10.325 29.78182759921435 16.371532510892703
      vertex 16.634651697560344 -33.4 16.371532510892703
      vertex 1.6454482671904334 0.95 16.371532510892703
    endloop
  endfacet
  facet normal 0 0 -1
    outer loop
      vertex 0.95 -1.6454482671904334 16.371532510892703
      vertex 1.3435028842544403 -1.3435028842544403 16.371532510892703
      vertex 16.634651697560344 -33.4 16.371532510892703
    endloop
  endfacet
  facet normal 0 0 -1
    outer loop
      vertex 1.3435028842544403 -1.3435028842544403 16.371532510892703
      vertex 1.6454482671904334 -0.95 16.371532510892703
      vertex 16.634651697560344 -33.4 16.371532510892703
    endloop
  endfacet
  facet normal 0 0 -1
    outer loop
      vertex 1.6454482671904334 -0.95 16.371532510892703
      vertex 1.8352590699492297 -0.4917561856947894 16.371532510892703
      vertex 16.634651697560344 -33.4 16.371532510892703
    endloop
  endfacet
  facet normal 0 0 -1
    outer loop
      vertex 16.634651697560344 -33.4 16.371532510892703
      vertex 1.8352590699492297 0.4917561856947894 16.371532510892703
      vertex 1.6454482671904334 0.95 16.371532510892703
    endloop
  endfacet
  facet normal 0 0 -1
    outer loop
      vertex 1.8352590699492297 -0.4917561856947894 16.371532510892703
      vertex 1.9 0 16.371532510892703
      vertex 16.634651697560344 -33.4 16.371532510892703
    endloop
  endfacet
  facet normal 0 0 -1
    outer loop
      vertex 16.634651697560344 -33.4 16.371532510892703
      vertex 1.9 0 16.371532510892703
      vertex 1.8352590699492297 0.4917561856947894 16.371532510892703
    endloop
  endfacet
  facet normal 0 1 0
    outer loop
      vertex 15.77181254431719 -34.89670018116503 0
      vertex 12.792145939473212 -34.89670018116503 14.889999999999999
      vertex 15.77181254431719 -34.89670018116503 14.889999999999999
    endloop
  endfacet
  facet normal -0.08257925579051763 0.9965834107080669 0.0014737756140806354
    outer loop
      vertex 15.772488888421249 -34.89665892597636 0
      vertex 16.2776560149545 -34.87647232624091 14.655348302439652
      vertex 16.763694730151425 -34.83619801005715 14.655348302439652
    endloop
  endfacet
  facet normal -0.039956434339673566 0.9992014228146692 0
    outer loop
      vertex 15.77181254431719 -34.89670018116503 0
      vertex 15.77181254431719 -34.89670018116503 14.889999999999999
      vertex 16.2776560149545 -34.87647232624091 14.655348302439652
    endloop
  endfacet
  facet normal -0.4016559527009934 0.915683339668514 0.014018456169418193
    outer loop
      vertex 16.70426429703609 -34.63790372782344 0
      vertex 16.763694730151425 -34.83619801005715 14.655348302439652
      vertex 17.210321478031258 -34.640289354575486 14.655348302439652
    endloop
  endfacet
  facet normal -0.6771643627585129 0.7355965879025501 0.01860337807988037
    outer loop
      vertex 17.10693452241254 -34.364827196680906 0
      vertex 17.210321478031258 -34.640289354575486 14.655348302439652
      vertex 17.569137320333187 -34.30997610245334 14.655348302439652
    endloop
  endfacet
  facet normal -0.8793634235240443 0.47588768668112347 0.015839161384404953
    outer loop
      vertex 17.691960886244054 -33.5952381761835 0
      vertex 17.569137320333187 -34.30997610245334 14.655348302439652
      vertex 17.801258992942355 -33.88105281989634 14.655348302439652
    endloop
  endfacet
  facet normal -0.9863475290571715 0.16459229174899134 0.0052848291956539145
    outer loop
      vertex 17.84736479029884 -33.13419310628072 0
      vertex 17.801258992942355 -33.88105281989634 14.655348302439652
      vertex 17.881532510892704 -33.4 14.655348302439652
    endloop
  endfacet
  facet normal -0.9996969838692268 0.024615857546933406 0
    outer loop
      vertex 17.9 -32.65 0
      vertex 17.881532510892704 -33.4 14.655348302439652
      vertex 17.881532510892704 -33.4 15.124651697560346
    endloop
  endfacet
  facet normal -0.9996969838692268 0.02461585754693342 0
    outer loop
      vertex 17.9 -32.65 0
      vertex 17.881532510892704 -33.4 15.124651697560346
      vertex 17.9 -32.65 14.889999999999999
    endloop
  endfacet
  facet normal 0 0.9963050377189344 -0.08588522466567039
    outer loop
      vertex 12.792145939473212 -34.89670018116503 14.889999999999999
      vertex 12.835524714345055 -34.87647232624091 15.124651697560346
      vertex 15.77181254431719 -34.89670018116503 14.889999999999999
    endloop
  endfacet
  facet normal 0 0.9513663267719524 -0.30806186437863836
    outer loop
      vertex 12.835524714345055 -34.87647232624091 15.124651697560346
      vertex 13.145464720588775 -34.73194492776085 15.570985749609319
      vertex 16.2776560149545 -34.87647232624091 15.124651697560346
    endloop
  endfacet
  facet normal 0 0.8099717146138484 -0.5864689433597509
    outer loop
      vertex 13.145464720588775 -34.73194492776085 15.570985749609319
      vertex 13.175 -34.71817240078565 15.590006973861644
      vertex 16.28963189663142 -34.73194492776085 15.570985749609319
    endloop
  endfacet
  facet normal 5.407031039586226e-17 0.8099717146138525 -0.586468943359745
    outer loop
      vertex 13.175 -34.71817240078565 15.590006973861644
      vertex 13.547939317259795 -34.45703747954556 15.95066017177982
      vertex 16.28963189663142 -34.73194492776085 15.570985749609319
    endloop
  endfacet
  facet normal 0 0.5891013969669409 -0.808059121656082
    outer loop
      vertex 13.547939317259795 -34.45703747954556 15.95066017177982
      vertex 13.581944687606637 -34.43322666288909 15.968019032015818
      vertex 16.312411377245848 -34.45703747954556 15.95066017177982
    endloop
  endfacet
  facet normal -3.25981046429788e-16 0.5891013969669164 -0.8080591216560998
    outer loop
      vertex 13.581944687606637 -34.43322666288909 15.968019032015818
      vertex 13.933226662889087 -34.08194468760664 16.224115024031935
      vertex 16.312411377245848 -34.45703747954556 15.95066017177982
    endloop
  endfacet
  facet normal 0 0 -1
    outer loop
      vertex 0.95 -1.6454482671904334 16.371532510892703
      vertex 14.42812396923984 -31.275242591521845 16.371532510892703
      vertex 14.218172400785651 -30.825 16.371532510892703
    endloop
  endfacet
  facet normal 0 0 -1
    outer loop
      vertex 0.95 -1.6454482671904334 16.371532510892703
      vertex 16.634651697560344 -33.4 16.371532510892703
      vertex 14.42812396923984 -31.275242591521845 16.371532510892703
    endloop
  endfacet
  facet normal 0 0.9963050377189344 -0.0858852246656704
    outer loop
      vertex 12.835524714345055 -34.87647232624091 15.124651697560346
      vertex 16.2776560149545 -34.87647232624091 15.124651697560346
      vertex 15.77181254431719 -34.89670018116503 14.889999999999999
    endloop
  endfacet
  facet normal 0 0.9513663267719525 -0.3080618643786384
    outer loop
      vertex 13.145464720588775 -34.73194492776085 15.570985749609319
      vertex 16.28963189663142 -34.73194492776085 15.570985749609319
      vertex 16.2776560149545 -34.87647232624091 15.124651697560346
    endloop
  endfacet
  facet normal 0 0.8099717146138523 -0.5864689433597453
    outer loop
      vertex 13.547939317259795 -34.45703747954556 15.95066017177982
      vertex 16.312411377245848 -34.45703747954556 15.95066017177982
      vertex 16.28963189663142 -34.73194492776085 15.570985749609319
    endloop
  endfacet
  facet normal -0.039956434339673566 0.9992014228146692 0
    outer loop
      vertex 15.77181254431719 -34.89670018116503 14.889999999999999
      vertex 16.2776560149545 -34.87647232624091 15.124651697560346
      vertex 16.2776560149545 -34.87647232624091 14.655348302439652
    endloop
  endfacet
  facet normal -0.08257934547233672 0.9965844930066695 0
    outer loop
      vertex 16.2776560149545 -34.87647232624091 14.655348302439652
      vertex 16.2776560149545 -34.87647232624091 15.124651697560346
      vertex 16.763694730151425 -34.83619801005715 15.124651697560346
    endloop
  endfacet
  facet normal -0.08257934547233672 0.9965844930066695 0
    outer loop
      vertex 16.2776560149545 -34.87647232624091 14.655348302439652
      vertex 16.763694730151425 -34.83619801005715 15.124651697560346
      vertex 16.763694730151425 -34.83619801005715 14.655348302439652
    endloop
  endfacet
  facet normal -0.4016954246529714 0.9157733266550566 0
    outer loop
      vertex 16.763694730151425 -34.83619801005715 14.655348302439652
      vertex 16.763694730151425 -34.83619801005715 15.124651697560346
      vertex 17.210321478031258 -34.640289354575486 14.655348302439652
    endloop
  endfacet
  facet normal -0.4016954246529714 0.9157733266550566 0
    outer loop
      vertex 16.763694730151425 -34.83619801005715 15.124651697560346
      vertex 17.210321478031258 -34.640289354575486 15.124651697560346
      vertex 17.210321478031258 -34.640289354575486 14.655348302439652
    endloop
  endfacet
  facet normal -0.07863941043547491 0.949036548193938 -0.30519743334192057
    outer loop
      vertex 16.2776560149545 -34.87647232624091 15.124651697560346
      vertex 16.28963189663142 -34.73194492776085 15.570985749609319
      vertex 16.763694730151425 -34.83619801005715 15.124651697560346
    endloop
  endfacet
  facet normal -0.0671229625220327 0.8100536906838899 -0.582501095373798
    outer loop
      vertex 16.28963189663142 -34.73194492776085 15.570985749609319
      vertex 16.312411377245848 -34.45703747954556 15.95066017177982
      vertex 16.728093755954017 -34.69561294225282 15.570985749609319
    endloop
  endfacet
  facet normal -0.07863941043547411 0.9490365481939383 -0.3051974333419198
    outer loop
      vertex 16.763694730151425 -34.83619801005715 15.124651697560346
      vertex 16.28963189663142 -34.73194492776085 15.570985749609319
      vertex 16.728093755954017 -34.69561294225282 15.570985749609319
    endloop
  endfacet
  facet normal -0.3825301737214609 0.8720809554589177 -0.30519743334191096
    outer loop
      vertex 16.763694730151425 -34.83619801005715 15.124651697560346
      vertex 17.13100156591984 -34.51888119094557 15.570985749609319
      vertex 17.210321478031258 -34.640289354575486 15.124651697560346
    endloop
  endfacet
  facet normal -0.38253017372145265 0.8720809554589185 -0.30519743334191857
    outer loop
      vertex 16.763694730151425 -34.83619801005715 15.124651697560346
      vertex 16.728093755954017 -34.69561294225282 15.570985749609319
      vertex 17.13100156591984 -34.51888119094557 15.570985749609319
    endloop
  endfacet
  facet normal -0.06712296252204096 0.810053690683885 -0.5825010953738039
    outer loop
      vertex 16.728093755954017 -34.69561294225282 15.570985749609319
      vertex 16.312411377245848 -34.45703747954556 15.95066017177982
      vertex 16.660376678960212 -34.42820425259461 15.95066017177982
    endloop
  endfacet
  facet normal -0.32651005865970906 0.7443679570497056 -0.5825010953738036
    outer loop
      vertex 16.728093755954017 -34.69561294225282 15.570985749609319
      vertex 16.660376678960212 -34.42820425259461 15.95066017177982
      vertex 17.13100156591984 -34.51888119094557 15.570985749609319
    endloop
  endfacet
  facet normal -0.32651005865970867 0.7443679570497059 -0.5825010953738032
    outer loop
      vertex 17.13100156591984 -34.51888119094557 15.570985749609319
      vertex 16.660376678960212 -34.42820425259461 15.95066017177982
      vertex 16.98012612734879 -34.28794914064224 15.95066017177982
    endloop
  endfacet
  facet normal -0.6772815716257415 0.7357239106731311 0
    outer loop
      vertex 17.210321478031258 -34.640289354575486 14.655348302439652
      vertex 17.210321478031258 -34.640289354575486 15.124651697560346
      vertex 17.569137320333187 -34.30997610245334 14.655348302439652
    endloop
  endfacet
  facet normal -0.6772815716257415 0.7357239106731311 0
    outer loop
      vertex 17.569137320333187 -34.30997610245334 14.655348302439652
      vertex 17.210321478031258 -34.640289354575486 15.124651697560346
      vertex 17.569137320333187 -34.30997610245334 15.124651697560346
    endloop
  endfacet
  facet normal -0.6449678571175245 0.70062185946967 -0.3051974333419116
    outer loop
      vertex 17.210321478031258 -34.640289354575486 15.124651697560346
      vertex 17.13100156591984 -34.51888119094557 15.570985749609319
      vertex 17.454694013560278 -34.22090130136889 15.570985749609319
    endloop
  endfacet
  facet normal -0.644967857117518 0.7006218594696733 -0.30519743334191796
    outer loop
      vertex 17.210321478031258 -34.640289354575486 15.124651697560346
      vertex 17.454694013560278 -34.22090130136889 15.570985749609319
      vertex 17.569137320333187 -34.30997610245334 15.124651697560346
    endloop
  endfacet
  facet normal -0.5505147236160541 0.5980184052102909 -0.5825010953738026
    outer loop
      vertex 17.13100156591984 -34.51888119094557 15.570985749609319
      vertex 16.98012612734879 -34.28794914064224 15.95066017177982
      vertex 17.237009908254795 -34.05147096135077 15.95066017177982
    endloop
  endfacet
  facet normal -0.5505147236160646 0.5980184052102877 -0.5825010953737959
    outer loop
      vertex 17.13100156591984 -34.51888119094557 15.570985749609319
      vertex 17.237009908254795 -34.05147096135077 15.95066017177982
      vertex 17.454694013560278 -34.22090130136889 15.570985749609319
    endloop
  endfacet
  facet normal -0.8794737512064885 0.4759473930370745 0
    outer loop
      vertex 17.569137320333187 -34.30997610245334 14.655348302439652
      vertex 17.569137320333187 -34.30997610245334 15.124651697560346
      vertex 17.801258992942355 -33.88105281989634 14.655348302439652
    endloop
  endfacet
  facet normal -0.9863613034027229 0.16459459028073076 0
    outer loop
      vertex 17.801258992942355 -33.88105281989634 14.655348302439652
      vertex 17.881532510892704 -33.4 15.124651697560346
      vertex 17.881532510892704 -33.4 14.655348302439652
    endloop
  endfacet
  facet normal -0.8794737512064885 0.4759473930370745 0
    outer loop
      vertex 17.569137320333187 -34.30997610245334 15.124651697560346
      vertex 17.801258992942355 -33.88105281989634 15.124651697560346
      vertex 17.801258992942355 -33.88105281989634 14.655348302439652
    endloop
  endfacet
  facet normal -0.9863613034027229 0.16459459028073076 0
    outer loop
      vertex 17.801258992942355 -33.88105281989634 14.655348302439652
      vertex 17.801258992942355 -33.88105281989634 15.124651697560346
      vertex 17.881532510892704 -33.4 15.124651697560346
    endloop
  endfacet
  facet normal -0.8375132654874605 0.45323951373863725 -0.3051974333419171
    outer loop
      vertex 17.569137320333187 -34.30997610245334 15.124651697560346
      vertex 17.454694013560278 -34.22090130136889 15.570985749609319
      vertex 17.801258992942355 -33.88105281989634 15.124651697560346
    endloop
  endfacet
  facet normal -0.8375132654874611 0.4532395137386347 -0.30519743334191946
    outer loop
      vertex 17.454694013560278 -34.22090130136889 15.570985749609319
      vertex 17.664093999567665 -33.83396401819281 15.570985749609319
      vertex 17.801258992942355 -33.88105281989634 15.124651697560346
    endloop
  endfacet
  facet normal -0.7148625761525423 0.3868642799547116 -0.5825010953737969
    outer loop
      vertex 17.454694013560278 -34.22090130136889 15.570985749609319
      vertex 17.237009908254795 -34.05147096135077 15.95066017177982
      vertex 17.40319067805451 -33.74439579478346 15.95066017177982
    endloop
  endfacet
  facet normal -0.7148625761525422 0.38686427995471173 -0.582501095373797
    outer loop
      vertex 17.454694013560278 -34.22090130136889 15.570985749609319
      vertex 17.40319067805451 -33.74439579478346 15.95066017177982
      vertex 17.664093999567665 -33.83396401819281 15.570985749609319
    endloop
  endfacet
  facet normal -0.8017439763271533 0.13378740714824752 -0.5825010953737977
    outer loop
      vertex 17.664093999567665 -33.83396401819281 15.570985749609319
      vertex 17.40319067805451 -33.74439579478346 15.95066017177982
      vertex 17.46066017177982 -33.4 15.95066017177982
    endloop
  endfacet
  facet normal -0.8017439763271538 0.13378740714824686 -0.582501095373797
    outer loop
      vertex 17.664093999567665 -33.83396401819281 15.570985749609319
      vertex 17.46066017177982 -33.4 15.95066017177982
      vertex 17.73650978628255 -33.4 15.570985749609319
    endloop
  endfacet
  facet normal -0.9393011161845641 0.1567416339583553 -0.3051974333419221
    outer loop
      vertex 17.801258992942355 -33.88105281989634 15.124651697560346
      vertex 17.664093999567665 -33.83396401819281 15.570985749609319
      vertex 17.73650978628255 -33.4 15.570985749609319
    endloop
  endfacet
  facet normal -0.9393011161845662 0.15674163395835117 -0.305197433341918
    outer loop
      vertex 17.801258992942355 -33.88105281989634 15.124651697560346
      vertex 17.73650978628255 -33.4 15.570985749609319
      vertex 17.881532510892704 -33.4 15.124651697560346
    endloop
  endfacet
  facet normal 0 0.5891013969676181 -0.8080591216555881
    outer loop
      vertex 13.935526739332115 -34.07865983801917 16.22650978628255
      vertex 16.343764642521275 -34.07865983801917 16.22650978628255
      vertex 13.933226662889087 -34.08194468760664 16.224115024031935
    endloop
  endfacet
  facet normal 0 0.3099744589008175 -0.950744884198251
    outer loop
      vertex 13.935526739332115 -34.07865983801917 16.22650978628255
      vertex 14.218172400785651 -33.675 16.358116321273794
      vertex 16.343764642521275 -34.07865983801917 16.22650978628255
    endloop
  endfacet
  facet normal -6.6083279988563436e-15 0.30997445890078595 -0.950744884198261
    outer loop
      vertex 14.218172400785651 -33.675 16.358116321273794
      vertex 14.237360847584362 -33.63385024304633 16.371532510892703
      vertex 16.343764642521275 -34.07865983801917 16.22650978628255
    endloop
  endfacet
  facet normal 0 0 -1
    outer loop
      vertex 14.237360847584362 -33.63385024304633 16.371532510892703
      vertex 14.42812396923984 -33.224757408478155 16.371532510892703
      vertex 16.380622616401492 -33.63385024304633 16.371532510892703
    endloop
  endfacet
  facet normal 0 0 -1
    outer loop
      vertex 14.42812396923984 -33.224757408478155 16.371532510892703
      vertex 14.556702096084793 -32.74489730635075 16.371532510892703
      vertex 16.634651697560344 -33.4 16.371532510892703
    endloop
  endfacet
  facet normal 0 0 -1
    outer loop
      vertex 14.556702096084793 -31.75510269364925 16.371532510892703
      vertex 14.42812396923984 -31.275242591521845 16.371532510892703
      vertex 16.634651697560344 -33.4 16.371532510892703
    endloop
  endfacet
  facet normal 1.4491332534594173e-15 0.5891013969669238 -0.8080591216560944
    outer loop
      vertex 13.933226662889087 -34.08194468760664 16.224115024031935
      vertex 16.343764642521275 -34.07865983801917 16.22650978628255
      vertex 16.312411377245848 -34.45703747954556 15.95066017177982
    endloop
  endfacet
  facet normal 0 0.30997445890081426 -0.9507448841982519
    outer loop
      vertex 14.237360847584362 -33.63385024304633 16.371532510892703
      vertex 16.380622616401492 -33.63385024304633 16.371532510892703
      vertex 16.343764642521275 -34.07865983801917 16.22650978628255
    endloop
  endfacet
  facet normal 0 0 -1
    outer loop
      vertex 14.42812396923984 -33.224757408478155 16.371532510892703
      vertex 16.634651697560344 -33.4 16.371532510892703
      vertex 16.380622616401492 -33.63385024304633 16.371532510892703
    endloop
  endfacet
  facet normal 0 0 -1
    outer loop
      vertex 14.556702096084793 -32.74489730635075 16.371532510892703
      vertex 14.6 -32.25 16.371532510892703
      vertex 16.634651697560344 -33.4 16.371532510892703
    endloop
  endfacet
  facet normal 0 0 -1
    outer loop
      vertex 14.6 -32.25 16.371532510892703
      vertex 14.556702096084793 -31.75510269364925 16.371532510892703
      vertex 16.634651697560344 -33.4 16.371532510892703
    endloop
  endfacet
  facet normal -0.048975065044064556 0.5910411385284237 -0.805153287002515
    outer loop
      vertex 16.312411377245848 -34.45703747954556 15.95066017177982
      vertex 16.567172118478783 -34.06014776677217 16.22650978628255
      vertex 16.660376678960212 -34.42820425259461 15.95066017177982
    endloop
  endfacet
  facet normal -0.23823220489038577 0.5431147217504887 -0.8051532870025153
    outer loop
      vertex 16.660376678960212 -34.42820425259461 15.95066017177982
      vertex 16.567172118478783 -34.06014776677217 16.22650978628255
      vertex 16.98012612734879 -34.28794914064224 15.95066017177982
    endloop
  endfacet
  facet normal -0.04897506504405694 0.5910411385284206 -0.8051532870025176
    outer loop
      vertex 16.312411377245848 -34.45703747954556 15.95066017177982
      vertex 16.343764642521275 -34.07865983801917 16.22650978628255
      vertex 16.567172118478783 -34.06014776677217 16.22650978628255
    endloop
  endfacet
  facet normal -0.025836943715239456 0.3118055405503325 -0.9497945868563216
    outer loop
      vertex 16.343764642521275 -34.07865983801917 16.22650978628255
      vertex 16.380622616401492 -33.63385024304633 16.371532510892703
      vertex 16.567172118478783 -34.06014776677217 16.22650978628255
    endloop
  endfacet
  facet normal -0.2382322048903845 0.54311472175049 -0.8051532870025147
    outer loop
      vertex 16.98012612734879 -34.28794914064224 15.95066017177982
      vertex 16.567172118478783 -34.06014776677217 16.22650978628255
      vertex 16.772463901456437 -33.9700984417474 16.22650978628255
    endloop
  endfacet
  facet normal -0.40167318878331876 0.4363333975776837 -0.8051532870025156
    outer loop
      vertex 16.98012612734879 -34.28794914064224 15.95066017177982
      vertex 16.772463901456437 -33.9700984417474 16.22650978628255
      vertex 17.237009908254795 -34.05147096135077 15.95066017177982
    endloop
  endfacet
  facet normal -0.4016731887833227 0.43633339757767375 -0.8051532870025192
    outer loop
      vertex 16.772463901456437 -33.9700984417474 16.22650978628255
      vertex 16.937393441338383 -33.818270104570544 16.22650978628255
      vertex 17.237009908254795 -34.05147096135077 15.95066017177982
    endloop
  endfacet
  facet normal -0.1256801203504916 0.2865218144000832 -0.9497945868563213
    outer loop
      vertex 16.567172118478783 -34.06014776677217 16.22650978628255
      vertex 16.528342313780932 -33.59644253526492 16.371532510892703
      vertex 16.772463901456437 -33.9700984417474 16.22650978628255
    endloop
  endfacet
  facet normal -0.025836943715255755 0.31180554055032594 -0.9497945868563231
    outer loop
      vertex 16.380622616401492 -33.63385024304633 16.371532510892703
      vertex 16.457603586284016 -33.62747141801811 16.371532510892703
      vertex 16.567172118478783 -34.06014776677217 16.22650978628255
    endloop
  endfacet
  facet normal -0.1256801203504718 0.28652181440008545 -0.9497945868563235
    outer loop
      vertex 16.567172118478783 -34.06014776677217 16.22650978628255
      vertex 16.457603586284016 -33.62747141801811 16.371532510892703
      vertex 16.528342313780932 -33.59644253526492 16.371532510892703
    endloop
  endfacet
  facet normal -0.21190390581778232 0.23018900381555707 -0.9497945868563212
    outer loop
      vertex 16.528342313780932 -33.59644253526492 16.371532510892703
      vertex 16.585173160143498 -33.54412605569578 16.371532510892703
      vertex 16.772463901456437 -33.9700984417474 16.22650978628255
    endloop
  endfacet
  facet normal 0 0 -1
    outer loop
      vertex 16.380622616401492 -33.63385024304633 16.371532510892703
      vertex 16.528342313780932 -33.59644253526492 16.371532510892703
      vertex 16.457603586284016 -33.62747141801811 16.371532510892703
    endloop
  endfacet
  facet normal 0 0 -1
    outer loop
      vertex 16.380622616401492 -33.63385024304633 16.371532510892703
      vertex 16.634651697560344 -33.4 16.371532510892703
      vertex 16.528342313780932 -33.59644253526492 16.371532510892703
    endloop
  endfacet
  facet normal 0 0 -1
    outer loop
      vertex 16.528342313780932 -33.59644253526492 16.371532510892703
      vertex 16.634651697560344 -33.4 16.371532510892703
      vertex 16.585173160143498 -33.54412605569578 16.371532510892703
    endloop
  endfacet
  facet normal 0 0 -1
    outer loop
      vertex 16.585173160143498 -33.54412605569578 16.371532510892703
      vertex 16.634651697560344 -33.4 16.371532510892703
      vertex 16.6219376213469 -33.47619128164582 16.371532510892703
    endloop
  endfacet
  facet normal -0.27516461506182827 0.14891164291721512 -0.9497945868563222
    outer loop
      vertex 16.585173160143498 -33.54412605569578 16.371532510892703
      vertex 16.6219376213469 -33.47619128164582 16.371532510892703
      vertex 17.044088063332925 -33.6211157114341 16.22650978628255
    endloop
  endfacet
  facet normal -0.21190390581778054 0.23018900381555787 -0.9497945868563215
    outer loop
      vertex 16.585173160143498 -33.54412605569578 16.371532510892703
      vertex 16.937393441338383 -33.818270104570544 16.22650978628255
      vertex 16.772463901456437 -33.9700984417474 16.22650978628255
    endloop
  endfacet
  facet normal -0.27516461506182727 0.1489116429172203 -0.9497945868563217
    outer loop
      vertex 16.585173160143498 -33.54412605569578 16.371532510892703
      vertex 17.044088063332925 -33.6211157114341 16.22650978628255
      vertex 16.937393441338383 -33.818270104570544 16.22650978628255
    endloop
  endfacet
  facet normal -0.3086069686450125 0.05149739490658532 -0.949794586856322
    outer loop
      vertex 16.634651697560344 -33.4 16.371532510892703
      vertex 17.08098574960932 -33.4 16.22650978628255
      vertex 17.044088063332925 -33.6211157114341 16.22650978628255
    endloop
  endfacet
  facet normal -0.30860696864501636 0.051497394906577704 -0.9497945868563211
    outer loop
      vertex 16.6219376213469 -33.47619128164582 16.371532510892703
      vertex 16.634651697560344 -33.4 16.371532510892703
      vertex 17.044088063332925 -33.6211157114341 16.22650978628255
    endloop
  endfacet
  facet normal -0.5215866500698827 0.2822685793670948 -0.8051532870025184
    outer loop
      vertex 16.937393441338383 -33.818270104570544 16.22650978628255
      vertex 17.044088063332925 -33.6211157114341 16.22650978628255
      vertex 17.237009908254795 -34.05147096135077 15.95066017177982
    endloop
  endfacet
  facet normal -0.5215866500698878 0.2822685793670913 -0.8051532870025163
    outer loop
      vertex 17.044088063332925 -33.6211157114341 16.22650978628255
      vertex 17.40319067805451 -33.74439579478346 15.95066017177982
      vertex 17.237009908254795 -34.05147096135077 15.95066017177982
    endloop
  endfacet
  facet normal -0.5849781045706287 0.09761558073379666 -0.8051532870025174
    outer loop
      vertex 17.044088063332925 -33.6211157114341 16.22650978628255
      vertex 17.08098574960932 -33.4 16.22650978628255
      vertex 17.46066017177982 -33.4 15.95066017177982
    endloop
  endfacet
  facet normal -0.5849781045706297 0.09761558073379986 -0.8051532870025163
    outer loop
      vertex 17.044088063332925 -33.6211157114341 16.22650978628255
      vertex 17.46066017177982 -33.4 15.95066017177982
      vertex 17.40319067805451 -33.74439579478346 15.95066017177982
    endloop
  endfacet
  facet normal -1 0 0
    outer loop
      vertex 17.9 -27 7.399999999999999
      vertex 17.9 -32.65 14.889999999999999
      vertex 17.9 32.65 14.889999999999999
    endloop
  endfacet
  facet normal -0.9969173337331276 0 -0.0784590957278492
    outer loop
      vertex 17.881532510892704 -33.4 15.124651697560346
      vertex 17.9 32.65 14.889999999999999
      vertex 17.9 -32.65 14.889999999999999
    endloop
  endfacet
  facet normal -0.8090169943749491 0 -0.5877852522924709
    outer loop
      vertex 17.73650978628255 -33.4 15.570985749609319
      vertex 17.46066017177982 -33.4 15.95066017177982
      vertex 17.73650978628255 33.4 15.570985749609319
    endloop
  endfacet
  facet normal -0.9510565162951539 0 -0.30901699437494634
    outer loop
      vertex 17.881532510892704 -33.4 15.124651697560346
      vertex 17.73650978628255 -33.4 15.570985749609319
      vertex 17.73650978628255 33.4 15.570985749609319
    endloop
  endfacet
  facet normal -0.30901699437494523 0 -0.9510565162951543
    outer loop
      vertex 16.634651697560344 -33.4 16.371532510892703
      vertex 17.08098574960932 33.4 16.22650978628255
      vertex 17.08098574960932 -33.4 16.22650978628255
    endloop
  endfacet
  facet normal -0.587785252292469 0 -0.8090169943749503
    outer loop
      vertex 17.46066017177982 -33.4 15.95066017177982
      vertex 17.08098574960932 -33.4 16.22650978628255
      vertex 17.08098574960932 33.4 16.22650978628255
    endloop
  endfacet
  facet normal 0 -1 0
    outer loop
      vertex -10.707854060526788 34.89670018116503 0
      vertex 10.707854060526788 34.89670018116503 0
      vertex 10.707854060526788 34.89670018116503 14.889999999999999
    endloop
  endfacet
  facet normal -1 0 0
    outer loop
      vertex 17.9 -32.65 0
      vertex 17.9 27 6.199999999999998
      vertex 17.9 32.65 0
    endloop
  endfacet
  facet normal 0 -1 0
    outer loop
      vertex 12.792145939473212 34.89670018116503 0
      vertex 15.771812544317187 34.89670018116503 0
      vertex 15.771812544317187 34.89670018116503 14.889999999999999
    endloop
  endfacet
  facet normal -0.03995643434082972 -0.999201422814623 3.99740945667991e-14
    outer loop
      vertex 15.771812544317187 34.89670018116503 0
      vertex 15.772157468597339 34.896686388205936 0
      vertex 16.2776560149545 34.87647232624091 14.655348302439652
    endloop
  endfacet
  facet normal -0.08257925579884468 -0.9965834107073765 0.001473775614368628
    outer loop
      vertex 15.772488888421247 34.89665892597636 0
      vertex 16.2776560149545 34.87647232624091 14.655348302439652
      vertex 15.772157468597339 34.896686388205936 0
    endloop
  endfacet
  facet normal -0.16177817792936253 -0.9868032299692214 0.006870696337890122
    outer loop
      vertex 15.772488888421247 34.89665892597636 0
      vertex 16.252287717581808 34.81799990055276 0
      vertex 16.763694730151425 34.83619801005715 14.655348302439652
    endloop
  endfacet
  facet normal -0.3701015249763778 -0.9288847845367698 0.014068342696929848
    outer loop
      vertex 16.252287717581808 34.81799990055276 0
      vertex 16.70395975142376 34.63803731391458 0
      vertex 16.763694730151425 34.83619801005715 14.655348302439652
    endloop
  endfacet
  facet normal -0.40165595271554805 -0.9156833396621304 0.014018456169390844
    outer loop
      vertex 16.70426429703609 34.63790372782344 0
      vertex 16.763694730151425 34.83619801005715 14.655348302439652
      vertex 16.70395975142376 34.63803731391458 0
    endloop
  endfacet
  facet normal -0.5610802597375174 -0.82753147164552 0.019509115025544987
    outer loop
      vertex 16.70426429703609 34.63790372782344 0
      vertex 17.106689853254398 34.36505243050782 0
      vertex 17.210321478031258 34.640289354575486 14.655348302439652
    endloop
  endfacet
  facet normal -0.8567189797277197 -0.5154707071380096 0.017959394670625475
    outer loop
      vertex 17.441296629262315 34.011845412097884 0
      vertex 17.691960886244054 33.59523817618349 0
      vertex 17.569137320333187 34.30997610245334 14.655348302439652
    endloop
  endfacet
  facet normal -0.9996969838691426 -0.024615857550351773 0
    outer loop
      vertex 17.9 32.65 0
      vertex 17.9 32.65 14.889999999999999
      vertex 17.89998740739822 32.65051140960619 0
    endloop
  endfacet
  facet normal -0.9941288626935887 -0.10811802934172689 0.004277392992624711
    outer loop
      vertex 17.89998740739822 32.65051140960619 0
      vertex 17.881532510892704 33.4 14.655348302439652
      vertex 17.847419527163108 33.13386508623648 0
    endloop
  endfacet
  facet normal -0.947569483136555 -0.3192733323500943 0.01328961543418183
    outer loop
      vertex 17.69211916524829 33.5949457022008 0
      vertex 17.84736479029884 33.13419310628072 0
      vertex 17.801258992942355 33.88105281989634 14.655348302439652
    endloop
  endfacet
  facet normal -0.9863475290579283 -0.1645922917444576 0.005284829195573451
    outer loop
      vertex 17.847419527163108 33.13386508623648 0
      vertex 17.881532510892704 33.4 14.655348302439652
      vertex 17.84736479029884 33.13419310628072 0
    endloop
  endfacet
  facet normal -0.8793634235239465 -0.4758876866813042 0.01583916138440798
    outer loop
      vertex 17.69211916524829 33.5949457022008 0
      vertex 17.801258992942355 33.88105281989634 14.655348302439652
      vertex 17.691960886244054 33.59523817618349 0
    endloop
  endfacet
  facet normal -0.6771643627592134 -0.7355965879019054 0.018603378079873195
    outer loop
      vertex 17.10693452241254 34.364827196680906 0
      vertex 17.210321478031258 34.640289354575486 14.655348302439652
      vertex 17.106689853254398 34.36505243050782 0
    endloop
  endfacet
  facet normal -0.7258456160409865 -0.6875574888767491 0.02031849314244973
    outer loop
      vertex 17.441296629262315 34.011845412097884 0
      vertex 17.569137320333187 34.30997610245334 14.655348302439652
      vertex 17.10693452241254 34.364827196680906 0
    endloop
  endfacet
  facet normal -1 0 0
    outer loop
      vertex 17.9 32.65 0
      vertex 17.9 27 6.199999999999998
      vertex 17.9 32.65 14.889999999999999
    endloop
  endfacet
  facet normal 0 0 -1
    outer loop
      vertex -9.918055312393363 30.066773337110913 16.371532510892703
      vertex 10.775242591521843 29.571876030760162 16.371532510892703
      vertex 16.634651697560344 -33.4 16.371532510892703
    endloop
  endfacet
  facet normal 0 -0.9963050377189344 -0.08588522466567039
    outer loop
      vertex -10.707854060526788 34.89670018116503 14.889999999999999
      vertex 10.707854060526788 34.89670018116503 14.889999999999999
      vertex 10.664475285654945 34.87647232624091 15.124651697560346
    endloop
  endfacet
  facet normal 0 -0.9513663267719524 -0.3080618643786384
    outer loop
      vertex -10.664475285654945 34.87647232624091 15.124651697560346
      vertex 10.664475285654945 34.87647232624091 15.124651697560346
      vertex 10.354535279411225 34.73194492776085 15.570985749609319
    endloop
  endfacet
  facet normal -8.093290365332415e-18 -0.8099717146138526 -0.586468943359745
    outer loop
      vertex -10.354535279411225 34.73194492776085 15.570985749609319
      vertex 10.325 34.71817240078565 15.590006973861644
      vertex 9.952060682740205 34.45703747954556 15.95066017177982
    endloop
  endfacet
  facet normal 0 -0.8099717146138483 -0.5864689433597507
    outer loop
      vertex -10.354535279411225 34.73194492776085 15.570985749609319
      vertex 10.354535279411225 34.73194492776085 15.570985749609319
      vertex 10.325 34.71817240078565 15.590006973861644
    endloop
  endfacet
  facet normal 0 0 -1
    outer loop
      vertex -8.943297903915207 31.75510269364925 16.371532510892703
      vertex 8.943297903915207 31.75510269364925 16.371532510892703
      vertex 9.07187603076016 31.275242591521845 16.371532510892703
    endloop
  endfacet
  facet normal 0 0 -1
    outer loop
      vertex -9.281827599214349 30.825 16.371532510892703
      vertex 9.281827599214349 30.825 16.371532510892703
      vertex 9.566773337110913 30.418055312393363 16.371532510892703
    endloop
  endfacet
  facet normal 0 0 -1
    outer loop
      vertex -9.566773337110913 30.418055312393363 16.371532510892703
      vertex 9.566773337110913 30.418055312393363 16.371532510892703
      vertex 9.918055312393363 30.066773337110913 16.371532510892703
    endloop
  endfacet
  facet normal 0 0 -1
    outer loop
      vertex -9.918055312393363 30.066773337110913 16.371532510892703
      vertex 9.918055312393363 30.066773337110913 16.371532510892703
      vertex 10.325 29.78182759921435 16.371532510892703
    endloop
  endfacet
  facet normal 0 0 -1
    outer loop
      vertex -8.943297903915207 31.75510269364925 16.371532510892703
      vertex 9.07187603076016 31.275242591521845 16.371532510892703
      vertex 9.281827599214349 30.825 16.371532510892703
    endloop
  endfacet
  facet normal 0 0 -1
    outer loop
      vertex -9.918055312393363 30.066773337110913 16.371532510892703
      vertex 10.325 29.78182759921435 16.371532510892703
      vertex 10.775242591521843 29.571876030760162 16.371532510892703
    endloop
  endfacet
  facet normal 0 0 -1
    outer loop
      vertex -8.9 32.25 16.371532510892703
      vertex 8.9 32.25 16.371532510892703
      vertex 8.943297903915207 31.75510269364925 16.371532510892703
    endloop
  endfacet
  facet normal 0 0 -1
    outer loop
      vertex -8.943297903915207 32.74489730635075 16.371532510892703
      vertex 8.943297903915207 32.74489730635075 16.371532510892703
      vertex 8.9 32.25 16.371532510892703
    endloop
  endfacet
  facet normal 0 0 -1
    outer loop
      vertex -9.262639152415638 33.63385024304633 16.371532510892703
      vertex 9.07187603076016 33.224757408478155 16.371532510892703
      vertex 8.943297903915207 32.74489730635075 16.371532510892703
    endloop
  endfacet
  facet normal 0 0 -1
    outer loop
      vertex -9.262639152415638 33.63385024304633 16.371532510892703
      vertex 9.262639152415638 33.63385024304633 16.371532510892703
      vertex 9.07187603076016 33.224757408478155 16.371532510892703
    endloop
  endfacet
  facet normal -1.1117796776697315e-15 -0.3099744589008568 -0.950744884198238
    outer loop
      vertex -9.564473260667885 34.07865983801917 16.22650978628255
      vertex 9.281827599214349 33.675 16.35811632127379
      vertex 9.262639152415638 33.63385024304633 16.371532510892703
    endloop
  endfacet
  facet normal -3.4604550833590517e-15 -0.5891013969670431 -0.8080591216560076
    outer loop
      vertex -9.918055312393363 34.43322666288909 15.968019032015818
      vertex 9.566773337110913 34.08194468760664 16.22411502403194
      vertex 9.564473260667885 34.07865983801917 16.22650978628255
    endloop
  endfacet
  facet normal 0 -0.3099744589008099 -0.9507448841982533
    outer loop
      vertex -9.564473260667885 34.07865983801917 16.22650978628255
      vertex 9.564473260667885 34.07865983801917 16.22650978628255
      vertex 9.281827599214349 33.675 16.35811632127379
    endloop
  endfacet
  facet normal 0 -0.5891013969669409 -0.808059121656082
    outer loop
      vertex -9.952060682740205 34.45703747954556 15.95066017177982
      vertex 9.952060682740205 34.45703747954556 15.95066017177982
      vertex 9.918055312393363 34.43322666288909 15.968019032015818
    endloop
  endfacet
  facet normal 3.530284278864242e-17 -0.5891013969669217 -0.8080591216560961
    outer loop
      vertex -9.952060682740205 34.45703747954556 15.95066017177982
      vertex 9.918055312393363 34.43322666288909 15.968019032015818
      vertex 9.566773337110913 34.08194468760664 16.22411502403194
    endloop
  endfacet
  facet normal -1 0 0
    outer loop
      vertex 17.9 -27 7.399999999999999
      vertex 17.9 32.65 14.889999999999999
      vertex 17.9 27 7.399999999999999
    endloop
  endfacet
  facet normal 0 0 -1
    outer loop
      vertex 16.634651697560344 -33.4 16.371532510892703
      vertex 10.775242591521843 29.571876030760162 16.371532510892703
      vertex 11.255102693649249 29.44329790391521 16.371532510892703
    endloop
  endfacet
  facet normal 0 0 -1
    outer loop
      vertex 16.634651697560344 -33.4 16.371532510892703
      vertex 11.255102693649249 29.44329790391521 16.371532510892703
      vertex 11.75 29.4 16.371532510892703
    endloop
  endfacet
  facet normal 0 0 -1
    outer loop
      vertex 16.634651697560344 -33.4 16.371532510892703
      vertex 11.75 29.4 16.371532510892703
      vertex 12.244897306350751 29.44329790391521 16.371532510892703
    endloop
  endfacet
  facet normal 0 0 -1
    outer loop
      vertex 16.634651697560344 -33.4 16.371532510892703
      vertex 12.244897306350751 29.44329790391521 16.371532510892703
      vertex 12.724757408478157 29.571876030760162 16.371532510892703
    endloop
  endfacet
  facet normal 0 0 -1
    outer loop
      vertex 16.634651697560344 -33.4 16.371532510892703
      vertex 12.724757408478157 29.571876030760162 16.371532510892703
      vertex 13.175 29.78182759921435 16.371532510892703
    endloop
  endfacet
  facet normal 0 0 -1
    outer loop
      vertex 16.634651697560344 -33.4 16.371532510892703
      vertex 13.175 29.78182759921435 16.371532510892703
      vertex 13.581944687606637 30.066773337110913 16.371532510892703
    endloop
  endfacet
  facet normal 0 0 -1
    outer loop
      vertex 16.634651697560344 -33.4 16.371532510892703
      vertex 13.581944687606637 30.066773337110913 16.371532510892703
      vertex 13.933226662889087 30.418055312393363 16.371532510892703
    endloop
  endfacet
  facet normal -0.9969173337331276 0 -0.0784590957278492
    outer loop
      vertex 17.881532510892704 -33.4 15.124651697560346
      vertex 17.881532510892704 33.4 15.124651697560346
      vertex 17.9 32.65 14.889999999999999
    endloop
  endfacet
  facet normal -0.8090169943749491 0 -0.5877852522924709
    outer loop
      vertex 17.46066017177982 -33.4 15.95066017177982
      vertex 17.46066017177982 33.4 15.95066017177982
      vertex 17.73650978628255 33.4 15.570985749609319
    endloop
  endfacet
  facet normal -0.9510565162951539 0 -0.30901699437494634
    outer loop
      vertex 17.881532510892704 -33.4 15.124651697560346
      vertex 17.73650978628255 33.4 15.570985749609319
      vertex 17.881532510892704 33.4 15.124651697560346
    endloop
  endfacet
  facet normal 0 0 -1
    outer loop
      vertex 16.634651697560344 -33.4 16.371532510892703
      vertex 13.933226662889087 30.418055312393363 16.371532510892703
      vertex 14.218172400785651 30.825 16.371532510892703
    endloop
  endfacet
  facet normal 0 0 -1
    outer loop
      vertex 16.634651697560344 -33.4 16.371532510892703
      vertex 14.218172400785651 30.825 16.371532510892703
      vertex 14.42812396923984 31.275242591521845 16.371532510892703
    endloop
  endfacet
  facet normal 0 0 -1
    outer loop
      vertex 16.634651697560344 -33.4 16.371532510892703
      vertex 14.42812396923984 31.275242591521845 16.371532510892703
      vertex 14.556702096084793 31.75510269364925 16.371532510892703
    endloop
  endfacet
  facet normal 0 0 -1
    outer loop
      vertex 16.634651697560344 -33.4 16.371532510892703
      vertex 14.556702096084793 31.75510269364925 16.371532510892703
      vertex 14.6 32.25 16.371532510892703
    endloop
  endfacet
  facet normal 0 0 -1
    outer loop
      vertex 16.634651697560344 -33.4 16.371532510892703
      vertex 14.6 32.25 16.371532510892703
      vertex 16.6219376213469 33.47619128164582 16.371532510892703
    endloop
  endfacet
  facet normal 0 0 -1
    outer loop
      vertex 16.634651697560344 -33.4 16.371532510892703
      vertex 16.6219376213469 33.47619128164582 16.371532510892703
      vertex 16.634651697560344 33.4 16.371532510892703
    endloop
  endfacet
  facet normal -0.30901699437494523 0 -0.9510565162951543
    outer loop
      vertex 16.634651697560344 -33.4 16.371532510892703
      vertex 16.634651697560344 33.4 16.371532510892703
      vertex 17.08098574960932 33.4 16.22650978628255
    endloop
  endfacet
  facet normal -0.587785252292469 0 -0.8090169943749503
    outer loop
      vertex 17.46066017177982 -33.4 15.95066017177982
      vertex 17.08098574960932 33.4 16.22650978628255
      vertex 17.46066017177982 33.4 15.95066017177982
    endloop
  endfacet
  facet normal 0 -1 0
    outer loop
      vertex 12.792145939473212 34.89670018116503 0
      vertex 15.771812544317187 34.89670018116503 14.889999999999999
      vertex 12.792145939473212 34.89670018116503 14.889999999999999
    endloop
  endfacet
  facet normal -0.08257925579051763 -0.9965834107080669 0.0014737756140806451
    outer loop
      vertex 15.772488888421247 34.89665892597636 0
      vertex 16.763694730151425 34.83619801005715 14.655348302439652
      vertex 16.2776560149545 34.87647232624091 14.655348302439652
    endloop
  endfacet
  facet normal -0.03995643433967343 -0.9992014228146692 0
    outer loop
      vertex 15.771812544317187 34.89670018116503 0
      vertex 16.2776560149545 34.87647232624091 14.655348302439652
      vertex 15.771812544317187 34.89670018116503 14.889999999999999
    endloop
  endfacet
  facet normal -0.4016559527009934 -0.915683339668514 0.014018456169418193
    outer loop
      vertex 16.70426429703609 34.63790372782344 0
      vertex 17.210321478031258 34.640289354575486 14.655348302439652
      vertex 16.763694730151425 34.83619801005715 14.655348302439652
    endloop
  endfacet
  facet normal -1 0 0
    outer loop
      vertex 17.9 27 6.199999999999998
      vertex 17.9 27 7.399999999999999
      vertex 17.9 32.65 14.889999999999999
    endloop
  endfacet
  facet normal -0.9996969838692268 -0.024615857546933458 1.1747600919463967e-16
    outer loop
      vertex 17.89998740739822 32.65051140960619 0
      vertex 17.9 32.65 14.889999999999999
      vertex 17.881532510892704 33.4 15.124651697560346
    endloop
  endfacet
  facet normal -0.9863475290571715 -0.16459229174899134 0.0052848291956539145
    outer loop
      vertex 17.84736479029884 33.13419310628072 0
      vertex 17.881532510892704 33.4 14.655348302439652
      vertex 17.801258992942355 33.88105281989634 14.655348302439652
    endloop
  endfacet
  facet normal -0.8793634235240442 -0.47588768668112336 0.015839161384405182
    outer loop
      vertex 17.691960886244054 33.59523817618349 0
      vertex 17.801258992942355 33.88105281989634 14.655348302439652
      vertex 17.569137320333187 34.30997610245334 14.655348302439652
    endloop
  endfacet
  facet normal -0.9996969838692268 -0.024615857546931005 0
    outer loop
      vertex 17.89998740739822 32.65051140960619 0
      vertex 17.881532510892704 33.4 15.124651697560346
      vertex 17.881532510892704 33.4 14.655348302439652
    endloop
  endfacet
  facet normal -0.6771643627585129 -0.7355965879025501 0.01860337807988037
    outer loop
      vertex 17.10693452241254 34.364827196680906 0
      vertex 17.569137320333187 34.30997610245334 14.655348302439652
      vertex 17.210321478031258 34.640289354575486 14.655348302439652
    endloop
  endfacet
  facet normal 0 -0.9963050377189344 -0.08588522466567039
    outer loop
      vertex 12.792145939473212 34.89670018116503 14.889999999999999
      vertex 15.771812544317187 34.89670018116503 14.889999999999999
      vertex 12.835524714345055 34.87647232624091 15.124651697560346
    endloop
  endfacet
  facet normal 0 -0.9513663267719525 -0.3080618643786384
    outer loop
      vertex 12.835524714345055 34.87647232624091 15.124651697560346
      vertex 16.28963189663142 34.73194492776085 15.570985749609319
      vertex 13.145464720588775 34.73194492776085 15.570985749609319
    endloop
  endfacet
  facet normal 0 -0.8099717146138484 -0.5864689433597509
    outer loop
      vertex 13.145464720588775 34.73194492776085 15.570985749609319
      vertex 16.28963189663142 34.73194492776085 15.570985749609319
      vertex 13.175 34.71817240078565 15.590006973861644
    endloop
  endfacet
  facet normal 0 -0.8099717146138526 -0.586468943359745
    outer loop
      vertex 13.175 34.71817240078565 15.590006973861644
      vertex 16.312411377245848 34.45703747954556 15.95066017177982
      vertex 13.547939317259795 34.45703747954556 15.95066017177982
    endloop
  endfacet
  facet normal 1.4670301430514217e-15 -0.5891013969669152 -0.8080591216561006
    outer loop
      vertex 13.933226662889087 34.08194468760664 16.224115024031935
      vertex 13.581944687606637 34.43322666288909 15.968019032015818
      vertex 16.343764642521275 34.07865983801917 16.22650978628255
    endloop
  endfacet
  facet normal 0 -0.5891013969669409 -0.808059121656082
    outer loop
      vertex 13.547939317259795 34.45703747954556 15.95066017177982
      vertex 16.312411377245848 34.45703747954556 15.95066017177982
      vertex 13.581944687606637 34.43322666288909 15.968019032015818
    endloop
  endfacet
  facet normal 0 -0.9963050377189344 -0.0858852246656704
    outer loop
      vertex 12.835524714345055 34.87647232624091 15.124651697560346
      vertex 15.771812544317187 34.89670018116503 14.889999999999999
      vertex 16.2776560149545 34.87647232624091 15.124651697560346
    endloop
  endfacet
  facet normal 0 -0.9513663267719524 -0.30806186437863836
    outer loop
      vertex 12.835524714345055 34.87647232624091 15.124651697560346
      vertex 16.2776560149545 34.87647232624091 15.124651697560346
      vertex 16.28963189663142 34.73194492776085 15.570985749609319
    endloop
  endfacet
  facet normal 5.1666875478643535e-17 -0.8099717146138524 -0.5864689433597453
    outer loop
      vertex 13.175 34.71817240078565 15.590006973861644
      vertex 16.28963189663142 34.73194492776085 15.570985749609319
      vertex 16.312411377245848 34.45703747954556 15.95066017177982
    endloop
  endfacet
  facet normal -0.03995643433967343 -0.9992014228146692 0
    outer loop
      vertex 15.771812544317187 34.89670018116503 14.889999999999999
      vertex 16.2776560149545 34.87647232624091 14.655348302439652
      vertex 16.2776560149545 34.87647232624091 15.124651697560346
    endloop
  endfacet
  facet normal -0.08257934547233672 -0.9965844930066695 0
    outer loop
      vertex 16.2776560149545 34.87647232624091 14.655348302439652
      vertex 16.763694730151425 34.83619801005715 15.124651697560346
      vertex 16.2776560149545 34.87647232624091 15.124651697560346
    endloop
  endfacet
  facet normal -0.08257934547233672 -0.9965844930066695 0
    outer loop
      vertex 16.2776560149545 34.87647232624091 14.655348302439652
      vertex 16.763694730151425 34.83619801005715 14.655348302439652
      vertex 16.763694730151425 34.83619801005715 15.124651697560346
    endloop
  endfacet
  facet normal -0.4016954246529714 -0.9157733266550566 0
    outer loop
      vertex 16.763694730151425 34.83619801005715 14.655348302439652
      vertex 17.210321478031258 34.640289354575486 14.655348302439652
      vertex 16.763694730151425 34.83619801005715 15.124651697560346
    endloop
  endfacet
  facet normal -0.4016954246529714 -0.9157733266550566 0
    outer loop
      vertex 16.763694730151425 34.83619801005715 15.124651697560346
      vertex 17.210321478031258 34.640289354575486 14.655348302439652
      vertex 17.210321478031258 34.640289354575486 15.124651697560346
    endloop
  endfacet
  facet normal -0.07863941043547491 -0.949036548193938 -0.30519743334192057
    outer loop
      vertex 16.2776560149545 34.87647232624091 15.124651697560346
      vertex 16.763694730151425 34.83619801005715 15.124651697560346
      vertex 16.28963189663142 34.73194492776085 15.570985749609319
    endloop
  endfacet
  facet normal -0.0671229625220327 -0.8100536906838899 -0.582501095373798
    outer loop
      vertex 16.28963189663142 34.73194492776085 15.570985749609319
      vertex 16.728093755954017 34.69561294225282 15.570985749609319
      vertex 16.312411377245848 34.45703747954556 15.95066017177982
    endloop
  endfacet
  facet normal -0.07863941043547411 -0.9490365481939383 -0.3051974333419198
    outer loop
      vertex 16.763694730151425 34.83619801005715 15.124651697560346
      vertex 16.728093755954017 34.69561294225282 15.570985749609319
      vertex 16.28963189663142 34.73194492776085 15.570985749609319
    endloop
  endfacet
  facet normal -0.3825301737214593 -0.872080955458914 -0.3051974333419236
    outer loop
      vertex 16.763694730151425 34.83619801005715 15.124651697560346
      vertex 17.210321478031258 34.640289354575486 15.124651697560346
      vertex 17.13100156591984 34.518881190945564 15.570985749609319
    endloop
  endfacet
  facet normal -0.38253017372146564 -0.8720809554589132 -0.3051974333419179
    outer loop
      vertex 16.763694730151425 34.83619801005715 15.124651697560346
      vertex 17.13100156591984 34.518881190945564 15.570985749609319
      vertex 16.728093755954017 34.69561294225282 15.570985749609319
    endloop
  endfacet
  facet normal -0.06712296252204096 -0.810053690683885 -0.5825010953738039
    outer loop
      vertex 16.728093755954017 34.69561294225282 15.570985749609319
      vertex 16.660376678960212 34.42820425259461 15.95066017177982
      vertex 16.312411377245848 34.45703747954556 15.95066017177982
    endloop
  endfacet
  facet normal -0.3265100586597086 -0.7443679570497058 -0.5825010953738036
    outer loop
      vertex 16.728093755954017 34.69561294225282 15.570985749609319
      vertex 16.98012612734879 34.28794914064224 15.95066017177982
      vertex 16.660376678960212 34.42820425259461 15.95066017177982
    endloop
  endfacet
  facet normal -0.32651005865972255 -0.7443679570497064 -0.5825010953737951
    outer loop
      vertex 16.728093755954017 34.69561294225282 15.570985749609319
      vertex 17.13100156591984 34.518881190945564 15.570985749609319
      vertex 16.98012612734879 34.28794914064224 15.95066017177982
    endloop
  endfacet
  facet normal -0.8794737512064885 -0.4759473930370745 0
    outer loop
      vertex 17.801258992942355 33.88105281989634 14.655348302439652
      vertex 17.569137320333187 34.30997610245334 15.124651697560346
      vertex 17.569137320333187 34.30997610245334 14.655348302439652
    endloop
  endfacet
  facet normal -0.9863613034027229 -0.16459459028073076 0
    outer loop
      vertex 17.881532510892704 33.4 14.655348302439652
      vertex 17.881532510892704 33.4 15.124651697560346
      vertex 17.801258992942355 33.88105281989634 14.655348302439652
    endloop
  endfacet
  facet normal -0.8794737512064885 -0.4759473930370745 0
    outer loop
      vertex 17.801258992942355 33.88105281989634 14.655348302439652
      vertex 17.801258992942355 33.88105281989634 15.124651697560346
      vertex 17.569137320333187 34.30997610245334 15.124651697560346
    endloop
  endfacet
  facet normal -0.9863613034027229 -0.16459459028073076 0
    outer loop
      vertex 17.801258992942355 33.88105281989634 14.655348302439652
      vertex 17.881532510892704 33.4 15.124651697560346
      vertex 17.801258992942355 33.88105281989634 15.124651697560346
    endloop
  endfacet
  facet normal -0.8375132654874605 -0.45323951373863725 -0.30519743334191707
    outer loop
      vertex 17.801258992942355 33.88105281989634 15.124651697560346
      vertex 17.454694013560278 34.22090130136889 15.570985749609319
      vertex 17.569137320333187 34.30997610245334 15.124651697560346
    endloop
  endfacet
  facet normal -0.8375132654874611 -0.4532395137386348 -0.30519743334191957
    outer loop
      vertex 17.801258992942355 33.88105281989634 15.124651697560346
      vertex 17.664093999567665 33.83396401819281 15.570985749609319
      vertex 17.454694013560278 34.22090130136889 15.570985749609319
    endloop
  endfacet
  facet normal -0.7148625761525423 -0.3868642799547116 -0.5825010953737969
    outer loop
      vertex 17.454694013560278 34.22090130136889 15.570985749609319
      vertex 17.40319067805451 33.74439579478346 15.95066017177982
      vertex 17.237009908254795 34.05147096135077 15.95066017177982
    endloop
  endfacet
  facet normal -0.8017439763271538 -0.13378740714824686 -0.582501095373797
    outer loop
      vertex 17.664093999567665 33.83396401819281 15.570985749609319
      vertex 17.73650978628255 33.4 15.570985749609319
      vertex 17.46066017177982 33.4 15.95066017177982
    endloop
  endfacet
  facet normal -0.8017439763271533 -0.13378740714824752 -0.5825010953737977
    outer loop
      vertex 17.664093999567665 33.83396401819281 15.570985749609319
      vertex 17.46066017177982 33.4 15.95066017177982
      vertex 17.40319067805451 33.74439579478346 15.95066017177982
    endloop
  endfacet
  facet normal -0.7148625761525422 -0.38686427995471173 -0.5825010953737969
    outer loop
      vertex 17.664093999567665 33.83396401819281 15.570985749609319
      vertex 17.40319067805451 33.74439579478346 15.95066017177982
      vertex 17.454694013560278 34.22090130136889 15.570985749609319
    endloop
  endfacet
  facet normal -0.9393011161845662 -0.15674163395835117 -0.30519743334191796
    outer loop
      vertex 17.881532510892704 33.4 15.124651697560346
      vertex 17.73650978628255 33.4 15.570985749609319
      vertex 17.801258992942355 33.88105281989634 15.124651697560346
    endloop
  endfacet
  facet normal -0.9393011161845641 -0.1567416339583553 -0.3051974333419221
    outer loop
      vertex 17.801258992942355 33.88105281989634 15.124651697560346
      vertex 17.73650978628255 33.4 15.570985749609319
      vertex 17.664093999567665 33.83396401819281 15.570985749609319
    endloop
  endfacet
  facet normal -0.6772815716257415 -0.7357239106731311 0
    outer loop
      vertex 17.210321478031258 34.640289354575486 14.655348302439652
      vertex 17.569137320333187 34.30997610245334 14.655348302439652
      vertex 17.569137320333187 34.30997610245334 15.124651697560346
    endloop
  endfacet
  facet normal -0.6772815716257415 -0.7357239106731311 0
    outer loop
      vertex 17.210321478031258 34.640289354575486 14.655348302439652
      vertex 17.569137320333187 34.30997610245334 15.124651697560346
      vertex 17.210321478031258 34.640289354575486 15.124651697560346
    endloop
  endfacet
  facet normal -0.6449678571175138 -0.7006218594696751 -0.3051974333419223
    outer loop
      vertex 17.210321478031258 34.640289354575486 15.124651697560346
      vertex 17.454694013560278 34.22090130136889 15.570985749609319
      vertex 17.13100156591984 34.518881190945564 15.570985749609319
    endloop
  endfacet
  facet normal -0.644967857117518 -0.7006218594696733 -0.30519743334191796
    outer loop
      vertex 17.210321478031258 34.640289354575486 15.124651697560346
      vertex 17.569137320333187 34.30997610245334 15.124651697560346
      vertex 17.454694013560278 34.22090130136889 15.570985749609319
    endloop
  endfacet
  facet normal -0.5505147236160577 -0.5980184052102948 -0.5825010953737952
    outer loop
      vertex 17.13100156591984 34.518881190945564 15.570985749609319
      vertex 17.237009908254795 34.05147096135077 15.95066017177982
      vertex 16.98012612734879 34.28794914064224 15.95066017177982
    endloop
  endfacet
  facet normal -0.5505147236160579 -0.5980184052102947 -0.5825010953737951
    outer loop
      vertex 17.13100156591984 34.518881190945564 15.570985749609319
      vertex 17.454694013560278 34.22090130136889 15.570985749609319
      vertex 17.237009908254795 34.05147096135077 15.95066017177982
    endloop
  endfacet
  facet normal 0 -0.5891013969676181 -0.8080591216555881
    outer loop
      vertex 13.935526739332115 34.07865983801917 16.22650978628255
      vertex 13.933226662889087 34.08194468760664 16.224115024031935
      vertex 16.343764642521275 34.07865983801917 16.22650978628255
    endloop
  endfacet
  facet normal -7.3534210380981375e-16 -0.30997445890081793 -0.9507448841982508
    outer loop
      vertex 13.935526739332115 34.07865983801917 16.22650978628255
      vertex 16.380622616401492 33.63385024304633 16.371532510892703
      vertex 14.218172400785651 33.675 16.358116321273794
    endloop
  endfacet
  facet normal 0 0 -1
    outer loop
      vertex 14.556702096084793 32.74489730635075 16.371532510892703
      vertex 14.42812396923984 33.224757408478155 16.371532510892703
      vertex 16.6219376213469 33.47619128164582 16.371532510892703
    endloop
  endfacet
  facet normal 0 0 -1
    outer loop
      vertex 14.237360847584362 33.63385024304633 16.371532510892703
      vertex 16.6219376213469 33.47619128164582 16.371532510892703
      vertex 14.42812396923984 33.224757408478155 16.371532510892703
    endloop
  endfacet
  facet normal 0 -0.3099744589007832 -0.950744884198262
    outer loop
      vertex 14.237360847584362 33.63385024304633 16.371532510892703
      vertex 14.218172400785651 33.675 16.358116321273794
      vertex 16.380622616401492 33.63385024304633 16.371532510892703
    endloop
  endfacet
  facet normal 0 0 -1
    outer loop
      vertex 14.6 32.25 16.371532510892703
      vertex 14.556702096084793 32.74489730635075 16.371532510892703
      vertex 16.6219376213469 33.47619128164582 16.371532510892703
    endloop
  endfacet
  facet normal 0 0 -1
    outer loop
      vertex 14.237360847584362 33.63385024304633 16.371532510892703
      vertex 16.380622616401492 33.63385024304633 16.371532510892703
      vertex 16.6219376213469 33.47619128164582 16.371532510892703
    endloop
  endfacet
  facet normal 0 -0.30997445890081426 -0.950744884198252
    outer loop
      vertex 13.935526739332115 34.07865983801917 16.22650978628255
      vertex 16.343764642521275 34.07865983801917 16.22650978628255
      vertex 16.380622616401492 33.63385024304633 16.371532510892703
    endloop
  endfacet
  facet normal -2.2709739377541706e-16 -0.589101396966924 -0.8080591216560944
    outer loop
      vertex 13.581944687606637 34.43322666288909 15.968019032015818
      vertex 16.312411377245848 34.45703747954556 15.95066017177982
      vertex 16.343764642521275 34.07865983801917 16.22650978628255
    endloop
  endfacet
  facet normal -0.04897506504405688 -0.5910411385284206 -0.8051532870025176
    outer loop
      vertex 16.343764642521275 34.07865983801917 16.22650978628255
      vertex 16.312411377245848 34.45703747954556 15.95066017177982
      vertex 16.567172118478783 34.06014776677217 16.22650978628255
    endloop
  endfacet
  facet normal -0.025836943715239365 -0.3118055405503325 -0.9497945868563216
    outer loop
      vertex 16.380622616401492 33.63385024304633 16.371532510892703
      vertex 16.343764642521275 34.07865983801917 16.22650978628255
      vertex 16.567172118478783 34.06014776677217 16.22650978628255
    endloop
  endfacet
  facet normal -0.23823220489038407 -0.543114721750489 -0.8051532870025153
    outer loop
      vertex 16.567172118478783 34.06014776677217 16.22650978628255
      vertex 16.660376678960212 34.42820425259461 15.95066017177982
      vertex 16.772463901456437 33.9700984417474 16.22650978628255
    endloop
  endfacet
  facet normal -0.4016731887833188 -0.4363333975776837 -0.8051532870025155
    outer loop
      vertex 16.772463901456437 33.9700984417474 16.22650978628255
      vertex 16.98012612734879 34.28794914064224 15.95066017177982
      vertex 17.237009908254795 34.05147096135077 15.95066017177982
    endloop
  endfacet
  facet normal -0.4016731887833227 -0.43633339757767375 -0.8051532870025192
    outer loop
      vertex 16.772463901456437 33.9700984417474 16.22650978628255
      vertex 17.237009908254795 34.05147096135077 15.95066017177982
      vertex 16.937393441338383 33.818270104570544 16.22650978628255
    endloop
  endfacet
  facet normal 0 0 -1
    outer loop
      vertex 16.380622616401492 33.63385024304633 16.371532510892703
      vertex 16.457603586284016 33.62747141801811 16.371532510892703
      vertex 16.528342313780932 33.59644253526492 16.371532510892703
    endloop
  endfacet
  facet normal 0 0 -1
    outer loop
      vertex 16.380622616401492 33.63385024304633 16.371532510892703
      vertex 16.528342313780932 33.59644253526492 16.371532510892703
      vertex 16.6219376213469 33.47619128164582 16.371532510892703
    endloop
  endfacet
  facet normal 0 0 -1
    outer loop
      vertex 16.528342313780932 33.59644253526492 16.371532510892703
      vertex 16.585173160143498 33.54412605569578 16.371532510892703
      vertex 16.6219376213469 33.47619128164582 16.371532510892703
    endloop
  endfacet
  facet normal -0.2751646150618303 -0.14891164291721623 -0.9497945868563215
    outer loop
      vertex 16.585173160143498 33.54412605569578 16.371532510892703
      vertex 16.937393441338383 33.818270104570544 16.22650978628255
      vertex 16.6219376213469 33.47619128164582 16.371532510892703
    endloop
  endfacet
  facet normal -0.12568012035049164 -0.28652181440008323 -0.9497945868563215
    outer loop
      vertex 16.528342313780932 33.59644253526492 16.371532510892703
      vertex 16.567172118478783 34.06014776677217 16.22650978628255
      vertex 16.772463901456437 33.9700984417474 16.22650978628255
    endloop
  endfacet
  facet normal -0.21190390581778076 -0.23018900381555818 -0.9497945868563213
    outer loop
      vertex 16.528342313780932 33.59644253526492 16.371532510892703
      vertex 16.772463901456437 33.9700984417474 16.22650978628255
      vertex 16.937393441338383 33.818270104570544 16.22650978628255
    endloop
  endfacet
  facet normal -0.025836943715255755 -0.31180554055032594 -0.9497945868563231
    outer loop
      vertex 16.380622616401492 33.63385024304633 16.371532510892703
      vertex 16.567172118478783 34.06014776677217 16.22650978628255
      vertex 16.457603586284016 33.62747141801811 16.371532510892703
    endloop
  endfacet
  facet normal -0.12568012035047182 -0.28652181440008545 -0.9497945868563235
    outer loop
      vertex 16.457603586284016 33.62747141801811 16.371532510892703
      vertex 16.567172118478783 34.06014776677217 16.22650978628255
      vertex 16.528342313780932 33.59644253526492 16.371532510892703
    endloop
  endfacet
  facet normal -0.21190390581778173 -0.23018900381555646 -0.9497945868563215
    outer loop
      vertex 16.528342313780932 33.59644253526492 16.371532510892703
      vertex 16.937393441338383 33.818270104570544 16.22650978628255
      vertex 16.585173160143498 33.54412605569578 16.371532510892703
    endloop
  endfacet
  facet normal -0.27516461506182655 -0.14891164291721987 -0.9497945868563219
    outer loop
      vertex 16.6219376213469 33.47619128164582 16.371532510892703
      vertex 16.937393441338383 33.818270104570544 16.22650978628255
      vertex 17.044088063332925 33.6211157114341 16.22650978628255
    endloop
  endfacet
  facet normal -0.3086069686450125 -0.05149739490658532 -0.949794586856322
    outer loop
      vertex 16.634651697560344 33.4 16.371532510892703
      vertex 17.044088063332925 33.6211157114341 16.22650978628255
      vertex 17.08098574960932 33.4 16.22650978628255
    endloop
  endfacet
  facet normal -0.30860696864501636 -0.051497394906577704 -0.9497945868563211
    outer loop
      vertex 16.634651697560344 33.4 16.371532510892703
      vertex 16.6219376213469 33.47619128164582 16.371532510892703
      vertex 17.044088063332925 33.6211157114341 16.22650978628255
    endloop
  endfacet
  facet normal -0.04897506504406457 -0.5910411385284237 -0.805153287002515
    outer loop
      vertex 16.567172118478783 34.06014776677217 16.22650978628255
      vertex 16.312411377245848 34.45703747954556 15.95066017177982
      vertex 16.660376678960212 34.42820425259461 15.95066017177982
    endloop
  endfacet
  facet normal -0.2382322048903859 -0.5431147217504892 -0.8051532870025148
    outer loop
      vertex 16.772463901456437 33.9700984417474 16.22650978628255
      vertex 16.660376678960212 34.42820425259461 15.95066017177982
      vertex 16.98012612734879 34.28794914064224 15.95066017177982
    endloop
  endfacet
  facet normal -0.5849781045706287 -0.09761558073379666 -0.8051532870025174
    outer loop
      vertex 17.044088063332925 33.6211157114341 16.22650978628255
      vertex 17.46066017177982 33.4 15.95066017177982
      vertex 17.08098574960932 33.4 16.22650978628255
    endloop
  endfacet
  facet normal -0.5849781045706297 -0.09761558073379986 -0.8051532870025163
    outer loop
      vertex 17.044088063332925 33.6211157114341 16.22650978628255
      vertex 17.40319067805451 33.74439579478346 15.95066017177982
      vertex 17.46066017177982 33.4 15.95066017177982
    endloop
  endfacet
  facet normal -0.5215866500698827 -0.2822685793670948 -0.8051532870025184
    outer loop
      vertex 17.044088063332925 33.6211157114341 16.22650978628255
      vertex 16.937393441338383 33.818270104570544 16.22650978628255
      vertex 17.237009908254795 34.05147096135077 15.95066017177982
    endloop
  endfacet
  facet normal -0.5215866500698878 -0.2822685793670913 -0.8051532870025163
    outer loop
      vertex 17.044088063332925 33.6211157114341 16.22650978628255
      vertex 17.237009908254795 34.05147096135077 15.95066017177982
      vertex 17.40319067805451 33.74439579478346 15.95066017177982
    endloop
  endfacet
  facet normal 0 0 -1
    outer loop
      vertex -19.177928646377076 -35.4099961786483 -1.99
      vertex -19.382219635161306 -34.96842844280596 -1.99
      vertex -19.48681040359731 -34.49326779145387 -1.99
    endloop
  endfacet
  facet normal 0 0 -1
    outer loop
      vertex -19.177928646377076 -35.4099961786483 -1.99
      vertex -18.51267089706536 -36.11230024585301 -1.99
      vertex -18.883489856827044 -35.7973237824202 -1.99
    endloop
  endfacet
  facet normal 0 0 -1
    outer loop
      vertex -19.177928646377076 -35.4099961786483 -1.99
      vertex -17.12818745568281 -36.496700181165025 -1.99
      vertex -18.51267089706536 -36.11230024585301 -1.99
    endloop
  endfacet
  facet normal 0 0 -1
    outer loop
      vertex -19.177928646377076 -35.4099961786483 -1.99
      vertex -18.586810403597312 -33.59326779145387 -1.99
      vertex -18.482219635161307 -34.06842844280595 -1.99
    endloop
  endfacet
  facet normal 0 0 -1
    outer loop
      vertex -19.177928646377076 -35.4099961786483 -1.99
      vertex -18.482219635161307 -34.06842844280595 -1.99
      vertex -18.277928646377077 -34.5099961786483 -1.99
    endloop
  endfacet
  facet normal 0 0 -1
    outer loop
      vertex -19.177928646377076 -35.4099961786483 -1.99
      vertex -18.277928646377077 -34.5099961786483 -1.99
      vertex -17.983489856827045 -34.8973237824202 -1.99
    endloop
  endfacet
  facet normal -0.7960930657056411 -0.6051742151937686 0
    outer loop
      vertex -19.177928646377076 -35.4099961786483 -1.99
      vertex -18.883489856827044 -35.7973237824202 -1.99
      vertex -18.883489856827044 -35.7973237824202 0
    endloop
  endfacet
  facet normal -0.9766205557100868 -0.21497044021102366 0
    outer loop
      vertex -19.382219635161306 -34.96842844280596 -1.99
      vertex -19.382219635161306 -34.96842844280596 0
      vertex -19.48681040359731 -34.49326779145387 -1.99
    endloop
  endfacet
  facet normal -0.9075754196709557 -0.4198891015602673 0
    outer loop
      vertex -19.177928646377076 -35.4099961786483 -1.99
      vertex -19.177928646377076 -35.4099961786483 0
      vertex -19.382219635161306 -34.96842844280596 -1.99
    endloop
  endfacet
  facet normal -0.6473862847818328 -0.762162055127632 0
    outer loop
      vertex -18.883489856827044 -35.7973237824202 -1.99
      vertex -18.51267089706536 -36.11230024585301 -1.99
      vertex -18.51267089706536 -36.11230024585301 0
    endloop
  endfacet
  facet normal 0 0 -1
    outer loop
      vertex -18.51267089706536 -36.11230024585301 -1.99
      vertex -17.12818745568281 -36.496700181165025 -1.99
      vertex -18.082810849514807 -36.340197619587784 -1.99
    endloop
  endfacet
  facet normal 0 0 -1
    outer loop
      vertex -19.177928646377076 -35.4099961786483 -1.99
      vertex -16.714009492243722 -35.570359675718436 -1.99
      vertex -17.12818745568281 -36.496700181165025 -1.99
    endloop
  endfacet
  facet normal 0 0 -1
    outer loop
      vertex -19.177928646377076 -35.4099961786483 -1.99
      vertex -17.18281084951481 -35.440197619587785 -1.99
      vertex -16.714009492243722 -35.570359675718436 -1.99
    endloop
  endfacet
  facet normal 0 0 -1
    outer loop
      vertex -19.177928646377076 -35.4099961786483 -1.99
      vertex -17.983489856827045 -34.8973237824202 -1.99
      vertex -17.61267089706536 -35.21230024585301 -1.99
    endloop
  endfacet
  facet normal 0 0 -1
    outer loop
      vertex -19.177928646377076 -35.4099961786483 -1.99
      vertex -17.61267089706536 -35.21230024585301 -1.99
      vertex -17.18281084951481 -35.440197619587785 -1.99
    endloop
  endfacet
  facet normal 0 0 -1
    outer loop
      vertex -18.082810849514807 -36.340197619587784 -1.99
      vertex -17.12818745568281 -36.496700181165025 -1.99
      vertex -17.61400949224372 -36.470359675718434 -1.99
    endloop
  endfacet
  facet normal -0.46840844069979126 -0.8835120444460223 0
    outer loop
      vertex -18.51267089706536 -36.11230024585301 -1.99
      vertex -18.082810849514807 -36.340197619587784 -1.99
      vertex -18.082810849514807 -36.340197619587784 0
    endloop
  endfacet
  facet normal -0.2675283385292163 -0.9635499925192242 0
    outer loop
      vertex -18.082810849514807 -36.340197619587784 -1.99
      vertex -17.61400949224372 -36.470359675718434 -1.99
      vertex -17.61400949224372 -36.470359675718434 0
    endloop
  endfacet
  facet normal -0.05413890858540869 -0.9985334138511244 0
    outer loop
      vertex -17.61400949224372 -36.470359675718434 -1.99
      vertex -17.12818745568281 -36.496700181165025 -1.99
      vertex -17.12818745568281 -36.496700181165025 0
    endloop
  endfacet
  facet normal -0.7960930657056411 -0.6051742151937686 0
    outer loop
      vertex -19.177928646377076 -35.4099961786483 -1.99
      vertex -18.883489856827044 -35.7973237824202 0
      vertex -19.177928646377076 -35.4099961786483 0
    endloop
  endfacet
  facet normal -0.9075754196709557 -0.4198891015602673 0
    outer loop
      vertex -19.382219635161306 -34.96842844280596 -1.99
      vertex -19.177928646377076 -35.4099961786483 0
      vertex -19.382219635161306 -34.96842844280596 0
    endloop
  endfacet
  facet normal -0.9766205557100868 -0.21497044021102366 0
    outer loop
      vertex -19.48681040359731 -34.49326779145387 -1.99
      vertex -19.382219635161306 -34.96842844280596 0
      vertex -19.48681040359731 -34.49326779145387 0
    endloop
  endfacet
  facet normal -0.6473862847818328 -0.762162055127632 0
    outer loop
      vertex -18.883489856827044 -35.7973237824202 -1.99
      vertex -18.51267089706536 -36.11230024585301 0
      vertex -18.883489856827044 -35.7973237824202 0
    endloop
  endfacet
  facet normal -0.46840844069979126 -0.8835120444460223 0
    outer loop
      vertex -18.51267089706536 -36.11230024585301 -1.99
      vertex -18.082810849514807 -36.340197619587784 0
      vertex -18.51267089706536 -36.11230024585301 0
    endloop
  endfacet
  facet normal -0.2675283385292163 -0.9635499925192242 0
    outer loop
      vertex -18.082810849514807 -36.340197619587784 -1.99
      vertex -17.61400949224372 -36.470359675718434 0
      vertex -18.082810849514807 -36.340197619587784 0
    endloop
  endfacet
  facet normal -0.05413890858540869 -0.9985334138511244 0
    outer loop
      vertex -17.61400949224372 -36.470359675718434 -1.99
      vertex -17.12818745568281 -36.496700181165025 0
      vertex -17.61400949224372 -36.470359675718434 0
    endloop
  endfacet
  facet normal 0 0 -1
    outer loop
      vertex -17.12818745568281 -36.496700181165025 -1.99
      vertex -16.714009492243722 -35.570359675718436 -1.99
      vertex -16.22818745568281 -35.59670018116503 -1.99
    endloop
  endfacet
  facet normal 0 0 -1
    outer loop
      vertex -19.177928646377076 -35.4099961786483 -1.99
      vertex -19.48681040359731 -34.49326779145387 -1.99
      vertex -19.48681040359731 34.49326779145387 -1.99
    endloop
  endfacet
  facet normal 0 0 -1
    outer loop
      vertex -19.177928646377076 -35.4099961786483 -1.99
      vertex -19.48681040359731 34.49326779145387 -1.99
      vertex -18.586810403597312 -33.59326779145387 -1.99
    endloop
  endfacet
  facet normal -1 0 0
    outer loop
      vertex -19.48681040359731 -34.49326779145387 -1.99
      vertex -19.48681040359731 -34.49326779145387 0
      vertex -19.48681040359731 34.45244735619771 0.010000000000000009
    endloop
  endfacet
  facet normal -1 0 0
    outer loop
      vertex -19.48681040359731 -34.49326779145387 0
      vertex -19.48681040359731 -34.49326779145387 0.010000000000000009
      vertex -19.48681040359731 34.45244735619771 0.010000000000000009
    endloop
  endfacet
  facet normal 0 0 -1
    outer loop
      vertex -17.12818745568281 -36.496700181165025 -1.99
      vertex -16.22818745568281 -35.59670018116503 -1.99
      vertex 16.471812544317192 -35.59670018116503 -1.99
    endloop
  endfacet
  facet normal 0 -1 0
    outer loop
      vertex -17.12818745568281 -36.496700181165025 -1.99
      vertex 17.37181254431719 -36.496700181165025 -1.99
      vertex -17.12818745568281 -36.496700181165025 0
    endloop
  endfacet
  facet normal 0 -1 0
    outer loop
      vertex -17.12818745568281 -36.496700181165025 0
      vertex 17.37181254431719 -36.496700181165025 -1.99
      vertex -17.12818745568281 -36.496700181165025 0.010000000000000009
    endloop
  endfacet
  facet normal 0 0 -1
    outer loop
      vertex -18.586810403597312 -33.59326779145387 -1.99
      vertex -19.48681040359731 34.49326779145387 -1.99
      vertex -18.586810403597312 33.59326779145387 -1.99
    endloop
  endfacet
  facet normal -1 0 0
    outer loop
      vertex -19.48681040359731 -34.49326779145387 -1.99
      vertex -19.48681040359731 34.45244735619771 0.010000000000000009
      vertex -19.48681040359731 34.49326779145387 -1.99
    endloop
  endfacet
  facet normal 0 0 -1
    outer loop
      vertex -18.586810403597312 33.59326779145387 -1.99
      vertex -19.48681040359731 34.49326779145387 -1.99
      vertex -18.482219635161307 34.06842844280595 -1.99
    endloop
  endfacet
  facet normal 0 0 -1
    outer loop
      vertex -19.48681040359731 34.49326779145387 -1.99
      vertex -19.382219635161306 34.96842844280596 -1.99
      vertex -18.883489856827044 35.7973237824202 -1.99
    endloop
  endfacet
  facet normal 0 0 -1
    outer loop
      vertex -19.382219635161306 34.96842844280596 -1.99
      vertex -19.177928646377076 35.4099961786483 -1.99
      vertex -18.883489856827044 35.7973237824202 -1.99
    endloop
  endfacet
  facet normal 0 0 -1
    outer loop
      vertex -18.482219635161307 34.06842844280595 -1.99
      vertex -19.48681040359731 34.49326779145387 -1.99
      vertex -18.277928646377077 34.5099961786483 -1.99
    endloop
  endfacet
  facet normal 0 0 -1
    outer loop
      vertex -19.48681040359731 34.49326779145387 -1.99
      vertex -17.12818745568281 36.496700181165025 -1.99
      vertex -18.277928646377077 34.5099961786483 -1.99
    endloop
  endfacet
  facet normal 0 0 -1
    outer loop
      vertex -19.48681040359731 34.49326779145387 -1.99
      vertex -18.883489856827044 35.7973237824202 -1.99
      vertex -17.12818745568281 36.496700181165025 -1.99
    endloop
  endfacet
  facet normal 0 0 -1
    outer loop
      vertex -18.883489856827044 35.7973237824202 -1.99
      vertex -18.51267089706536 36.11230024585301 -1.99
      vertex -18.082810849514807 36.340197619587784 -1.99
    endloop
  endfacet
  facet normal -0.9766205557100868 0.21497044021102366 0
    outer loop
      vertex -19.48681040359731 34.49326779145387 -1.99
      vertex -19.48681040359731 34.49326779145387 0
      vertex -19.382219635161306 34.96842844280596 -1.99
    endloop
  endfacet
  facet normal -0.9075754196709557 0.4198891015602673 0
    outer loop
      vertex -19.382219635161306 34.96842844280596 -1.99
      vertex -19.382219635161306 34.96842844280596 0
      vertex -19.177928646377076 35.4099961786483 -1.99
    endloop
  endfacet
  facet normal -0.7960930657056411 0.6051742151937686 0
    outer loop
      vertex -19.177928646377076 35.4099961786483 -1.99
      vertex -19.177928646377076 35.4099961786483 0
      vertex -18.883489856827044 35.7973237824202 -1.99
    endloop
  endfacet
  facet normal -0.6473862847818328 0.762162055127632 0
    outer loop
      vertex -18.883489856827044 35.7973237824202 -1.99
      vertex -18.883489856827044 35.7973237824202 0
      vertex -18.51267089706536 36.11230024585301 -1.99
    endloop
  endfacet
  facet normal -0.46840844069979126 0.8835120444460223 0
    outer loop
      vertex -18.51267089706536 36.11230024585301 -1.99
      vertex -18.51267089706536 36.11230024585301 0
      vertex -18.082810849514807 36.340197619587784 -1.99
    endloop
  endfacet
  facet normal 0 0 -1
    outer loop
      vertex -18.277928646377077 34.5099961786483 -1.99
      vertex -17.12818745568281 36.496700181165025 -1.99
      vertex -17.983489856827045 34.8973237824202 -1.99
    endloop
  endfacet
  facet normal 0 0 -1
    outer loop
      vertex -18.883489856827044 35.7973237824202 -1.99
      vertex -18.082810849514807 36.340197619587784 -1.99
      vertex -17.12818745568281 36.496700181165025 -1.99
    endloop
  endfacet
  facet normal 0 0 -1
    outer loop
      vertex -17.983489856827045 34.8973237824202 -1.99
      vertex -17.12818745568281 36.496700181165025 -1.99
      vertex -17.61267089706536 35.21230024585301 -1.99
    endloop
  endfacet
  facet normal 0 0 -1
    outer loop
      vertex -18.082810849514807 36.340197619587784 -1.99
      vertex -17.61400949224372 36.470359675718434 -1.99
      vertex -17.12818745568281 36.496700181165025 -1.99
    endloop
  endfacet
  facet normal 0 0 -1
    outer loop
      vertex -17.61267089706536 35.21230024585301 -1.99
      vertex -17.12818745568281 36.496700181165025 -1.99
      vertex -17.18281084951481 35.440197619587785 -1.99
    endloop
  endfacet
  facet normal -0.2675283385292163 0.9635499925192242 0
    outer loop
      vertex -18.082810849514807 36.340197619587784 -1.99
      vertex -18.082810849514807 36.340197619587784 0
      vertex -17.61400949224372 36.470359675718434 -1.99
    endloop
  endfacet
  facet normal -0.05413890858540869 0.9985334138511244 0
    outer loop
      vertex -17.61400949224372 36.470359675718434 -1.99
      vertex -17.61400949224372 36.470359675718434 0
      vertex -17.12818745568281 36.496700181165025 -1.99
    endloop
  endfacet
  facet normal -1 0 0
    outer loop
      vertex -19.48681040359731 34.49326779145387 -1.99
      vertex -19.48681040359731 34.45244735619771 0.010000000000000009
      vertex -19.48681040359731 34.49326779145387 0
    endloop
  endfacet
  facet normal -0.9766205557100868 0.21497044021102366 0
    outer loop
      vertex -19.382219635161306 34.96842844280596 -1.99
      vertex -19.48681040359731 34.49326779145387 0
      vertex -19.382219635161306 34.96842844280596 0
    endloop
  endfacet
  facet normal -0.9075754196709557 0.4198891015602673 0
    outer loop
      vertex -19.177928646377076 35.4099961786483 -1.99
      vertex -19.382219635161306 34.96842844280596 0
      vertex -19.177928646377076 35.4099961786483 0
    endloop
  endfacet
  facet normal -0.7960930657056411 0.6051742151937686 0
    outer loop
      vertex -18.883489856827044 35.7973237824202 -1.99
      vertex -19.177928646377076 35.4099961786483 0
      vertex -18.883489856827044 35.7973237824202 0
    endloop
  endfacet
  facet normal -0.6473862847818328 0.762162055127632 0
    outer loop
      vertex -18.51267089706536 36.11230024585301 -1.99
      vertex -18.883489856827044 35.7973237824202 0
      vertex -18.51267089706536 36.11230024585301 0
    endloop
  endfacet
  facet normal -0.46840844069979126 0.8835120444460223 0
    outer loop
      vertex -18.082810849514807 36.340197619587784 -1.99
      vertex -18.51267089706536 36.11230024585301 0
      vertex -18.082810849514807 36.340197619587784 0
    endloop
  endfacet
  facet normal -0.2675283385292163 0.9635499925192242 0
    outer loop
      vertex -17.61400949224372 36.470359675718434 -1.99
      vertex -18.082810849514807 36.340197619587784 0
      vertex -17.61400949224372 36.470359675718434 0
    endloop
  endfacet
  facet normal -0.05413890858540869 0.9985334138511244 0
    outer loop
      vertex -17.12818745568281 36.496700181165025 -1.99
      vertex -17.61400949224372 36.470359675718434 0
      vertex -17.12818745568281 36.496700181165025 0
    endloop
  endfacet
  facet normal 0 0 -1
    outer loop
      vertex -17.18281084951481 35.440197619587785 -1.99
      vertex -17.12818745568281 36.496700181165025 -1.99
      vertex -16.714009492243722 35.570359675718436 -1.99
    endloop
  endfacet
  facet normal 0 0 -1
    outer loop
      vertex -17.12818745568281 36.496700181165025 -1.99
      vertex -16.22818745568281 35.59670018116503 -1.99
      vertex -16.714009492243722 35.570359675718436 -1.99
    endloop
  endfacet
  facet normal 0 0 -1
    outer loop
      vertex -17.12818745568281 36.496700181165025 -1.99
      vertex 17.37181254431719 36.496700181165025 -1.99
      vertex -16.22818745568281 35.59670018116503 -1.99
    endloop
  endfacet
  facet normal 0 1 0
    outer loop
      vertex -17.12818745568281 36.496700181165025 -1.99
      vertex -17.12818745568281 36.496700181165025 0
      vertex 17.37181254431719 36.496700181165025 0.010000000000000009
    endloop
  endfacet
  facet normal 0 1 0
    outer loop
      vertex -17.12818745568281 36.496700181165025 0
      vertex -17.12818745568281 36.496700181165025 0.010000000000000009
      vertex 17.37181254431719 36.496700181165025 0.010000000000000009
    endloop
  endfacet
  facet normal 0 0 -1
    outer loop
      vertex -17.12818745568281 -36.496700181165025 -1.99
      vertex 16.471812544317192 -35.59670018116503 -1.99
      vertex 17.37181254431719 -36.496700181165025 -1.99
    endloop
  endfacet
  facet normal 0 -1 0
    outer loop
      vertex -17.12818745568281 -36.496700181165025 0.010000000000000009
      vertex 17.37181254431719 -36.496700181165025 -1.99
      vertex 17.37181254431719 -36.496700181165025 0
    endloop
  endfacet
  facet normal 0 -1 0
    outer loop
      vertex -17.12818745568281 -36.496700181165025 0.010000000000000009
      vertex 17.37181254431719 -36.496700181165025 0
      vertex 17.37181254431719 -36.496700181165025 0.010000000000000009
    endloop
  endfacet
  facet normal 0 0 -1
    outer loop
      vertex 16.471812544317192 -35.59670018116503 -1.99
      vertex 16.951938761690748 -35.517987483168255 -1.99
      vertex 17.37181254431719 -36.496700181165025 -1.99
    endloop
  endfacet
  facet normal 0 0 -1
    outer loop
      vertex 16.951938761690748 -35.517987483168255 -1.99
      vertex 17.40391899157453 -35.337902100003554 -1.99
      vertex 17.37181254431719 -36.496700181165025 -1.99
    endloop
  endfacet
  facet normal 0 0 -1
    outer loop
      vertex 17.37181254431719 -36.496700181165025 -1.99
      vertex 17.40391899157453 -35.337902100003554 -1.99
      vertex 17.806619140759114 -35.064864624037185 -1.99
    endloop
  endfacet
  facet normal 0 0 -1
    outer loop
      vertex 17.37181254431719 -36.496700181165025 -1.99
      vertex 18.706619140759113 -35.96486462403718 -1.99
      vertex 17.851938761690747 -36.417987483168254 -1.99
    endloop
  endfacet
  facet normal 0 0 -1
    outer loop
      vertex 17.37181254431719 -36.496700181165025 -1.99
      vertex 17.806619140759114 -35.064864624037185 -1.99
      vertex 19.5 -34.25 -1.99
    endloop
  endfacet
  facet normal 0.16178199655275302 -0.986826522541528 0
    outer loop
      vertex 17.37181254431719 -36.496700181165025 -1.99
      vertex 17.851938761690747 -36.417987483168254 -1.99
      vertex 17.851938761690747 -36.417987483168254 0
    endloop
  endfacet
  facet normal 0.3701381553399179 -0.92897671981679 0
    outer loop
      vertex 17.851938761690747 -36.417987483168254 -1.99
      vertex 18.303918991574527 -36.23790210000355 -1.99
      vertex 18.303918991574527 -36.23790210000355 0
    endloop
  endfacet
  facet normal 0 0 -1
    outer loop
      vertex 17.851938761690747 -36.417987483168254 -1.99
      vertex 18.706619140759113 -35.96486462403718 -1.99
      vertex 18.303918991574527 -36.23790210000355 -1.99
    endloop
  endfacet
  facet normal 0 0 -1
    outer loop
      vertex 17.37181254431719 -36.496700181165025 -1.99
      vertex 19.5 -34.25 -1.99
      vertex 18.706619140759113 -35.96486462403718 -1.99
    endloop
  endfacet
  facet normal 0 0 -1
    outer loop
      vertex 17.806619140759114 -35.064864624037185 -1.99
      vertex 18.1412093978377 -34.711641984185974 -1.99
      vertex 19.5 -34.25 -1.99
    endloop
  endfacet
  facet normal 0 0 -1
    outer loop
      vertex 18.1412093978377 -34.711641984185974 -1.99
      vertex 18.392044694259653 -34.2947504785106 -1.99
      vertex 19.5 -34.25 -1.99
    endloop
  endfacet
  facet normal 0 0 -1
    outer loop
      vertex 18.706619140759113 -35.96486462403718 -1.99
      vertex 19.29204469425965 -35.1947504785106 -1.99
      vertex 19.041209397837697 -35.61164198418597 -1.99
    endloop
  endfacet
  facet normal 0 0 -1
    outer loop
      vertex 18.706619140759113 -35.96486462403718 -1.99
      vertex 19.5 -34.25 -1.99
      vertex 19.29204469425965 -35.1947504785106 -1.99
    endloop
  endfacet
  facet normal 0 0 -1
    outer loop
      vertex 19.29204469425965 -35.1947504785106 -1.99
      vertex 19.5 -34.25 -1.99
      vertex 19.447396250347694 -34.7336834904748 -1.99
    endloop
  endfacet
  facet normal 0.5611870653623802 -0.827688998156892 0
    outer loop
      vertex 18.303918991574527 -36.23790210000355 -1.99
      vertex 18.706619140759113 -35.96486462403718 -1.99
      vertex 18.706619140759113 -35.96486462403718 0
    endloop
  endfacet
  facet normal 0.725995491923133 -0.6876994588534211 0
    outer loop
      vertex 18.706619140759113 -35.96486462403718 -1.99
      vertex 19.041209397837697 -35.61164198418597 -1.99
      vertex 19.041209397837697 -35.61164198418597 0
    endloop
  endfacet
  facet normal 0.8568571761675884 -0.5155538571770232 0
    outer loop
      vertex 19.041209397837697 -35.61164198418597 -1.99
      vertex 19.29204469425965 -35.1947504785106 -1.99
      vertex 19.29204469425965 -35.1947504785106 0
    endloop
  endfacet
  facet normal 0.9476531711828028 -0.31930153013597895 0
    outer loop
      vertex 19.29204469425965 -35.1947504785106 -1.99
      vertex 19.447396250347694 -34.7336834904748 -1.99
      vertex 19.447396250347694 -34.7336834904748 0
    endloop
  endfacet
  facet normal 0.9941379571543593 -0.10811901842394403 0
    outer loop
      vertex 19.447396250347694 -34.7336834904748 -1.99
      vertex 19.5 -34.25 -1.99
      vertex 19.5 -34.25 0
    endloop
  endfacet
  facet normal 0 0 -1
    outer loop
      vertex 18.392044694259653 -34.2947504785106 -1.99
      vertex 18.547396250347695 -33.833683490474805 -1.99
      vertex 19.5 -34.25 -1.99
    endloop
  endfacet
  facet normal 0 0 -1
    outer loop
      vertex 19.5 -34.25 -1.99
      vertex 18.547396250347695 -33.833683490474805 -1.99
      vertex 18.6 -33.35 -1.99
    endloop
  endfacet
  facet normal 0.16178199655275302 -0.986826522541528 0
    outer loop
      vertex 17.37181254431719 -36.496700181165025 -1.99
      vertex 17.851938761690747 -36.417987483168254 0
      vertex 17.37181254431719 -36.496700181165025 0
    endloop
  endfacet
  facet normal 0.3701381553399179 -0.92897671981679 0
    outer loop
      vertex 17.851938761690747 -36.417987483168254 -1.99
      vertex 18.303918991574527 -36.23790210000355 0
      vertex 17.851938761690747 -36.417987483168254 0
    endloop
  endfacet
  facet normal 0.5611870653623802 -0.827688998156892 0
    outer loop
      vertex 18.303918991574527 -36.23790210000355 -1.99
      vertex 18.706619140759113 -35.96486462403718 0
      vertex 18.303918991574527 -36.23790210000355 0
    endloop
  endfacet
  facet normal 0.725995491923133 -0.6876994588534211 0
    outer loop
      vertex 18.706619140759113 -35.96486462403718 -1.99
      vertex 19.041209397837697 -35.61164198418597 0
      vertex 18.706619140759113 -35.96486462403718 0
    endloop
  endfacet
  facet normal 0.8568571761675884 -0.5155538571770232 0
    outer loop
      vertex 19.041209397837697 -35.61164198418597 -1.99
      vertex 19.29204469425965 -35.1947504785106 0
      vertex 19.041209397837697 -35.61164198418597 0
    endloop
  endfacet
  facet normal 0.9476531711828028 -0.31930153013597895 0
    outer loop
      vertex 19.29204469425965 -35.1947504785106 -1.99
      vertex 19.447396250347694 -34.7336834904748 0
      vertex 19.29204469425965 -35.1947504785106 0
    endloop
  endfacet
  facet normal 0.9941379571543593 -0.10811901842394403 0
    outer loop
      vertex 19.447396250347694 -34.7336834904748 -1.99
      vertex 19.5 -34.25 0
      vertex 19.447396250347694 -34.7336834904748 0
    endloop
  endfacet
  facet normal 0 0 -1
    outer loop
      vertex 19.5 -34.25 -1.99
      vertex 18.6 -33.35 -1.99
      vertex 18.6 33.35 -1.99
    endloop
  endfacet
  facet normal 1 0 0
    outer loop
      vertex 19.5 -34.25 -1.99
      vertex 19.5 34.25 0
      vertex 19.5 -34.25 0
    endloop
  endfacet
  facet normal 0 0 -1
    outer loop
      vertex -16.22818745568281 35.59670018116503 -1.99
      vertex 17.37181254431719 36.496700181165025 -1.99
      vertex 16.471812544317192 35.59670018116503 -1.99
    endloop
  endfacet
  facet normal 0 1 0
    outer loop
      vertex -17.12818745568281 36.496700181165025 -1.99
      vertex 17.37181254431719 36.496700181165025 0
      vertex 17.37181254431719 36.496700181165025 -1.99
    endloop
  endfacet
  facet normal 0 1 0
    outer loop
      vertex -17.12818745568281 36.496700181165025 -1.99
      vertex 17.37181254431719 36.496700181165025 0.010000000000000009
      vertex 17.37181254431719 36.496700181165025 0
    endloop
  endfacet
  facet normal 0 0 -1
    outer loop
      vertex 19.5 -34.25 -1.99
      vertex 18.6 33.35 -1.99
      vertex 19.29204469425965 35.19475047851059 -1.99
    endloop
  endfacet
  facet normal 0 0 -1
    outer loop
      vertex 19.5 -34.25 -1.99
      vertex 19.29204469425965 35.19475047851059 -1.99
      vertex 19.5 34.25 -1.99
    endloop
  endfacet
  facet normal 1 0 0
    outer loop
      vertex 19.5 -34.25 -1.99
      vertex 19.5 34.25 -1.99
      vertex 19.5 34.25 0
    endloop
  endfacet
  facet normal 0 0 -1
    outer loop
      vertex 16.471812544317192 35.59670018116503 -1.99
      vertex 17.37181254431719 36.496700181165025 -1.99
      vertex 16.951938761690748 35.517987483168255 -1.99
    endloop
  endfacet
  facet normal 0 0 -1
    outer loop
      vertex 16.951938761690748 35.517987483168255 -1.99
      vertex 17.37181254431719 36.496700181165025 -1.99
      vertex 17.40391899157453 35.337902100003554 -1.99
    endloop
  endfacet
  facet normal 0 0 -1
    outer loop
      vertex 17.40391899157453 35.337902100003554 -1.99
      vertex 19.29204469425965 35.19475047851059 -1.99
      vertex 17.806619140759114 35.064864624037185 -1.99
    endloop
  endfacet
  facet normal 0 0 -1
    outer loop
      vertex 17.37181254431719 36.496700181165025 -1.99
      vertex 17.851938761690747 36.417987483168254 -1.99
      vertex 18.303918991574527 36.23790210000355 -1.99
    endloop
  endfacet
  facet normal 0 0 -1
    outer loop
      vertex 17.40391899157453 35.337902100003554 -1.99
      vertex 17.37181254431719 36.496700181165025 -1.99
      vertex 19.29204469425965 35.19475047851059 -1.99
    endloop
  endfacet
  facet normal 0.16178199655275302 0.986826522541528 0
    outer loop
      vertex 17.37181254431719 36.496700181165025 -1.99
      vertex 17.37181254431719 36.496700181165025 0
      vertex 17.851938761690747 36.417987483168254 -1.99
    endloop
  endfacet
  facet normal 0.3701381553399179 0.92897671981679 0
    outer loop
      vertex 17.851938761690747 36.417987483168254 -1.99
      vertex 17.851938761690747 36.417987483168254 0
      vertex 18.303918991574527 36.23790210000355 -1.99
    endloop
  endfacet
  facet normal 0 0 -1
    outer loop
      vertex 18.547396250347695 33.833683490474805 -1.99
      vertex 19.29204469425965 35.19475047851059 -1.99
      vertex 18.6 33.35 -1.99
    endloop
  endfacet
  facet normal 0 0 -1
    outer loop
      vertex 17.806619140759114 35.064864624037185 -1.99
      vertex 19.29204469425965 35.19475047851059 -1.99
      vertex 18.1412093978377 34.711641984185974 -1.99
    endloop
  endfacet
  facet normal 0 0 -1
    outer loop
      vertex 18.1412093978377 34.711641984185974 -1.99
      vertex 19.29204469425965 35.19475047851059 -1.99
      vertex 18.392044694259653 34.29475047851059 -1.99
    endloop
  endfacet
  facet normal 0 0 -1
    outer loop
      vertex 18.547396250347695 33.833683490474805 -1.99
      vertex 18.392044694259653 34.29475047851059 -1.99
      vertex 19.29204469425965 35.19475047851059 -1.99
    endloop
  endfacet
  facet normal 0 0 -1
    outer loop
      vertex 17.37181254431719 36.496700181165025 -1.99
      vertex 18.303918991574527 36.23790210000355 -1.99
      vertex 19.29204469425965 35.19475047851059 -1.99
    endloop
  endfacet
  facet normal 0 0 -1
    outer loop
      vertex 18.303918991574527 36.23790210000355 -1.99
      vertex 18.706619140759113 35.96486462403718 -1.99
      vertex 19.29204469425965 35.19475047851059 -1.99
    endloop
  endfacet
  facet normal 0 0 -1
    outer loop
      vertex 19.5 34.25 -1.99
      vertex 19.29204469425965 35.19475047851059 -1.99
      vertex 19.447396250347694 34.7336834904748 -1.99
    endloop
  endfacet
  facet normal 0 0 -1
    outer loop
      vertex 18.706619140759113 35.96486462403718 -1.99
      vertex 19.041209397837697 35.61164198418597 -1.99
      vertex 19.29204469425965 35.19475047851059 -1.99
    endloop
  endfacet
  facet normal 0.5611870653623802 0.827688998156892 0
    outer loop
      vertex 18.303918991574527 36.23790210000355 -1.99
      vertex 18.303918991574527 36.23790210000355 0
      vertex 18.706619140759113 35.96486462403718 -1.99
    endloop
  endfacet
  facet normal 0.725995491923133 0.6876994588534211 0
    outer loop
      vertex 18.706619140759113 35.96486462403718 -1.99
      vertex 18.706619140759113 35.96486462403718 0
      vertex 19.041209397837697 35.61164198418597 -1.99
    endloop
  endfacet
  facet normal 0.9941379571543593 0.10811901842394403 0
    outer loop
      vertex 19.5 34.25 -1.99
      vertex 19.447396250347694 34.7336834904748 -1.99
      vertex 19.447396250347694 34.7336834904748 0
    endloop
  endfacet
  facet normal 0.9476531711828013 0.31930153013598334 0
    outer loop
      vertex 19.447396250347694 34.7336834904748 -1.99
      vertex 19.29204469425965 35.19475047851059 -1.99
      vertex 19.29204469425965 35.19475047851059 0
    endloop
  endfacet
  facet normal 0.8568571761675923 0.5155538571770166 0
    outer loop
      vertex 19.29204469425965 35.19475047851059 -1.99
      vertex 19.041209397837697 35.61164198418597 -1.99
      vertex 19.041209397837697 35.61164198418597 0
    endloop
  endfacet
  facet normal 0.16178199655275302 0.986826522541528 0
    outer loop
      vertex 17.851938761690747 36.417987483168254 -1.99
      vertex 17.37181254431719 36.496700181165025 0
      vertex 17.851938761690747 36.417987483168254 0
    endloop
  endfacet
  facet normal 0.3701381553399179 0.92897671981679 0
    outer loop
      vertex 18.303918991574527 36.23790210000355 -1.99
      vertex 17.851938761690747 36.417987483168254 0
      vertex 18.303918991574527 36.23790210000355 0
    endloop
  endfacet
  facet normal 0.5611870653623802 0.827688998156892 0
    outer loop
      vertex 18.706619140759113 35.96486462403718 -1.99
      vertex 18.303918991574527 36.23790210000355 0
      vertex 18.706619140759113 35.96486462403718 0
    endloop
  endfacet
  facet normal 0.9941379571543593 0.10811901842394403 0
    outer loop
      vertex 19.5 34.25 -1.99
      vertex 19.447396250347694 34.7336834904748 0
      vertex 19.5 34.25 0
    endloop
  endfacet
  facet normal 0.8568571761675923 0.5155538571770166 0
    outer loop
      vertex 19.29204469425965 35.19475047851059 -1.99
      vertex 19.041209397837697 35.61164198418597 0
      vertex 19.29204469425965 35.19475047851059 0
    endloop
  endfacet
  facet normal 0.9476531711828013 0.31930153013598334 0
    outer loop
      vertex 19.447396250347694 34.7336834904748 -1.99
      vertex 19.29204469425965 35.19475047851059 0
      vertex 19.447396250347694 34.7336834904748 0
    endloop
  endfacet
  facet normal 0.725995491923133 0.6876994588534211 0
    outer loop
      vertex 19.041209397837697 35.61164198418597 -1.99
      vertex 18.706619140759113 35.96486462403718 0
      vertex 19.041209397837697 35.61164198418597 0
    endloop
  endfacet
  facet normal 0.9766205557100861 0.2149704402110267 0
    outer loop
      vertex -18.586810403597312 -33.59326779145387 -1.99
      vertex -18.586810403597312 -33.59326779145387 0
      vertex -18.482219635161307 -34.06842844280595 -1.99
    endloop
  endfacet
  facet normal 0.9075754196709582 0.4198891015602618 0
    outer loop
      vertex -18.277928646377077 -34.5099961786483 -1.99
      vertex -18.482219635161307 -34.06842844280595 -1.99
      vertex -18.482219635161307 -34.06842844280595 0
    endloop
  endfacet
  facet normal 0.7960930657056411 0.6051742151937686 0
    outer loop
      vertex -18.277928646377077 -34.5099961786483 -1.99
      vertex -18.277928646377077 -34.5099961786483 0
      vertex -17.983489856827045 -34.8973237824202 -1.99
    endloop
  endfacet
  facet normal 0.6473862847818328 0.762162055127632 0
    outer loop
      vertex -17.983489856827045 -34.8973237824202 -1.99
      vertex -17.983489856827045 -34.8973237824202 0
      vertex -17.61267089706536 -35.21230024585301 -1.99
    endloop
  endfacet
  facet normal 0.46840844069979126 0.8835120444460223 0
    outer loop
      vertex -17.18281084951481 -35.440197619587785 -1.99
      vertex -17.61267089706536 -35.21230024585301 -1.99
      vertex -17.61267089706536 -35.21230024585301 0
    endloop
  endfacet
  facet normal 0.9075754196709582 0.4198891015602618 0
    outer loop
      vertex -18.277928646377077 -34.5099961786483 -1.99
      vertex -18.482219635161307 -34.06842844280595 0
      vertex -18.277928646377077 -34.5099961786483 0
    endloop
  endfacet
  facet normal 0.9766205557100861 0.2149704402110267 0
    outer loop
      vertex -18.482219635161307 -34.06842844280595 -1.99
      vertex -18.586810403597312 -33.59326779145387 0
      vertex -18.482219635161307 -34.06842844280595 0
    endloop
  endfacet
  facet normal 0.7960930657056411 0.6051742151937686 0
    outer loop
      vertex -17.983489856827045 -34.8973237824202 -1.99
      vertex -18.277928646377077 -34.5099961786483 0
      vertex -17.983489856827045 -34.8973237824202 0
    endloop
  endfacet
  facet normal 0.6473862847818328 0.762162055127632 0
    outer loop
      vertex -17.61267089706536 -35.21230024585301 -1.99
      vertex -17.983489856827045 -34.8973237824202 0
      vertex -17.61267089706536 -35.21230024585301 0
    endloop
  endfacet
  facet normal 0.46840844069979126 0.8835120444460223 0
    outer loop
      vertex -17.18281084951481 -35.440197619587785 -1.99
      vertex -17.61267089706536 -35.21230024585301 0
      vertex -17.18281084951481 -35.440197619587785 0
    endloop
  endfacet
  facet normal 0.2675283385292163 0.9635499925192242 0
    outer loop
      vertex -17.18281084951481 -35.440197619587785 -1.99
      vertex -17.18281084951481 -35.440197619587785 0
      vertex -16.714009492243722 -35.570359675718436 -1.99
    endloop
  endfacet
  facet normal 0.05413890858542325 0.9985334138511236 0
    outer loop
      vertex -16.714009492243722 -35.570359675718436 -1.99
      vertex -16.714009492243722 -35.570359675718436 0
      vertex -16.22818745568281 -35.59670018116503 -1.99
    endloop
  endfacet
  facet normal 0.2675283385292163 0.9635499925192242 0
    outer loop
      vertex -17.18281084951481 -35.440197619587785 0
      vertex -16.714009492243722 -35.570359675718436 0
      vertex -16.714009492243722 -35.570359675718436 -1.99
    endloop
  endfacet
  facet normal 0.05413890858542325 0.9985334138511236 0
    outer loop
      vertex -16.22818745568281 -35.59670018116503 -1.99
      vertex -16.714009492243722 -35.570359675718436 0
      vertex -16.22818745568281 -35.59670018116503 0
    endloop
  endfacet
  facet normal 1 0 0
    outer loop
      vertex -18.586810403597312 -33.59326779145387 -1.99
      vertex -18.586810403597312 33.59326779145387 0
      vertex -18.586810403597312 -33.59326779145387 0
    endloop
  endfacet
  facet normal 0 1 0
    outer loop
      vertex -16.22818745568281 -35.59670018116503 -1.99
      vertex -16.22818745568281 -35.59670018116503 0
      vertex 16.471812544317192 -35.59670018116503 -1.99
    endloop
  endfacet
  facet normal 1 0 0
    outer loop
      vertex -18.586810403597312 -33.59326779145387 -1.99
      vertex -18.586810403597312 33.59326779145387 -1.99
      vertex -18.586810403597312 33.59326779145387 0
    endloop
  endfacet
  facet normal 0.9766205557100861 -0.2149704402110267 0
    outer loop
      vertex -18.586810403597312 33.59326779145387 -1.99
      vertex -18.482219635161307 34.06842844280595 -1.99
      vertex -18.482219635161307 34.06842844280595 0
    endloop
  endfacet
  facet normal 0.9075754196709582 -0.4198891015602618 0
    outer loop
      vertex -18.482219635161307 34.06842844280595 -1.99
      vertex -18.277928646377077 34.5099961786483 -1.99
      vertex -18.277928646377077 34.5099961786483 0
    endloop
  endfacet
  facet normal 0.7960930657056411 -0.6051742151937686 0
    outer loop
      vertex -18.277928646377077 34.5099961786483 -1.99
      vertex -17.983489856827045 34.8973237824202 -1.99
      vertex -17.983489856827045 34.8973237824202 0
    endloop
  endfacet
  facet normal 0.6473862847818328 -0.762162055127632 0
    outer loop
      vertex -17.983489856827045 34.8973237824202 -1.99
      vertex -17.61267089706536 35.21230024585301 -1.99
      vertex -17.61267089706536 35.21230024585301 0
    endloop
  endfacet
  facet normal 0.46840844069979126 -0.8835120444460223 0
    outer loop
      vertex -17.61267089706536 35.21230024585301 -1.99
      vertex -17.18281084951481 35.440197619587785 -1.99
      vertex -17.18281084951481 35.440197619587785 0
    endloop
  endfacet
  facet normal 0.9766205557100861 -0.2149704402110267 0
    outer loop
      vertex -18.586810403597312 33.59326779145387 -1.99
      vertex -18.482219635161307 34.06842844280595 0
      vertex -18.586810403597312 33.59326779145387 0
    endloop
  endfacet
  facet normal 0.9075754196709582 -0.4198891015602618 0
    outer loop
      vertex -18.482219635161307 34.06842844280595 -1.99
      vertex -18.277928646377077 34.5099961786483 0
      vertex -18.482219635161307 34.06842844280595 0
    endloop
  endfacet
  facet normal 0.7960930657056411 -0.6051742151937686 0
    outer loop
      vertex -18.277928646377077 34.5099961786483 -1.99
      vertex -17.983489856827045 34.8973237824202 0
      vertex -18.277928646377077 34.5099961786483 0
    endloop
  endfacet
  facet normal 0.6473862847818328 -0.762162055127632 0
    outer loop
      vertex -17.983489856827045 34.8973237824202 -1.99
      vertex -17.61267089706536 35.21230024585301 0
      vertex -17.983489856827045 34.8973237824202 0
    endloop
  endfacet
  facet normal 0.46840844069979126 -0.8835120444460223 0
    outer loop
      vertex -17.61267089706536 35.21230024585301 -1.99
      vertex -17.18281084951481 35.440197619587785 0
      vertex -17.61267089706536 35.21230024585301 0
    endloop
  endfacet
  facet normal 0.2675283385292163 -0.9635499925192242 0
    outer loop
      vertex -17.18281084951481 35.440197619587785 -1.99
      vertex -16.714009492243722 35.570359675718436 -1.99
      vertex -16.714009492243722 35.570359675718436 0
    endloop
  endfacet
  facet normal 0.05413890858542325 -0.9985334138511236 0
    outer loop
      vertex -16.714009492243722 35.570359675718436 -1.99
      vertex -16.22818745568281 35.59670018116503 -1.99
      vertex -16.22818745568281 35.59670018116503 0
    endloop
  endfacet
  facet normal 0.2675283385292163 -0.9635499925192242 0
    outer loop
      vertex -17.18281084951481 35.440197619587785 -1.99
      vertex -16.714009492243722 35.570359675718436 0
      vertex -17.18281084951481 35.440197619587785 0
    endloop
  endfacet
  facet normal 0.05413890858542325 -0.9985334138511236 0
    outer loop
      vertex -16.714009492243722 35.570359675718436 -1.99
      vertex -16.22818745568281 35.59670018116503 0
      vertex -16.714009492243722 35.570359675718436 0
    endloop
  endfacet
  facet normal 0 -1 0
    outer loop
      vertex -16.22818745568281 35.59670018116503 -1.99
      vertex 16.471812544317192 35.59670018116503 0
      vertex -16.22818745568281 35.59670018116503 0
    endloop
  endfacet
  facet normal 0 1 0
    outer loop
      vertex -16.22818745568281 -35.59670018116503 0
      vertex 16.471812544317192 -35.59670018116503 0
      vertex 16.471812544317192 -35.59670018116503 -1.99
    endloop
  endfacet
  facet normal -0.16178199655276726 0.9868265225415257 0
    outer loop
      vertex 16.471812544317192 -35.59670018116503 -1.99
      vertex 16.471812544317192 -35.59670018116503 0
      vertex 16.951938761690748 -35.517987483168255 -1.99
    endloop
  endfacet
  facet normal -0.16178199655276726 0.9868265225415257 0
    outer loop
      vertex 16.951938761690748 -35.517987483168255 -1.99
      vertex 16.471812544317192 -35.59670018116503 0
      vertex 16.951938761690748 -35.517987483168255 0
    endloop
  endfacet
  facet normal -0.3701381553399179 0.92897671981679 0
    outer loop
      vertex 16.951938761690748 -35.517987483168255 -1.99
      vertex 16.951938761690748 -35.517987483168255 0
      vertex 17.40391899157453 -35.337902100003554 -1.99
    endloop
  endfacet
  facet normal -0.5611870653623802 0.827688998156892 0
    outer loop
      vertex 17.40391899157453 -35.337902100003554 -1.99
      vertex 17.40391899157453 -35.337902100003554 0
      vertex 17.806619140759114 -35.064864624037185 -1.99
    endloop
  endfacet
  facet normal -0.725995491923133 0.6876994588534211 0
    outer loop
      vertex 17.806619140759114 -35.064864624037185 -1.99
      vertex 17.806619140759114 -35.064864624037185 0
      vertex 18.1412093978377 -34.711641984185974 -1.99
    endloop
  endfacet
  facet normal -0.8568571761675884 0.5155538571770232 0
    outer loop
      vertex 18.1412093978377 -34.711641984185974 -1.99
      vertex 18.1412093978377 -34.711641984185974 0
      vertex 18.392044694259653 -34.2947504785106 -1.99
    endloop
  endfacet
  facet normal -0.9476531711828028 0.31930153013597895 0
    outer loop
      vertex 18.392044694259653 -34.2947504785106 -1.99
      vertex 18.392044694259653 -34.2947504785106 0
      vertex 18.547396250347695 -33.833683490474805 -1.99
    endloop
  endfacet
  facet normal -0.9941379571543593 0.10811901842394403 0
    outer loop
      vertex 18.547396250347695 -33.833683490474805 -1.99
      vertex 18.547396250347695 -33.833683490474805 0
      vertex 18.6 -33.35 -1.99
    endloop
  endfacet
  facet normal -0.3701381553399179 0.92897671981679 0
    outer loop
      vertex 16.951938761690748 -35.517987483168255 0
      vertex 17.40391899157453 -35.337902100003554 0
      vertex 17.40391899157453 -35.337902100003554 -1.99
    endloop
  endfacet
  facet normal -0.5611870653623802 0.827688998156892 0
    outer loop
      vertex 17.806619140759114 -35.064864624037185 -1.99
      vertex 17.40391899157453 -35.337902100003554 0
      vertex 17.806619140759114 -35.064864624037185 0
    endloop
  endfacet
  facet normal -0.725995491923133 0.6876994588534211 0
    outer loop
      vertex 18.1412093978377 -34.711641984185974 -1.99
      vertex 17.806619140759114 -35.064864624037185 0
      vertex 18.1412093978377 -34.711641984185974 0
    endloop
  endfacet
  facet normal -0.8568571761675884 0.5155538571770232 0
    outer loop
      vertex 18.392044694259653 -34.2947504785106 -1.99
      vertex 18.1412093978377 -34.711641984185974 0
      vertex 18.392044694259653 -34.2947504785106 0
    endloop
  endfacet
  facet normal -0.9476531711828028 0.31930153013597895 0
    outer loop
      vertex 18.547396250347695 -33.833683490474805 -1.99
      vertex 18.392044694259653 -34.2947504785106 0
      vertex 18.547396250347695 -33.833683490474805 0
    endloop
  endfacet
  facet normal -0.9941379571543593 0.10811901842394403 0
    outer loop
      vertex 18.6 -33.35 -1.99
      vertex 18.547396250347695 -33.833683490474805 0
      vertex 18.6 -33.35 0
    endloop
  endfacet
  facet normal -1 0 0
    outer loop
      vertex 18.6 -33.35 -1.99
      vertex 18.6 -33.35 0
      vertex 18.6 33.35 -1.99
    endloop
  endfacet
  facet normal 0 -1 0
    outer loop
      vertex -16.22818745568281 35.59670018116503 -1.99
      vertex 16.471812544317192 35.59670018116503 -1.99
      vertex 16.471812544317192 35.59670018116503 0
    endloop
  endfacet
  facet normal -1 0 0
    outer loop
      vertex 18.6 -33.35 0
      vertex 18.6 33.35 0
      vertex 18.6 33.35 -1.99
    endloop
  endfacet
  facet normal -0.16178199655276726 -0.9868265225415257 0
    outer loop
      vertex 16.471812544317192 35.59670018116503 -1.99
      vertex 16.951938761690748 35.517987483168255 -1.99
      vertex 16.951938761690748 35.517987483168255 0
    endloop
  endfacet
  facet normal -0.16178199655276726 -0.9868265225415257 0
    outer loop
      vertex 16.471812544317192 35.59670018116503 -1.99
      vertex 16.951938761690748 35.517987483168255 0
      vertex 16.471812544317192 35.59670018116503 0
    endloop
  endfacet
  facet normal -0.5611870653623802 -0.827688998156892 0
    outer loop
      vertex 17.40391899157453 35.337902100003554 -1.99
      vertex 17.806619140759114 35.064864624037185 -1.99
      vertex 17.806619140759114 35.064864624037185 0
    endloop
  endfacet
  facet normal -0.3701381553399179 -0.92897671981679 0
    outer loop
      vertex 16.951938761690748 35.517987483168255 -1.99
      vertex 17.40391899157453 35.337902100003554 -1.99
      vertex 17.40391899157453 35.337902100003554 0
    endloop
  endfacet
  facet normal -0.725995491923133 -0.6876994588534211 0
    outer loop
      vertex 17.806619140759114 35.064864624037185 -1.99
      vertex 18.1412093978377 34.711641984185974 -1.99
      vertex 18.1412093978377 34.711641984185974 0
    endloop
  endfacet
  facet normal -0.9941379571543593 -0.10811901842394403 0
    outer loop
      vertex 18.547396250347695 33.833683490474805 -1.99
      vertex 18.6 33.35 -1.99
      vertex 18.6 33.35 0
    endloop
  endfacet
  facet normal -0.9476531711828013 -0.31930153013598334 0
    outer loop
      vertex 18.547396250347695 33.833683490474805 -1.99
      vertex 18.547396250347695 33.833683490474805 0
      vertex 18.392044694259653 34.29475047851059 -1.99
    endloop
  endfacet
  facet normal -0.8568571761675923 -0.5155538571770166 0
    outer loop
      vertex 18.1412093978377 34.711641984185974 -1.99
      vertex 18.392044694259653 34.29475047851059 -1.99
      vertex 18.392044694259653 34.29475047851059 0
    endloop
  endfacet
  facet normal -0.5611870653623802 -0.827688998156892 0
    outer loop
      vertex 17.40391899157453 35.337902100003554 -1.99
      vertex 17.806619140759114 35.064864624037185 0
      vertex 17.40391899157453 35.337902100003554 0
    endloop
  endfacet
  facet normal -0.3701381553399179 -0.92897671981679 0
    outer loop
      vertex 16.951938761690748 35.517987483168255 -1.99
      vertex 17.40391899157453 35.337902100003554 0
      vertex 16.951938761690748 35.517987483168255 0
    endloop
  endfacet
  facet normal -0.725995491923133 -0.6876994588534211 0
    outer loop
      vertex 17.806619140759114 35.064864624037185 -1.99
      vertex 18.1412093978377 34.711641984185974 0
      vertex 17.806619140759114 35.064864624037185 0
    endloop
  endfacet
  facet normal -0.8568571761675923 -0.5155538571770166 0
    outer loop
      vertex 18.1412093978377 34.711641984185974 -1.99
      vertex 18.392044694259653 34.29475047851059 0
      vertex 18.1412093978377 34.711641984185974 0
    endloop
  endfacet
  facet normal -0.9941379571543593 -0.10811901842394403 0
    outer loop
      vertex 18.547396250347695 33.833683490474805 -1.99
      vertex 18.6 33.35 0
      vertex 18.547396250347695 33.833683490474805 0
    endloop
  endfacet
  facet normal -0.9476531711828013 -0.31930153013598334 0
    outer loop
      vertex 18.392044694259653 34.29475047851059 -1.99
      vertex 18.547396250347695 33.833683490474805 0
      vertex 18.392044694259653 34.29475047851059 0
    endloop
  endfacet
  facet normal 0.9238795325112867 0.38268343236508984 -1.8006399520575458e-16
    outer loop
      vertex 9.91474093005077 31.75824381430521 16.371532510892703
      vertex 10.084409552279254 31.34862752541205 17.303848958466173
      vertex 10.104551732809567 31.3 16.371532510892703
    endloop
  endfacet
  facet normal 0.9238795325112863 0.3826834323650911 4.091511329925758e-16
    outer loop
      vertex 9.91474093005077 31.75824381430521 16.371532510892703
      vertex 9.964890829210495 31.63717124760216 17.29737220266758
      vertex 10.084409552279254 31.34862752541205 17.303848958466173
    endloop
  endfacet
  facet normal 0.9238795325112873 0.38268343236508834 0
    outer loop
      vertex 9.91474093005077 31.75824381430521 16.371532510892703
      vertex 9.91474093005077 31.75824381430521 17.316330723192802
      vertex 9.964890829210495 31.63717124760216 17.29737220266758
    endloop
  endfacet
  facet normal 0.9238795325112881 0.3826834323650868 0
    outer loop
      vertex 10.104551732809567 31.3 16.371532510892703
      vertex 10.084409552279254 31.34862752541205 17.303848958466173
      vertex 10.104551732809567 31.3 17.313616697365774
    endloop
  endfacet
  facet normal 0.6087614290087155 0.793353340291239 -5.202965091664914e-16
    outer loop
      vertex 10.8 30.60455173280957 16.371532510892703
      vertex 10.406497115745559 30.90649711574556 16.371532510892703
      vertex 10.71672326463008 30.66845221932969 17.29916759298901
    endloop
  endfacet
  facet normal 0.6087614290087192 0.7933533402912363 0
    outer loop
      vertex 10.8 30.60455173280957 16.371532510892703
      vertex 10.71672326463008 30.66845221932969 17.29916759298901
      vertex 10.8 30.60455173280957 17.315787814957194
    endloop
  endfacet
  facet normal 0.6087614290087141 0.79335334029124 0
    outer loop
      vertex 10.406497115745559 30.90649711574556 16.371532510892703
      vertex 10.406497115745559 30.90649711574556 17.31488308242537
      vertex 10.469039874239211 30.85850636925073 17.30132582285678
    endloop
  endfacet
  facet normal 0.6087614290087147 0.7933533402912396 -6.56979497741216e-17
    outer loop
      vertex 10.406497115745559 30.90649711574556 16.371532510892703
      vertex 10.469039874239211 30.85850636925073 17.30132582285678
      vertex 10.71672326463008 30.66845221932969 17.29916759298901
    endloop
  endfacet
  facet normal 0.9238795325112873 -0.38268343236508834 0
    outer loop
      vertex 9.91474093005077 32.74175618569479 16.371532510892703
      vertex 9.964890829210495 32.86282875239784 17.29737220266758
      vertex 9.91474093005077 32.74175618569479 17.316330723192802
    endloop
  endfacet
  facet normal 0.9238795325112953 -0.382683432365069 -2.9746565141976748e-15
    outer loop
      vertex 9.91474093005077 32.74175618569479 16.371532510892703
      vertex 10.002362724814837 32.95329391097368 17.29940281603851
      vertex 9.964890829210495 32.86282875239784 17.29737220266758
    endloop
  endfacet
  facet normal 0.13052619222004894 -0.9914448613738108 -2.6430127838385796e-15
    outer loop
      vertex 11.25824381430521 34.08525906994923 16.221698731441734
      vertex 11.695408673140095 34.142812915472284 16.179740105037073
      vertex 11.284377998880363 34.08869970062096 17.306739422532853
    endloop
  endfacet
  facet normal 0.13052619221994105 -0.991444861373825 0
    outer loop
      vertex 11.25824381430521 34.08525906994923 16.221698731441734
      vertex 11.284377998880363 34.08869970062096 17.306739422532853
      vertex 11.25824381430521 34.08525906994923 17.311988900208572
    endloop
  endfacet
  facet normal 0.1305261922200601 -0.9914448613738093 1.5088982806598826e-15
    outer loop
      vertex 11.695408673140095 34.142812915472284 16.179740105037073
      vertex 11.594260479530446 34.12949650315712 17.295937937371193
      vertex 11.284377998880363 34.08869970062096 17.306739422532853
    endloop
  endfacet
  facet normal 0.1305261922200197 -0.9914448613738146 -2.2139992757811027e-15
    outer loop
      vertex 11.695408673140095 34.142812915472284 16.179740105037073
      vertex 11.72327258200697 34.14648126866715 17.312980913284647
      vertex 11.594260479530446 34.12949650315712 17.295937937371193
    endloop
  endfacet
  facet normal -0.6087614290087274 0.79335334029123 0
    outer loop
      vertex 12.7 30.60455173280957 16.371532510892703
      vertex 12.7 30.60455173280957 17.315787814957194
      vertex 12.783276735369919 30.66845221932969 17.29916759298901
    endloop
  endfacet
  facet normal -0.6087614290087155 0.793353340291239 -1.8055262625141506e-16
    outer loop
      vertex 12.7 30.60455173280957 16.371532510892703
      vertex 13.030960125760789 30.85850636925073 17.30132582285678
      vertex 13.093502884254441 30.90649711574556 16.371532510892703
    endloop
  endfacet
  facet normal -0.6087614290087119 0.7933533402912417 -2.194036298698116e-15
    outer loop
      vertex 12.7 30.60455173280957 16.371532510892703
      vertex 12.783276735369919 30.66845221932969 17.29916759298901
      vertex 13.030960125760789 30.85850636925073 17.30132582285678
    endloop
  endfacet
  facet normal -0.9238795325112972 0.38268343236506464 -2.8519683204781355e-16
    outer loop
      vertex 13.395448267190433 31.3 16.371532510892703
      vertex 13.40580630270728 31.325006509824316 17.30859367682988
      vertex 13.414699519314311 31.346476633970134 16.371532510892703
    endloop
  endfacet
  facet normal -0.6087614290087141 0.79335334029124 0
    outer loop
      vertex 13.093502884254441 30.90649711574556 16.371532510892703
      vertex 13.030960125760789 30.85850636925073 17.30132582285678
      vertex 13.093502884254441 30.90649711574556 17.31488308242537
    endloop
  endfacet
  facet normal -0.923879532511301 0.38268343236505553 0
    outer loop
      vertex 13.395448267190433 31.3 16.371532510892703
      vertex 13.395448267190433 31.3 17.313616697365774
      vertex 13.40580630270728 31.325006509824316 17.30859367682988
    endloop
  endfacet
  facet normal -0.9914448613738107 0.13052619222004883 9.222929746195536e-16
    outer loop
      vertex 13.591825313540356 31.808119386067673 16.371532510892703
      vertex 13.588777188086947 31.78496657461883 17.31317034371958
      vertex 13.609156349793276 31.93976167596357 17.294863430245698
    endloop
  endfacet
  facet normal -0.130526192220105 -0.9914448613738034 -5.895722122416773e-16
    outer loop
      vertex 12.188069834461054 34.09232701217551 16.216545971541386
      vertex 12.24175618569479 34.08525906994923 16.221698731441734
      vertex 12.21487466261085 34.088798089602186 17.306713372767806
    endloop
  endfacet
  facet normal -0.13052619221573528 -0.9914448613743787 1.0955246129011263e-13
    outer loop
      vertex 12.24175618569479 34.08525906994923 16.221698731441734
      vertex 12.215622001119637 34.088699700620964 17.306739422532857
      vertex 12.21487466261085 34.088798089602186 17.306713372767806
    endloop
  endfacet
  facet normal -0.13052619222020603 -0.9914448613737901 0
    outer loop
      vertex 12.24175618569479 34.08525906994923 16.221698731441734
      vertex 12.24175618569479 34.08525906994923 17.311988900208572
      vertex 12.215622001119637 34.088699700620964 17.306739422532857
    endloop
  endfacet
  facet normal -0.99144486137381 0.13052619222005454 9.484599839140645e-17
    outer loop
      vertex 13.591825313540356 31.808119386067673 16.371532510892703
      vertex 13.609156349793276 31.93976167596357 17.294863430245698
      vertex 13.65 32.25 16.371532510892703
    endloop
  endfacet
  facet normal -0.9914448613738103 -0.13052619222005313 -8.863545306820066e-16
    outer loop
      vertex 13.65 32.25 16.371532510892703
      vertex 13.609156349793276 32.560238324036426 17.294863430245698
      vertex 13.58525906994923 32.74175618569479 16.371532510892703
    endloop
  endfacet
  facet normal -0.9914448613738102 0.13052619222005427 0
    outer loop
      vertex 13.65 32.25 16.371532510892703
      vertex 13.609156349793276 31.93976167596357 17.294863430245698
      vertex 13.65 32.25 17.31
    endloop
  endfacet
  facet normal -0.9914448613738098 -0.13052619222005574 0
    outer loop
      vertex 13.65 32.25 16.371532510892703
      vertex 13.65 32.25 17.31
      vertex 13.609156349793276 32.560238324036426 17.294863430245698
    endloop
  endfacet
  facet normal -0.9914448613738107 -0.13052619222004866 0
    outer loop
      vertex 13.58525906994923 32.74175618569479 16.371532510892703
      vertex 13.609156349793276 32.560238324036426 17.294863430245698
      vertex 13.58525906994923 32.74175618569479 17.316330723192802
    endloop
  endfacet
  facet normal 0.9914448613738098 0.13052619222005535 -1.3399219720927065e-15
    outer loop
      vertex 9.91474093005077 -32.74175618569479 16.371532510892703
      vertex 9.88493039355935 -32.51532268053753 17.29705487056176
      vertex 9.890843650206724 -32.560238324036426 17.294863430245698
    endloop
  endfacet
  facet normal 0.9914448613738107 0.13052619222004866 0
    outer loop
      vertex 9.91474093005077 -32.74175618569479 16.371532510892703
      vertex 9.890843650206724 -32.560238324036426 17.294863430245698
      vertex 9.91474093005077 -32.74175618569479 17.316330723192802
    endloop
  endfacet
  facet normal 0.13052619222010503 0.9914448613738034 -5.89111968516274e-16
    outer loop
      vertex 11.25824381430521 -34.08525906994923 16.221698731441734
      vertex 11.28512533738915 -34.088798089602186 17.306713372767806
      vertex 11.311930165538946 -34.09232701217551 16.216545971541386
    endloop
  endfacet
  facet normal 0.13052619222020603 0.9914448613737901 0
    outer loop
      vertex 11.25824381430521 -34.08525906994923 16.221698731441734
      vertex 11.25824381430521 -34.08525906994923 17.311988900208572
      vertex 11.284377998880363 -34.088699700620964 17.306739422532857
    endloop
  endfacet
  facet normal 0.13052619221573528 0.9914448613743787 1.0955246129011263e-13
    outer loop
      vertex 11.25824381430521 -34.08525906994923 16.221698731441734
      vertex 11.284377998880363 -34.088699700620964 17.306739422532857
      vertex 11.28512533738915 -34.088798089602186 17.306713372767806
    endloop
  endfacet
  facet normal -0.13052619222004894 0.9914448613738108 -2.647986802764538e-15
    outer loop
      vertex 11.804591326859905 -34.142812915472284 16.179740105037073
      vertex 12.215622001119637 -34.08869970062096 17.306739422532853
      vertex 12.24175618569479 -34.08525906994923 16.221698731441734
    endloop
  endfacet
  facet normal -0.1305261922200197 0.9914448613738146 -2.2139992757811027e-15
    outer loop
      vertex 11.804591326859905 -34.142812915472284 16.179740105037073
      vertex 11.77672741799303 -34.14648126866715 17.312980913284647
      vertex 11.905739520469554 -34.12949650315712 17.295937937371193
    endloop
  endfacet
  facet normal -0.1305261922200601 0.9914448613738093 1.5088982806598826e-15
    outer loop
      vertex 11.804591326859905 -34.142812915472284 16.179740105037073
      vertex 11.905739520469554 -34.12949650315712 17.295937937371193
      vertex 12.215622001119637 -34.08869970062096 17.306739422532853
    endloop
  endfacet
  facet normal 0.9238795325112867 -0.3826834323650899 2.3420970358778334e-16
    outer loop
      vertex 9.91474093005077 -31.75824381430521 16.371532510892703
      vertex 10.104551732809567 -31.3 16.371532510892703
      vertex 9.964890829210495 -31.63717124760216 17.29737220266758
    endloop
  endfacet
  facet normal 0.9238795325112873 -0.38268343236508834 0
    outer loop
      vertex 9.91474093005077 -31.75824381430521 16.371532510892703
      vertex 9.964890829210495 -31.63717124760216 17.29737220266758
      vertex 9.91474093005077 -31.75824381430521 17.316330723192802
    endloop
  endfacet
  facet normal 0.9238795325112862 -0.382683432365091 -2.618274336445157e-16
    outer loop
      vertex 10.104551732809567 -31.3 16.371532510892703
      vertex 10.084409552279254 -31.34862752541205 17.303848958466173
      vertex 9.964890829210495 -31.63717124760216 17.29737220266758
    endloop
  endfacet
  facet normal 0.9238795325112881 -0.3826834323650868 0
    outer loop
      vertex 10.104551732809567 -31.3 16.371532510892703
      vertex 10.104551732809567 -31.3 17.313616697365774
      vertex 10.084409552279254 -31.34862752541205 17.303848958466173
    endloop
  endfacet
  facet normal 0.6087614290087141 -0.79335334029124 0
    outer loop
      vertex 10.406497115745559 -30.90649711574556 16.371532510892703
      vertex 10.469039874239211 -30.85850636925073 17.30132582285678
      vertex 10.406497115745559 -30.90649711574556 17.31488308242537
    endloop
  endfacet
  facet normal 0.6087614290087155 -0.793353340291239 -1.5798354796998817e-16
    outer loop
      vertex 10.406497115745559 -30.90649711574556 16.371532510892703
      vertex 10.8 -30.60455173280957 16.371532510892703
      vertex 10.469039874239211 -30.85850636925073 17.30132582285678
    endloop
  endfacet
  facet normal 0.6087614290087147 -0.7933533402912397 -6.354312777650311e-16
    outer loop
      vertex 10.8 -30.60455173280957 16.371532510892703
      vertex 10.71672326463008 -30.66845221932969 17.29916759298901
      vertex 10.469039874239211 -30.85850636925073 17.30132582285678
    endloop
  endfacet
  facet normal 0.6087614290087192 -0.7933533402912363 0
    outer loop
      vertex 10.8 -30.60455173280957 16.371532510892703
      vertex 10.8 -30.60455173280957 17.315787814957194
      vertex 10.71672326463008 -30.66845221932969 17.29916759298901
    endloop
  endfacet
  facet normal 0.1305261922200461 -0.9914448613738112 1.7403810102158007e-15
    outer loop
      vertex 11.25824381430521 -30.41474093005077 16.371532510892703
      vertex 11.75 -30.35 16.371532510892703
      vertex 11.594260479530446 -30.37050349684288 17.295937937371193
    endloop
  endfacet
  facet normal 0.13052619222004425 -0.9914448613738113 2.4288082420231103e-15
    outer loop
      vertex 11.25824381430521 -30.41474093005077 16.371532510892703
      vertex 11.594260479530446 -30.37050349684288 17.295937937371193
      vertex 11.485332975227577 -30.384844074840313 17.299734792291662
    endloop
  endfacet
  facet normal 0.13052619222003592 -0.9914448613738125 0
    outer loop
      vertex 11.75 -30.35 16.371532510892703
      vertex 11.75 -30.35 17.316511704058072
      vertex 11.594260479530446 -30.37050349684288 17.295937937371193
    endloop
  endfacet
  facet normal -0.13052619221994105 0.991444861373825 0
    outer loop
      vertex 12.24175618569479 -34.08525906994923 16.221698731441734
      vertex 12.215622001119637 -34.08869970062096 17.306739422532853
      vertex 12.24175618569479 -34.08525906994923 17.311988900208572
    endloop
  endfacet
  facet normal -0.9914448613738103 0.13052619222005313 -8.901423705567162e-16
    outer loop
      vertex 13.58525906994923 -32.74175618569479 16.371532510892703
      vertex 13.609156349793276 -32.560238324036426 17.294863430245698
      vertex 13.65 -32.25 16.371532510892703
    endloop
  endfacet
  facet normal -0.9914448613738107 0.13052619222004866 0
    outer loop
      vertex 13.58525906994923 -32.74175618569479 16.371532510892703
      vertex 13.58525906994923 -32.74175618569479 17.316330723192802
      vertex 13.609156349793276 -32.560238324036426 17.294863430245698
    endloop
  endfacet
  facet normal -0.9914448613738098 0.13052619222005574 0
    outer loop
      vertex 13.65 -32.25 16.371532510892703
      vertex 13.609156349793276 -32.560238324036426 17.294863430245698
      vertex 13.65 -32.25 17.31
    endloop
  endfacet
  facet normal -0.6087614290087088 -0.7933533402912443 -2.6530787555157643e-15
    outer loop
      vertex 12.7 -30.60455173280957 16.371532510892703
      vertex 12.881773537957617 -30.744031474184865 17.300025861041984
      vertex 12.783276735369919 -30.66845221932969 17.29916759298901
    endloop
  endfacet
  facet normal -0.6087614290087274 -0.79335334029123 0
    outer loop
      vertex 12.7 -30.60455173280957 16.371532510892703
      vertex 12.783276735369919 -30.66845221932969 17.29916759298901
      vertex 12.7 -30.60455173280957 17.315787814957194
    endloop
  endfacet
  facet normal -0.923879532511288 -0.3826834323650868 0
    outer loop
      vertex 13.395448267190433 -31.3 16.371532510892703
      vertex 13.415590447720746 -31.34862752541205 17.30384895846617
      vertex 13.395448267190433 -31.3 17.31361669736577
    endloop
  endfacet
  facet normal -0.9238795325112867 -0.3826834323650899 -1.8756666167266176e-16
    outer loop
      vertex 13.395448267190433 -31.3 16.371532510892703
      vertex 13.58525906994923 -31.75824381430521 16.371532510892703
      vertex 13.415590447720746 -31.34862752541205 17.30384895846617
    endloop
  endfacet
  facet normal -0.9238795325112863 -0.38268343236509106 4.091511329925751e-16
    outer loop
      vertex 13.58525906994923 -31.75824381430521 16.371532510892703
      vertex 13.535109170789505 -31.63717124760216 17.29737220266758
      vertex 13.415590447720746 -31.34862752541205 17.30384895846617
    endloop
  endfacet
  facet normal -0.9238795325112873 -0.38268343236508834 0
    outer loop
      vertex 13.58525906994923 -31.75824381430521 16.371532510892703
      vertex 13.58525906994923 -31.75824381430521 17.316330723192802
      vertex 13.535109170789505 -31.63717124760216 17.29737220266758
    endloop
  endfacet
  facet normal 0.9914448613738104 0.13052619222005116 0
    outer loop
      vertex -13.58525906994923 31.75824381430521 16.371532510892703
      vertex -13.609156349793276 31.93976167596357 17.294863430245698
      vertex -13.58525906994923 31.75824381430521 17.316330723192802
    endloop
  endfacet
  facet normal 0.6087614290087155 0.793353340291239 -5.429180965215563e-16
    outer loop
      vertex -13.093502884254441 30.90649711574556 16.371532510892703
      vertex -12.78327673536992 30.66845221932969 17.29916759298901
      vertex -12.7 30.60455173280957 16.371532510892703
    endloop
  endfacet
  facet normal 0.6087614290087141 0.79335334029124 0
    outer loop
      vertex -13.093502884254441 30.90649711574556 16.371532510892703
      vertex -13.093502884254441 30.90649711574556 17.31488308242537
      vertex -13.030960125760789 30.85850636925073 17.30132582285678
    endloop
  endfacet
  facet normal 0.6087614290087147 0.7933533402912396 -6.56979497741216e-17
    outer loop
      vertex -13.093502884254441 30.90649711574556 16.371532510892703
      vertex -13.030960125760789 30.85850636925073 17.30132582285678
      vertex -12.78327673536992 30.66845221932969 17.29916759298901
    endloop
  endfacet
  facet normal 0.6087614290087192 0.7933533402912363 0
    outer loop
      vertex -12.7 30.60455173280957 16.371532510892703
      vertex -12.78327673536992 30.66845221932969 17.29916759298901
      vertex -12.7 30.60455173280957 17.315787814957194
    endloop
  endfacet
  facet normal 0.9914448613738103 0.13052619222005313 -3.901475070950713e-16
    outer loop
      vertex -13.58525906994923 31.75824381430521 16.371532510892703
      vertex -13.65 32.25 16.371532510892703
      vertex -13.609156349793276 31.93976167596357 17.294863430245698
    endloop
  endfacet
  facet normal 0.9914448613738103 -0.13052619222005313 -8.863545306820066e-16
    outer loop
      vertex -13.65 32.25 16.371532510892703
      vertex -13.58525906994923 32.74175618569479 16.371532510892703
      vertex -13.609156349793276 32.560238324036426 17.294863430245698
    endloop
  endfacet
  facet normal 0.9914448613738102 0.13052619222005427 0
    outer loop
      vertex -13.65 32.25 16.371532510892703
      vertex -13.65 32.25 17.31
      vertex -13.609156349793276 31.93976167596357 17.294863430245698
    endloop
  endfacet
  facet normal 0.9914448613738098 -0.13052619222005574 0
    outer loop
      vertex -13.65 32.25 16.371532510892703
      vertex -13.609156349793276 32.560238324036426 17.294863430245698
      vertex -13.65 32.25 17.31
    endloop
  endfacet
  facet normal 0.9914448613738107 -0.13052619222004866 0
    outer loop
      vertex -13.58525906994923 32.74175618569479 16.371532510892703
      vertex -13.58525906994923 32.74175618569479 17.316330723192802
      vertex -13.609156349793276 32.560238324036426 17.294863430245698
    endloop
  endfacet
  facet normal 0.13052619221994105 -0.991444861373825 0
    outer loop
      vertex -12.24175618569479 34.08525906994923 16.221698731441734
      vertex -12.215622001119637 34.08869970062096 17.306739422532853
      vertex -12.24175618569479 34.08525906994923 17.311988900208572
    endloop
  endfacet
  facet normal -0.6087614290087155 0.793353340291239 -1.8055262625141506e-16
    outer loop
      vertex -10.8 30.60455173280957 16.371532510892703
      vertex -10.469039874239211 30.85850636925073 17.30132582285678
      vertex -10.406497115745559 30.90649711574556 16.371532510892703
    endloop
  endfacet
  facet normal -0.6087614290087274 0.79335334029123 0
    outer loop
      vertex -10.8 30.60455173280957 16.371532510892703
      vertex -10.8 30.60455173280957 17.315787814957194
      vertex -10.716723264630081 30.66845221932969 17.29916759298901
    endloop
  endfacet
  facet normal -0.6087614290087119 0.7933533402912417 -2.194036298698116e-15
    outer loop
      vertex -10.8 30.60455173280957 16.371532510892703
      vertex -10.716723264630081 30.66845221932969 17.29916759298901
      vertex -10.469039874239211 30.85850636925073 17.30132582285678
    endloop
  endfacet
  facet normal -0.6087614290087141 0.79335334029124 0
    outer loop
      vertex -10.406497115745559 30.90649711574556 16.371532510892703
      vertex -10.469039874239211 30.85850636925073 17.30132582285678
      vertex -10.406497115745559 30.90649711574556 17.31488308242537
    endloop
  endfacet
  facet normal -0.9238795325112867 0.3826834323650899 2.417648553164215e-16
    outer loop
      vertex -10.104551732809567 31.3 16.371532510892703
      vertex -9.964890829210495 31.63717124760216 17.29737220266758
      vertex -9.91474093005077 31.75824381430521 16.371532510892703
    endloop
  endfacet
  facet normal -0.9238795325112881 0.3826834323650868 0
    outer loop
      vertex -10.104551732809567 31.3 16.371532510892703
      vertex -10.104551732809567 31.3 17.313616697365774
      vertex -10.084409552279254 31.34862752541205 17.303848958466173
    endloop
  endfacet
  facet normal -0.9238795325112862 0.382683432365091 -2.618274336445157e-16
    outer loop
      vertex -10.104551732809567 31.3 16.371532510892703
      vertex -10.084409552279254 31.34862752541205 17.303848958466173
      vertex -9.964890829210495 31.63717124760216 17.29737220266758
    endloop
  endfacet
  facet normal -0.9238795325112873 0.38268343236508834 0
    outer loop
      vertex -9.91474093005077 31.75824381430521 16.371532510892703
      vertex -9.964890829210495 31.63717124760216 17.29737220266758
      vertex -9.91474093005077 31.75824381430521 17.316330723192802
    endloop
  endfacet
  facet normal 0.1305261922200489 -0.9914448613738108 -2.643012783838579e-15
    outer loop
      vertex -12.24175618569479 34.08525906994923 16.221698731441734
      vertex -11.804591326859905 34.142812915472284 16.17974010503707
      vertex -12.215622001119637 34.08869970062096 17.306739422532853
    endloop
  endfacet
  facet normal 0.13052619222006012 -0.9914448613738093 1.508898280659878e-15
    outer loop
      vertex -11.804591326859905 34.142812915472284 16.17974010503707
      vertex -11.905739520469554 34.12949650315712 17.295937937371193
      vertex -12.215622001119637 34.08869970062096 17.306739422532853
    endloop
  endfacet
  facet normal 0.1305261922200197 -0.9914448613738146 -2.2139992757810956e-15
    outer loop
      vertex -11.804591326859905 34.142812915472284 16.17974010503707
      vertex -11.77672741799303 34.14648126866715 17.312980913284647
      vertex -11.905739520469554 34.12949650315712 17.295937937371193
    endloop
  endfacet
  facet normal -0.130526192220105 -0.9914448613738034 -5.895722122416773e-16
    outer loop
      vertex -11.311930165538946 34.09232701217551 16.216545971541386
      vertex -11.25824381430521 34.08525906994923 16.221698731441734
      vertex -11.28512533738915 34.088798089602186 17.306713372767806
    endloop
  endfacet
  facet normal -0.13052619222020603 -0.9914448613737901 0
    outer loop
      vertex -11.25824381430521 34.08525906994923 16.221698731441734
      vertex -11.25824381430521 34.08525906994923 17.311988900208572
      vertex -11.284377998880363 34.088699700620964 17.306739422532857
    endloop
  endfacet
  facet normal -0.13052619221573528 -0.9914448613743787 1.0955246129011263e-13
    outer loop
      vertex -11.25824381430521 34.08525906994923 16.221698731441734
      vertex -11.284377998880363 34.088699700620964 17.306739422532857
      vertex -11.28512533738915 34.088798089602186 17.306713372767806
    endloop
  endfacet
  facet normal 0.9914448613738103 0.13052619222005313 0
    outer loop
      vertex -13.58525906994923 -32.74175618569479 16.371532510892703
      vertex -13.65 -32.25 16.371532510892703
      vertex -13.65 -32.25 16.556776475141028
    endloop
  endfacet
  facet normal 0.9914448613738102 0.13052619222005346 -9.613342818378398e-16
    outer loop
      vertex -13.58525906994923 -32.74175618569479 16.371532510892703
      vertex -13.65 -32.25 16.556776475141028
      vertex -13.609156349793276 -32.560238324036426 17.294863430245698
    endloop
  endfacet
  facet normal 0.9914448613738107 0.13052619222004866 0
    outer loop
      vertex -13.58525906994923 -32.74175618569479 16.371532510892703
      vertex -13.609156349793276 -32.560238324036426 17.294863430245698
      vertex -13.58525906994923 -32.74175618569479 17.316330723192802
    endloop
  endfacet
  facet normal 0.9914448613738098 0.13052619222005574 0
    outer loop
      vertex -13.65 -32.25 16.556776475141028
      vertex -13.65 -32.25 17.31
      vertex -13.609156349793276 -32.560238324036426 17.294863430245698
    endloop
  endfacet
  facet normal 0.9914448613738098 -0.13052619222005596 0
    outer loop
      vertex -13.65 -32.25 16.556776475141028
      vertex -13.623647071308298 -32.049829633507656 17.300233660768487
      vertex -13.65 -32.25 17.31
    endloop
  endfacet
  facet normal 0.13052619222010503 0.9914448613738034 -5.89111968516274e-16
    outer loop
      vertex -12.24175618569479 -34.08525906994923 16.221698731441734
      vertex -12.21487466261085 -34.088798089602186 17.306713372767806
      vertex -12.188069834461054 -34.09232701217551 16.216545971541386
    endloop
  endfacet
  facet normal 0.13052619222020603 0.9914448613737901 0
    outer loop
      vertex -12.24175618569479 -34.08525906994923 16.221698731441734
      vertex -12.24175618569479 -34.08525906994923 17.311988900208572
      vertex -12.215622001119637 -34.088699700620964 17.306739422532857
    endloop
  endfacet
  facet normal 0.13052619221573528 0.9914448613743787 1.0955246129011263e-13
    outer loop
      vertex -12.24175618569479 -34.08525906994923 16.221698731441734
      vertex -12.215622001119637 -34.088699700620964 17.306739422532857
      vertex -12.21487466261085 -34.088798089602186 17.306713372767806
    endloop
  endfacet
  facet normal 0.6087614290087141 -0.79335334029124 0
    outer loop
      vertex -13.093502884254441 -30.90649711574556 16.371532510892703
      vertex -13.030960125760789 -30.85850636925073 17.30132582285678
      vertex -13.093502884254441 -30.90649711574556 17.31488308242537
    endloop
  endfacet
  facet normal 0.6087614290087155 -0.793353340291239 -1.5798354796998817e-16
    outer loop
      vertex -13.093502884254441 -30.90649711574556 16.371532510892703
      vertex -12.7 -30.60455173280957 16.371532510892703
      vertex -13.030960125760789 -30.85850636925073 17.30132582285678
    endloop
  endfacet
  facet normal 0.6087614290087147 -0.7933533402912397 -6.354312777650311e-16
    outer loop
      vertex -12.7 -30.60455173280957 16.371532510892703
      vertex -12.78327673536992 -30.66845221932969 17.29916759298901
      vertex -13.030960125760789 -30.85850636925073 17.30132582285678
    endloop
  endfacet
  facet normal 0.6087614290087192 -0.7933533402912363 0
    outer loop
      vertex -12.7 -30.60455173280957 16.371532510892703
      vertex -12.7 -30.60455173280957 17.315787814957194
      vertex -12.78327673536992 -30.66845221932969 17.29916759298901
    endloop
  endfacet
  facet normal -0.1305261922200197 0.9914448613738146 -2.2139992757810956e-15
    outer loop
      vertex -11.695408673140095 -34.142812915472284 16.17974010503707
      vertex -11.72327258200697 -34.14648126866715 17.312980913284647
      vertex -11.594260479530446 -34.12949650315712 17.295937937371193
    endloop
  endfacet
  facet normal -0.1305261922200489 0.9914448613738108 -2.6479868027645374e-15
    outer loop
      vertex -11.695408673140095 -34.142812915472284 16.17974010503707
      vertex -11.284377998880363 -34.08869970062096 17.306739422532853
      vertex -11.25824381430521 -34.08525906994923 16.221698731441734
    endloop
  endfacet
  facet normal -0.13052619222006012 0.9914448613738093 1.508898280659878e-15
    outer loop
      vertex -11.695408673140095 -34.142812915472284 16.17974010503707
      vertex -11.594260479530446 -34.12949650315712 17.295937937371193
      vertex -11.284377998880363 -34.08869970062096 17.306739422532853
    endloop
  endfacet
  facet normal -0.13052619221994105 0.991444861373825 0
    outer loop
      vertex -11.25824381430521 -34.08525906994923 16.221698731441734
      vertex -11.284377998880363 -34.08869970062096 17.306739422532853
      vertex -11.25824381430521 -34.08525906994923 17.311988900208572
    endloop
  endfacet
  facet normal -0.608761429008712 -0.7933533402912418 2.2695655376514635e-16
    outer loop
      vertex -10.406497115745559 -30.90649711574556 16.371532510892703
      vertex -10.469039874239211 -30.85850636925073 17.30132582285678
      vertex -10.716723264630081 -30.66845221932969 17.29916759298901
    endloop
  endfacet
  facet normal -0.6087614290087141 -0.79335334029124 0
    outer loop
      vertex -10.406497115745559 -30.90649711574556 16.371532510892703
      vertex -10.406497115745559 -30.90649711574556 17.31488308242537
      vertex -10.469039874239211 -30.85850636925073 17.30132582285678
    endloop
  endfacet
  facet normal -0.6087614290087155 -0.793353340291239 -1.6890785225115084e-15
    outer loop
      vertex -10.406497115745559 -30.90649711574556 16.371532510892703
      vertex -10.716723264630081 -30.66845221932969 17.29916759298901
      vertex -10.8 -30.60455173280957 16.371532510892703
    endloop
  endfacet
  facet normal -0.6087614290087274 -0.79335334029123 0
    outer loop
      vertex -10.8 -30.60455173280957 16.371532510892703
      vertex -10.716723264630081 -30.66845221932969 17.29916759298901
      vertex -10.8 -30.60455173280957 17.315787814957194
    endloop
  endfacet
  facet normal -0.9238795325112867 -0.3826834323650899 -1.8756666167266176e-16
    outer loop
      vertex -10.104551732809567 -31.3 16.371532510892703
      vertex -9.91474093005077 -31.75824381430521 16.371532510892703
      vertex -10.084409552279254 -31.34862752541205 17.30384895846617
    endloop
  endfacet
  facet normal -0.923879532511288 -0.3826834323650868 0
    outer loop
      vertex -10.104551732809567 -31.3 16.371532510892703
      vertex -10.084409552279254 -31.34862752541205 17.30384895846617
      vertex -10.104551732809567 -31.3 17.31361669736577
    endloop
  endfacet
  facet normal -0.9238795325112873 -0.38268343236508834 0
    outer loop
      vertex -9.91474093005077 -31.75824381430521 16.371532510892703
      vertex -9.91474093005077 -31.75824381430521 17.316330723192802
      vertex -9.964890829210495 -31.63717124760216 17.29737220266758
    endloop
  endfacet
  facet normal -0.9238795325112863 -0.38268343236509106 4.091511329925751e-16
    outer loop
      vertex -9.91474093005077 -31.75824381430521 16.371532510892703
      vertex -9.964890829210495 -31.63717124760216 17.29737220266758
      vertex -10.084409552279254 -31.34862752541205 17.30384895846617
    endloop
  endfacet
  facet normal 0.9914448613738105 0.1305261922200515 0
    outer loop
      vertex -1.8352590699492297 -0.4917561856947894 16.371532510892703
      vertex -1.9 0 16.371532510892703
      vertex -1.9 0 18.381532510892704
    endloop
  endfacet
  facet normal 0.6087614290087204 0.7933533402912353 0
    outer loop
      vertex -1.3435028842544403 -1.3435028842544403 16.371532510892703
      vertex -1.3435028842544403 -1.3435028842544403 18.381532510892704
      vertex -0.95 -1.6454482671904334 16.371532510892703
    endloop
  endfacet
  facet normal 0.9238795325112867 0.3826834323650899 0
    outer loop
      vertex -1.8352590699492297 -0.4917561856947894 16.371532510892703
      vertex -1.8352590699492297 -0.4917561856947894 18.381532510892704
      vertex -1.6454482671904334 -0.95 16.371532510892703
    endloop
  endfacet
  facet normal 0.7933533402912353 0.6087614290087204 0
    outer loop
      vertex -1.3435028842544403 -1.3435028842544403 16.371532510892703
      vertex -1.6454482671904334 -0.95 16.371532510892703
      vertex -1.6454482671904334 -0.95 18.381532510892704
    endloop
  endfacet
  facet normal 0.3826834323650899 0.9238795325112867 0
    outer loop
      vertex -0.95 -1.6454482671904334 16.371532510892703
      vertex -0.95 -1.6454482671904334 18.381532510892704
      vertex -0.4917561856947894 -1.8352590699492297 16.371532510892703
    endloop
  endfacet
  facet normal 0.1305261922200515 0.9914448613738105 0
    outer loop
      vertex -0.4917561856947894 -1.8352590699492297 16.371532510892703
      vertex -0.4917561856947894 -1.8352590699492297 18.381532510892704
      vertex 0 -1.9 16.371532510892703
    endloop
  endfacet
  facet normal 0.9914448613738105 0.1305261922200515 0
    outer loop
      vertex -1.8352590699492297 -0.4917561856947894 16.371532510892703
      vertex -1.9 0 18.381532510892704
      vertex -1.8352590699492297 -0.4917561856947894 18.381532510892704
    endloop
  endfacet
  facet normal 0.7933533402912353 0.6087614290087204 0
    outer loop
      vertex -1.3435028842544403 -1.3435028842544403 16.371532510892703
      vertex -1.6454482671904334 -0.95 18.381532510892704
      vertex -1.3435028842544403 -1.3435028842544403 18.381532510892704
    endloop
  endfacet
  facet normal 0.9238795325112867 0.3826834323650899 0
    outer loop
      vertex -1.6454482671904334 -0.95 16.371532510892703
      vertex -1.8352590699492297 -0.4917561856947894 18.381532510892704
      vertex -1.6454482671904334 -0.95 18.381532510892704
    endloop
  endfacet
  facet normal 0.6087614290087204 0.7933533402912353 0
    outer loop
      vertex -0.95 -1.6454482671904334 16.371532510892703
      vertex -1.3435028842544403 -1.3435028842544403 18.381532510892704
      vertex -0.95 -1.6454482671904334 18.381532510892704
    endloop
  endfacet
  facet normal 0.3826834323650899 0.9238795325112867 0
    outer loop
      vertex -0.4917561856947894 -1.8352590699492297 16.371532510892703
      vertex -0.95 -1.6454482671904334 18.381532510892704
      vertex -0.4917561856947894 -1.8352590699492297 18.381532510892704
    endloop
  endfacet
  facet normal 0.1305261922200515 0.9914448613738105 0
    outer loop
      vertex 0 -1.9 16.371532510892703
      vertex -0.4917561856947894 -1.8352590699492297 18.381532510892704
      vertex 0 -1.9 18.381532510892704
    endloop
  endfacet
  facet normal 0.9914448613738105 -0.1305261922200515 0
    outer loop
      vertex -1.9 0 16.371532510892703
      vertex -1.8352590699492297 0.4917561856947894 16.371532510892703
      vertex -1.8352590699492297 0.4917561856947894 18.381532510892704
    endloop
  endfacet
  facet normal 0.9238795325112867 -0.3826834323650899 0
    outer loop
      vertex -1.8352590699492297 0.4917561856947894 16.371532510892703
      vertex -1.6454482671904334 0.95 16.371532510892703
      vertex -1.6454482671904334 0.95 18.381532510892704
    endloop
  endfacet
  facet normal 0.7933533402912353 -0.6087614290087204 0
    outer loop
      vertex -1.6454482671904334 0.95 16.371532510892703
      vertex -1.3435028842544403 1.3435028842544403 16.371532510892703
      vertex -1.3435028842544403 1.3435028842544403 18.381532510892704
    endloop
  endfacet
  facet normal 0.6087614290087204 -0.7933533402912353 0
    outer loop
      vertex -1.3435028842544403 1.3435028842544403 16.371532510892703
      vertex -0.95 1.6454482671904334 16.371532510892703
      vertex -0.95 1.6454482671904334 18.381532510892704
    endloop
  endfacet
  facet normal 0.3826834323650899 -0.9238795325112867 0
    outer loop
      vertex -0.95 1.6454482671904334 16.371532510892703
      vertex -0.4917561856947894 1.8352590699492297 16.371532510892703
      vertex -0.4917561856947894 1.8352590699492297 18.381532510892704
    endloop
  endfacet
  facet normal 0.1305261922200515 -0.9914448613738105 0
    outer loop
      vertex -0.4917561856947894 1.8352590699492297 16.371532510892703
      vertex 0 1.9 16.371532510892703
      vertex 0 1.9 18.381532510892704
    endloop
  endfacet
  facet normal 0.9914448613738105 -0.1305261922200515 0
    outer loop
      vertex -1.9 0 16.371532510892703
      vertex -1.8352590699492297 0.4917561856947894 18.381532510892704
      vertex -1.9 0 18.381532510892704
    endloop
  endfacet
  facet normal 0.9238795325112867 -0.3826834323650899 0
    outer loop
      vertex -1.8352590699492297 0.4917561856947894 16.371532510892703
      vertex -1.6454482671904334 0.95 18.381532510892704
      vertex -1.8352590699492297 0.4917561856947894 18.381532510892704
    endloop
  endfacet
  facet normal 0.7933533402912353 -0.6087614290087204 0
    outer loop
      vertex -1.6454482671904334 0.95 16.371532510892703
      vertex -1.3435028842544403 1.3435028842544403 18.381532510892704
      vertex -1.6454482671904334 0.95 18.381532510892704
    endloop
  endfacet
  facet normal 0.6087614290087204 -0.7933533402912353 0
    outer loop
      vertex -1.3435028842544403 1.3435028842544403 16.371532510892703
      vertex -0.95 1.6454482671904334 18.381532510892704
      vertex -1.3435028842544403 1.3435028842544403 18.381532510892704
    endloop
  endfacet
  facet normal 0.3826834323650899 -0.9238795325112867 0
    outer loop
      vertex -0.95 1.6454482671904334 16.371532510892703
      vertex -0.4917561856947894 1.8352590699492297 18.381532510892704
      vertex -0.95 1.6454482671904334 18.381532510892704
    endloop
  endfacet
  facet normal 0.1305261922200515 -0.9914448613738105 0
    outer loop
      vertex -0.4917561856947894 1.8352590699492297 16.371532510892703
      vertex 0 1.9 18.381532510892704
      vertex -0.4917561856947894 1.8352590699492297 18.381532510892704
    endloop
  endfacet
  facet normal -0.1305261922200515 0.9914448613738105 0
    outer loop
      vertex 0 -1.9 16.371532510892703
      vertex 0 -1.9 18.381532510892704
      vertex 0.4917561856947894 -1.8352590699492297 16.371532510892703
    endloop
  endfacet
  facet normal -0.3826834323650899 0.9238795325112867 0
    outer loop
      vertex 0.4917561856947894 -1.8352590699492297 16.371532510892703
      vertex 0.4917561856947894 -1.8352590699492297 18.381532510892704
      vertex 0.95 -1.6454482671904334 16.371532510892703
    endloop
  endfacet
  facet normal -0.6087614290087204 0.7933533402912353 0
    outer loop
      vertex 0.95 -1.6454482671904334 16.371532510892703
      vertex 0.95 -1.6454482671904334 18.381532510892704
      vertex 1.3435028842544403 -1.3435028842544403 16.371532510892703
    endloop
  endfacet
  facet normal -0.7933533402912353 0.6087614290087204 0
    outer loop
      vertex 1.3435028842544403 -1.3435028842544403 16.371532510892703
      vertex 1.3435028842544403 -1.3435028842544403 18.381532510892704
      vertex 1.6454482671904334 -0.95 16.371532510892703
    endloop
  endfacet
  facet normal -0.9238795325112867 0.3826834323650899 0
    outer loop
      vertex 1.6454482671904334 -0.95 16.371532510892703
      vertex 1.6454482671904334 -0.95 18.381532510892704
      vertex 1.8352590699492297 -0.4917561856947894 16.371532510892703
    endloop
  endfacet
  facet normal -0.9914448613738105 0.1305261922200515 0
    outer loop
      vertex 1.8352590699492297 -0.4917561856947894 16.371532510892703
      vertex 1.8352590699492297 -0.4917561856947894 18.381532510892704
      vertex 1.9 0 16.371532510892703
    endloop
  endfacet
  facet normal -0.1305261922200515 0.9914448613738105 0
    outer loop
      vertex 0 -1.9 18.381532510892704
      vertex 0.4917561856947894 -1.8352590699492297 18.381532510892704
      vertex 0.4917561856947894 -1.8352590699492297 16.371532510892703
    endloop
  endfacet
  facet normal -0.3826834323650899 0.9238795325112867 0
    outer loop
      vertex 0.95 -1.6454482671904334 16.371532510892703
      vertex 0.4917561856947894 -1.8352590699492297 18.381532510892704
      vertex 0.95 -1.6454482671904334 18.381532510892704
    endloop
  endfacet
  facet normal -0.6087614290087204 0.7933533402912353 0
    outer loop
      vertex 1.3435028842544403 -1.3435028842544403 16.371532510892703
      vertex 0.95 -1.6454482671904334 18.381532510892704
      vertex 1.3435028842544403 -1.3435028842544403 18.381532510892704
    endloop
  endfacet
  facet normal -0.7933533402912353 0.6087614290087204 0
    outer loop
      vertex 1.6454482671904334 -0.95 16.371532510892703
      vertex 1.3435028842544403 -1.3435028842544403 18.381532510892704
      vertex 1.6454482671904334 -0.95 18.381532510892704
    endloop
  endfacet
  facet normal -0.9238795325112867 0.3826834323650899 0
    outer loop
      vertex 1.8352590699492297 -0.4917561856947894 16.371532510892703
      vertex 1.6454482671904334 -0.95 18.381532510892704
      vertex 1.8352590699492297 -0.4917561856947894 18.381532510892704
    endloop
  endfacet
  facet normal -0.9914448613738105 0.1305261922200515 0
    outer loop
      vertex 1.8352590699492297 -0.4917561856947894 18.381532510892704
      vertex 1.9 0 18.381532510892704
      vertex 1.9 0 16.371532510892703
    endloop
  endfacet
  facet normal -0.1305261922200515 -0.9914448613738105 0
    outer loop
      vertex 0 1.9 16.371532510892703
      vertex 0.4917561856947894 1.8352590699492297 16.371532510892703
      vertex 0.4917561856947894 1.8352590699492297 18.381532510892704
    endloop
  endfacet
  facet normal -0.3826834323650899 -0.9238795325112867 0
    outer loop
      vertex 0.4917561856947894 1.8352590699492297 16.371532510892703
      vertex 0.95 1.6454482671904334 16.371532510892703
      vertex 0.95 1.6454482671904334 18.381532510892704
    endloop
  endfacet
  facet normal -0.6087614290087204 -0.7933533402912353 0
    outer loop
      vertex 0.95 1.6454482671904334 16.371532510892703
      vertex 1.3435028842544403 1.3435028842544403 16.371532510892703
      vertex 1.3435028842544403 1.3435028842544403 18.381532510892704
    endloop
  endfacet
  facet normal -0.7933533402912353 -0.6087614290087204 0
    outer loop
      vertex 1.6454482671904334 0.95 16.371532510892703
      vertex 1.6454482671904334 0.95 18.381532510892704
      vertex 1.3435028842544403 1.3435028842544403 16.371532510892703
    endloop
  endfacet
  facet normal -0.9238795325112867 -0.3826834323650899 0
    outer loop
      vertex 1.6454482671904334 0.95 16.371532510892703
      vertex 1.8352590699492297 0.4917561856947894 16.371532510892703
      vertex 1.8352590699492297 0.4917561856947894 18.381532510892704
    endloop
  endfacet
  facet normal -0.9914448613738105 -0.1305261922200515 0
    outer loop
      vertex 1.9 0 16.371532510892703
      vertex 1.9 0 18.381532510892704
      vertex 1.8352590699492297 0.4917561856947894 16.371532510892703
    endloop
  endfacet
  facet normal -0.1305261922200515 -0.9914448613738105 0
    outer loop
      vertex 0 1.9 16.371532510892703
      vertex 0.4917561856947894 1.8352590699492297 18.381532510892704
      vertex 0 1.9 18.381532510892704
    endloop
  endfacet
  facet normal -0.3826834323650899 -0.9238795325112867 0
    outer loop
      vertex 0.4917561856947894 1.8352590699492297 16.371532510892703
      vertex 0.95 1.6454482671904334 18.381532510892704
      vertex 0.4917561856947894 1.8352590699492297 18.381532510892704
    endloop
  endfacet
  facet normal -0.6087614290087204 -0.7933533402912353 0
    outer loop
      vertex 0.95 1.6454482671904334 16.371532510892703
      vertex 1.3435028842544403 1.3435028842544403 18.381532510892704
      vertex 0.95 1.6454482671904334 18.381532510892704
    endloop
  endfacet
  facet normal -0.9238795325112867 -0.3826834323650899 0
    outer loop
      vertex 1.6454482671904334 0.95 16.371532510892703
      vertex 1.8352590699492297 0.4917561856947894 18.381532510892704
      vertex 1.6454482671904334 0.95 18.381532510892704
    endloop
  endfacet
  facet normal -0.7933533402912353 -0.6087614290087204 0
    outer loop
      vertex 1.3435028842544403 1.3435028842544403 16.371532510892703
      vertex 1.6454482671904334 0.95 18.381532510892704
      vertex 1.3435028842544403 1.3435028842544403 18.381532510892704
    endloop
  endfacet
  facet normal -0.9914448613738105 -0.1305261922200515 0
    outer loop
      vertex 1.8352590699492297 0.4917561856947894 16.371532510892703
      vertex 1.9 0 18.381532510892704
      vertex 1.8352590699492297 0.4917561856947894 18.381532510892704
    endloop
  endfacet
  facet normal 0 -1 0
    outer loop
      vertex -17.88681040359731 -27 6.199999999999998
      vertex -16.1 -27 6.199999999999998
      vertex -17.88681040359731 -27 7.399999999999999
    endloop
  endfacet
  facet normal 0 -1 0
    outer loop
      vertex -17.88681040359731 -27 7.399999999999999
      vertex -16.1 -27 6.199999999999998
      vertex -16.1 -27 7.399999999999999
    endloop
  endfacet
  facet normal 0 0 1
    outer loop
      vertex -17.88681040359731 -27 7.399999999999999
      vertex -16.1 -27 7.399999999999999
      vertex -17.88681040359731 27 7.399999999999999
    endloop
  endfacet
  facet normal 0 0 -1
    outer loop
      vertex -17.88681040359731 -27 6.199999999999998
      vertex -16.1 27 6.199999999999998
      vertex -16.1 -27 6.199999999999998
    endloop
  endfacet
  facet normal 1 0 0
    outer loop
      vertex -16.1 -27 6.199999999999998
      vertex -16.1 27 6.199999999999998
      vertex -16.1 -27 7.399999999999999
    endloop
  endfacet
  facet normal 0 0 -1
    outer loop
      vertex -17.88681040359731 -27 6.199999999999998
      vertex -17.88681040359731 27 6.199999999999998
      vertex -16.1 27 6.199999999999998
    endloop
  endfacet
  facet normal 0 0 1
    outer loop
      vertex -16.1 -27 7.399999999999999
      vertex -16.1 27 7.399999999999999
      vertex -17.88681040359731 27 7.399999999999999
    endloop
  endfacet
  facet normal 1 0 0
    outer loop
      vertex -16.1 -27 7.399999999999999
      vertex -16.1 27 6.199999999999998
      vertex -16.1 27 7.399999999999999
    endloop
  endfacet
  facet normal 0 1 0
    outer loop
      vertex -17.88681040359731 27 6.199999999999998
      vertex -17.88681040359731 27 7.399999999999999
      vertex -16.1 27 7.399999999999999
    endloop
  endfacet
  facet normal 0 1 0
    outer loop
      vertex -17.88681040359731 27 6.199999999999998
      vertex -16.1 27 7.399999999999999
      vertex -16.1 27 6.199999999999998
    endloop
  endfacet
  facet normal 0 -1 0
    outer loop
      vertex 16.099999999999998 -27 6.199999999999998
      vertex 17.9 -27 6.199999999999998
      vertex 16.099999999999998 -27 7.399999999999999
    endloop
  endfacet
  facet normal 0 -1 0
    outer loop
      vertex 16.099999999999998 -27 7.399999999999999
      vertex 17.9 -27 6.199999999999998
      vertex 17.9 -27 7.399999999999999
    endloop
  endfacet
  facet normal -1 0 0
    outer loop
      vertex 16.099999999999998 -27 6.199999999999998
      vertex 16.099999999999998 -27 7.399999999999999
      vertex 16.099999999999998 27 7.399999999999999
    endloop
  endfacet
  facet normal 0 0 1
    outer loop
      vertex 16.099999999999998 -27 7.399999999999999
      vertex 17.9 -27 7.399999999999999
      vertex 16.099999999999998 27 7.399999999999999
    endloop
  endfacet
  facet normal 0 0 -1
    outer loop
      vertex 16.099999999999998 -27 6.199999999999998
      vertex 17.9 27 6.199999999999998
      vertex 17.9 -27 6.199999999999998
    endloop
  endfacet
  facet normal 0 0 -1
    outer loop
      vertex 16.099999999999998 -27 6.199999999999998
      vertex 16.099999999999998 27 6.199999999999998
      vertex 17.9 27 6.199999999999998
    endloop
  endfacet
  facet normal -1 0 0
    outer loop
      vertex 16.099999999999998 -27 6.199999999999998
      vertex 16.099999999999998 27 7.399999999999999
      vertex 16.099999999999998 27 6.199999999999998
    endloop
  endfacet
  facet normal 0 0 1
    outer loop
      vertex 17.9 -27 7.399999999999999
      vertex 17.9 27 7.399999999999999
      vertex 16.099999999999998 27 7.399999999999999
    endloop
  endfacet
  facet normal 0 1 0
    outer loop
      vertex 16.099999999999998 27 6.199999999999998
      vertex 16.099999999999998 27 7.399999999999999
      vertex 17.9 27 7.399999999999999
    endloop
  endfacet
  facet normal 0 1 0
    outer loop
      vertex 16.099999999999998 27 6.199999999999998
      vertex 17.9 27 7.399999999999999
      vertex 17.9 27 6.199999999999998
    endloop
  endfacet
  facet normal 0 0 -1
    outer loop
      vertex -14.556702096084793 -32.74489730635075 -1.5999999999999996
      vertex -14.6 -32.25 -1.5999999999999996
      vertex -14.556702096084793 -31.75510269364925 -1.5999999999999996
    endloop
  endfacet
  facet normal 0 0 -1
    outer loop
      vertex -14.42812396923984 -33.224757408478155 -1.5999999999999996
      vertex -14.556702096084793 -32.74489730635075 -1.5999999999999996
      vertex -14.42812396923984 -31.275242591521845 -1.5999999999999996
    endloop
  endfacet
  facet normal 0 0 -1
    outer loop
      vertex -14.42812396923984 -33.224757408478155 -1.5999999999999996
      vertex -14.218172400785651 -30.825 -1.5999999999999996
      vertex -14.218172400785651 -33.675 -1.5999999999999996
    endloop
  endfacet
  facet normal 0 0 -1
    outer loop
      vertex -14.218172400785651 -33.675 -1.5999999999999996
      vertex -13.933226662889087 -30.418055312393363 -1.5999999999999996
      vertex -13.933226662889087 -34.08194468760664 -1.5999999999999996
    endloop
  endfacet
  facet normal 0 0 -1
    outer loop
      vertex -13.581944687606637 -34.43322666288909 -1.5999999999999996
      vertex -13.933226662889087 -34.08194468760664 -1.5999999999999996
      vertex -13.395448267190433 -33.2 -1.5999999999999996
    endloop
  endfacet
  facet normal 0 0 -1
    outer loop
      vertex -13.933226662889087 -34.08194468760664 -1.5999999999999996
      vertex -13.58525906994923 -32.74175618569479 -1.5999999999999996
      vertex -13.395448267190433 -33.2 -1.5999999999999996
    endloop
  endfacet
  facet normal 0 0 -1
    outer loop
      vertex -13.933226662889087 -34.08194468760664 -1.5999999999999996
      vertex -13.65 -32.25 -1.5999999999999996
      vertex -13.58525906994923 -32.74175618569479 -1.5999999999999996
    endloop
  endfacet
  facet normal 0 0 -1
    outer loop
      vertex -13.933226662889087 -34.08194468760664 -1.5999999999999996
      vertex -13.581944687606637 -30.066773337110913 -1.5999999999999996
      vertex -13.65 -32.25 -1.5999999999999996
    endloop
  endfacet
  facet normal 0 0 -1
    outer loop
      vertex -13.581944687606637 -34.43322666288909 -1.5999999999999996
      vertex -13.093502884254441 -33.59350288425444 -1.5999999999999996
      vertex -13.175 -34.71817240078565 -1.5999999999999996
    endloop
  endfacet
  facet normal 0 0 -1
    outer loop
      vertex -13.175 -34.71817240078565 -1.5999999999999996
      vertex -12.7 -33.89544826719043 -1.5999999999999996
      vertex -12.724757408478157 -34.92812396923984 -1.5999999999999996
    endloop
  endfacet
  facet normal 0 0 -1
    outer loop
      vertex -12.724757408478157 -34.92812396923984 -1.5999999999999996
      vertex -12.7 -33.89544826719043 -1.5999999999999996
      vertex -12.24175618569479 -34.08525906994923 -1.5999999999999996
    endloop
  endfacet
  facet normal 0 0 -1
    outer loop
      vertex -12.724757408478157 -34.92812396923984 -1.5999999999999996
      vertex -12.24175618569479 -34.08525906994923 -1.5999999999999996
      vertex -12.244897306350751 -35.05670209608479 -1.5999999999999996
    endloop
  endfacet
  facet normal -0.4226182617407083 -0.9063077870366457 2.2697224246540604e-16
    outer loop
      vertex -13.175 -34.71817240078565 -1.5999999999999996
      vertex -12.724757408478157 -34.92812396923984 -1.5999999999999996
      vertex -12.792145939473212 -34.89670018116503 0
    endloop
  endfacet
  facet normal -0.258819045102512 -0.9659258262890706 0
    outer loop
      vertex -12.724757408478157 -34.92812396923984 -1.5999999999999996
      vertex -12.244897306350751 -35.05670209608479 -1.5999999999999996
      vertex -12.244897306350751 -35.05670209608479 0
    endloop
  endfacet
  facet normal 0 0 -1
    outer loop
      vertex -13.581944687606637 -34.43322666288909 -1.5999999999999996
      vertex -13.395448267190433 -33.2 -1.5999999999999996
      vertex -13.093502884254441 -33.59350288425444 -1.5999999999999996
    endloop
  endfacet
  facet normal 0 0 -1
    outer loop
      vertex -13.175 -34.71817240078565 -1.5999999999999996
      vertex -13.093502884254441 -33.59350288425444 -1.5999999999999996
      vertex -12.7 -33.89544826719043 -1.5999999999999996
    endloop
  endfacet
  facet normal -0.42261826174071254 -0.9063077870366438 0
    outer loop
      vertex -12.724757408478157 -34.92812396923984 -1.5999999999999996
      vertex -12.724757408478157 -34.92812396923984 0
      vertex -12.792145939473212 -34.89670018116503 0
    endloop
  endfacet
  facet normal -0.258819045102512 -0.9659258262890706 0
    outer loop
      vertex -12.724757408478157 -34.92812396923984 -1.5999999999999996
      vertex -12.244897306350751 -35.05670209608479 0
      vertex -12.724757408478157 -34.92812396923984 0
    endloop
  endfacet
  facet normal 0 0 -1
    outer loop
      vertex -14.556702096084793 -32.74489730635075 -1.5999999999999996
      vertex -14.556702096084793 -31.75510269364925 -1.5999999999999996
      vertex -14.42812396923984 -31.275242591521845 -1.5999999999999996
    endloop
  endfacet
  facet normal 0 0 -1
    outer loop
      vertex -14.42812396923984 -33.224757408478155 -1.5999999999999996
      vertex -14.42812396923984 -31.275242591521845 -1.5999999999999996
      vertex -14.218172400785651 -30.825 -1.5999999999999996
    endloop
  endfacet
  facet normal 0 0 -1
    outer loop
      vertex -14.218172400785651 -33.675 -1.5999999999999996
      vertex -14.218172400785651 -30.825 -1.5999999999999996
      vertex -13.933226662889087 -30.418055312393363 -1.5999999999999996
    endloop
  endfacet
  facet normal 0 0 -1
    outer loop
      vertex -13.933226662889087 -34.08194468760664 -1.5999999999999996
      vertex -13.933226662889087 -30.418055312393363 -1.5999999999999996
      vertex -13.581944687606637 -30.066773337110913 -1.5999999999999996
    endloop
  endfacet
  facet normal 0 0 -1
    outer loop
      vertex -13.65 -32.25 -1.5999999999999996
      vertex -13.581944687606637 -30.066773337110913 -1.5999999999999996
      vertex -13.58525906994923 -31.75824381430521 -1.5999999999999996
    endloop
  endfacet
  facet normal 0 0 -1
    outer loop
      vertex -13.58525906994923 -31.75824381430521 -1.5999999999999996
      vertex -13.581944687606637 -30.066773337110913 -1.5999999999999996
      vertex -13.395448267190433 -31.3 -1.5999999999999996
    endloop
  endfacet
  facet normal 0 0 -1
    outer loop
      vertex -13.395448267190433 -31.3 -1.5999999999999996
      vertex -13.581944687606637 -30.066773337110913 -1.5999999999999996
      vertex -13.175 -29.78182759921435 -1.5999999999999996
    endloop
  endfacet
  facet normal 0 0 -1
    outer loop
      vertex -13.395448267190433 -31.3 -1.5999999999999996
      vertex -13.175 -29.78182759921435 -1.5999999999999996
      vertex -13.093502884254441 -30.90649711574556 -1.5999999999999996
    endloop
  endfacet
  facet normal 0 0 -1
    outer loop
      vertex -13.093502884254441 -30.90649711574556 -1.5999999999999996
      vertex -12.724757408478157 -29.571876030760162 -1.5999999999999996
      vertex -12.7 -30.60455173280957 -1.5999999999999996
    endloop
  endfacet
  facet normal 0 0 -1
    outer loop
      vertex -13.093502884254441 -30.90649711574556 -1.5999999999999996
      vertex -13.175 -29.78182759921435 -1.5999999999999996
      vertex -12.724757408478157 -29.571876030760162 -1.5999999999999996
    endloop
  endfacet
  facet normal 0 0 -1
    outer loop
      vertex -12.7 -30.60455173280957 -1.5999999999999996
      vertex -12.724757408478157 -29.571876030760162 -1.5999999999999996
      vertex -12.244897306350751 -29.44329790391521 -1.5999999999999996
    endloop
  endfacet
  facet normal 0 0 -1
    outer loop
      vertex -12.7 -30.60455173280957 -1.5999999999999996
      vertex -12.244897306350751 -29.44329790391521 -1.5999999999999996
      vertex -12.24175618569479 -30.41474093005077 -1.5999999999999996
    endloop
  endfacet
  facet normal 0 0 -1
    outer loop
      vertex -12.244897306350751 -35.05670209608479 -1.5999999999999996
      vertex -12.24175618569479 -34.08525906994923 -1.5999999999999996
      vertex -11.75 -34.15 -1.5999999999999996
    endloop
  endfacet
  facet normal 0 0 -1
    outer loop
      vertex -12.244897306350751 -35.05670209608479 -1.5999999999999996
      vertex -11.75 -34.15 -1.5999999999999996
      vertex -11.75 -35.1 -1.5999999999999996
    endloop
  endfacet
  facet normal 0 0 -1
    outer loop
      vertex -11.75 -35.1 -1.5999999999999996
      vertex -11.75 -34.15 -1.5999999999999996
      vertex -11.25824381430521 -34.08525906994923 -1.5999999999999996
    endloop
  endfacet
  facet normal 0 0 -1
    outer loop
      vertex -11.75 -35.1 -1.5999999999999996
      vertex -11.25824381430521 -34.08525906994923 -1.5999999999999996
      vertex -11.255102693649249 -35.05670209608479 -1.5999999999999996
    endloop
  endfacet
  facet normal 0 0 -1
    outer loop
      vertex -11.255102693649249 -35.05670209608479 -1.5999999999999996
      vertex -11.25824381430521 -34.08525906994923 -1.5999999999999996
      vertex -10.8 -33.89544826719043 -1.5999999999999996
    endloop
  endfacet
  facet normal -0.08715574274766452 -0.996194698091745 0
    outer loop
      vertex -12.244897306350751 -35.05670209608479 -1.5999999999999996
      vertex -11.75 -35.1 -1.5999999999999996
      vertex -11.75 -35.1 0
    endloop
  endfacet
  facet normal 0.08715574274766452 -0.996194698091745 0
    outer loop
      vertex -11.75 -35.1 -1.5999999999999996
      vertex -11.255102693649249 -35.05670209608479 -1.5999999999999996
      vertex -11.255102693649249 -35.05670209608479 0
    endloop
  endfacet
  facet normal 0 0 -1
    outer loop
      vertex -11.255102693649249 -35.05670209608479 -1.5999999999999996
      vertex -10.8 -33.89544826719043 -1.5999999999999996
      vertex -10.775242591521843 -34.92812396923984 -1.5999999999999996
    endloop
  endfacet
  facet normal 0 0 -1
    outer loop
      vertex -10.775242591521843 -34.92812396923984 -1.5999999999999996
      vertex -10.406497115745559 -33.59350288425444 -1.5999999999999996
      vertex -10.325 -34.71817240078565 -1.5999999999999996
    endloop
  endfacet
  facet normal 0.258819045102512 -0.9659258262890706 0
    outer loop
      vertex -11.255102693649249 -35.05670209608479 -1.5999999999999996
      vertex -10.775242591521843 -34.92812396923984 -1.5999999999999996
      vertex -10.775242591521843 -34.92812396923984 0
    endloop
  endfacet
  facet normal 0.4226182617407083 -0.9063077870366457 2.182425408321212e-16
    outer loop
      vertex -10.775242591521843 -34.92812396923984 -1.5999999999999996
      vertex -10.325 -34.71817240078565 -1.5999999999999996
      vertex -10.707854060526788 -34.89670018116503 0
    endloop
  endfacet
  facet normal 0 0 -1
    outer loop
      vertex -10.775242591521843 -34.92812396923984 -1.5999999999999996
      vertex -10.8 -33.89544826719043 -1.5999999999999996
      vertex -10.406497115745559 -33.59350288425444 -1.5999999999999996
    endloop
  endfacet
  facet normal 0 0 -1
    outer loop
      vertex -10.325 -34.71817240078565 -1.5999999999999996
      vertex -10.406497115745559 -33.59350288425444 -1.5999999999999996
      vertex -10.104551732809567 -33.2 -1.5999999999999996
    endloop
  endfacet
  facet normal 0 0 -1
    outer loop
      vertex -10.325 -34.71817240078565 -1.5999999999999996
      vertex -10.104551732809567 -33.2 -1.5999999999999996
      vertex -9.918055312393363 -34.43322666288909 -1.5999999999999996
    endloop
  endfacet
  facet normal 0 0 -1
    outer loop
      vertex -9.918055312393363 -34.43322666288909 -1.5999999999999996
      vertex -10.104551732809567 -33.2 -1.5999999999999996
      vertex -9.91474093005077 -32.74175618569479 -1.5999999999999996
    endloop
  endfacet
  facet normal 0 0 -1
    outer loop
      vertex -9.918055312393363 -34.43322666288909 -1.5999999999999996
      vertex -9.91474093005077 -32.74175618569479 -1.5999999999999996
      vertex -9.85 -32.25 -1.5999999999999996
    endloop
  endfacet
  facet normal 0 0 -1
    outer loop
      vertex -9.918055312393363 -34.43322666288909 -1.5999999999999996
      vertex -9.85 -32.25 -1.5999999999999996
      vertex -9.566773337110913 -30.418055312393363 -1.5999999999999996
    endloop
  endfacet
  facet normal -0.08715574274766452 -0.996194698091745 0
    outer loop
      vertex -12.244897306350751 -35.05670209608479 -1.5999999999999996
      vertex -11.75 -35.1 0
      vertex -12.244897306350751 -35.05670209608479 0
    endloop
  endfacet
  facet normal 0.08715574274766452 -0.996194698091745 0
    outer loop
      vertex -11.75 -35.1 -1.5999999999999996
      vertex -11.255102693649249 -35.05670209608479 0
      vertex -11.75 -35.1 0
    endloop
  endfacet
  facet normal 0.258819045102512 -0.9659258262890706 0
    outer loop
      vertex -11.255102693649249 -35.05670209608479 -1.5999999999999996
      vertex -10.775242591521843 -34.92812396923984 0
      vertex -11.255102693649249 -35.05670209608479 0
    endloop
  endfacet
  facet normal 0.42261826174071254 -0.9063077870366438 0
    outer loop
      vertex -10.775242591521843 -34.92812396923984 -1.5999999999999996
      vertex -10.707854060526788 -34.89670018116503 0
      vertex -10.775242591521843 -34.92812396923984 0
    endloop
  endfacet
  facet normal 0 0 -1
    outer loop
      vertex -12.24175618569479 -30.41474093005077 -1.5999999999999996
      vertex -12.244897306350751 -29.44329790391521 -1.5999999999999996
      vertex -11.75 -29.4 -1.5999999999999996
    endloop
  endfacet
  facet normal 0 0 -1
    outer loop
      vertex -12.24175618569479 -30.41474093005077 -1.5999999999999996
      vertex -11.75 -29.4 -1.5999999999999996
      vertex -11.75 -30.35 -1.5999999999999996
    endloop
  endfacet
  facet normal 0 0 -1
    outer loop
      vertex -11.75 -30.35 -1.5999999999999996
      vertex -11.75 -29.4 -1.5999999999999996
      vertex -11.255102693649249 -29.44329790391521 -1.5999999999999996
    endloop
  endfacet
  facet normal 0 0 -1
    outer loop
      vertex -11.75 -30.35 -1.5999999999999996
      vertex -11.255102693649249 -29.44329790391521 -1.5999999999999996
      vertex -11.25824381430521 -30.41474093005077 -1.5999999999999996
    endloop
  endfacet
  facet normal 0 0 -1
    outer loop
      vertex -11.25824381430521 -30.41474093005077 -1.5999999999999996
      vertex -11.255102693649249 -29.44329790391521 -1.5999999999999996
      vertex -10.775242591521843 -29.571876030760162 -1.5999999999999996
    endloop
  endfacet
  facet normal 0 0 -1
    outer loop
      vertex -11.25824381430521 -30.41474093005077 -1.5999999999999996
      vertex -10.775242591521843 -29.571876030760162 -1.5999999999999996
      vertex -10.8 -30.60455173280957 -1.5999999999999996
    endloop
  endfacet
  facet normal 0 0 -1
    outer loop
      vertex -10.406497115745559 -30.90649711574556 -1.5999999999999996
      vertex -10.8 -30.60455173280957 -1.5999999999999996
      vertex -10.325 -29.78182759921435 -1.5999999999999996
    endloop
  endfacet
  facet normal 0 0 -1
    outer loop
      vertex -10.8 -30.60455173280957 -1.5999999999999996
      vertex -10.775242591521843 -29.571876030760162 -1.5999999999999996
      vertex -10.325 -29.78182759921435 -1.5999999999999996
    endloop
  endfacet
  facet normal 0 0 -1
    outer loop
      vertex -9.85 -32.25 -1.5999999999999996
      vertex -9.91474093005077 -31.75824381430521 -1.5999999999999996
      vertex -9.566773337110913 -30.418055312393363 -1.5999999999999996
    endloop
  endfacet
  facet normal 0 0 -1
    outer loop
      vertex -10.104551732809567 -31.3 -1.5999999999999996
      vertex -9.566773337110913 -30.418055312393363 -1.5999999999999996
      vertex -9.91474093005077 -31.75824381430521 -1.5999999999999996
    endloop
  endfacet
  facet normal 0 0 -1
    outer loop
      vertex -10.406497115745559 -30.90649711574556 -1.5999999999999996
      vertex -10.325 -29.78182759921435 -1.5999999999999996
      vertex -9.918055312393363 -30.066773337110913 -1.5999999999999996
    endloop
  endfacet
  facet normal 0 0 -1
    outer loop
      vertex -10.406497115745559 -30.90649711574556 -1.5999999999999996
      vertex -9.918055312393363 -30.066773337110913 -1.5999999999999996
      vertex -10.104551732809567 -31.3 -1.5999999999999996
    endloop
  endfacet
  facet normal 0 0 -1
    outer loop
      vertex -10.104551732809567 -31.3 -1.5999999999999996
      vertex -9.918055312393363 -30.066773337110913 -1.5999999999999996
      vertex -9.566773337110913 -30.418055312393363 -1.5999999999999996
    endloop
  endfacet
  facet normal -0.7071067811865511 -0.7071067811865439 0
    outer loop
      vertex -13.581944687606637 -34.43322666288909 -1.5999999999999996
      vertex -13.581944687606637 -34.43322666288909 15.968019032015818
      vertex -13.933226662889087 -34.08194468760664 -1.5999999999999996
    endloop
  endfacet
  facet normal -0.8191520442889922 -0.5735764363510454 4.0743319056666575e-17
    outer loop
      vertex -14.218172400785651 -33.675 -1.5999999999999996
      vertex -13.933226662889087 -34.08194468760664 -1.5999999999999996
      vertex -13.935526739332115 -34.07865983801917 16.22650978628255
    endloop
  endfacet
  facet normal -0.5735764363510393 -0.8191520442889967 0
    outer loop
      vertex -13.581944687606637 -34.43322666288909 -1.5999999999999996
      vertex -13.175 -34.71817240078565 -1.5999999999999996
      vertex -13.175 -34.71817240078565 15.590006973861644
    endloop
  endfacet
  facet normal -0.9063077870366493 -0.4226182617407009 -3.1088105824675837e-17
    outer loop
      vertex -14.42812396923984 -33.224757408478155 -1.5999999999999996
      vertex -14.218172400785651 -33.675 -1.5999999999999996
      vertex -14.237360847584362 -33.63385024304633 16.371532510892703
    endloop
  endfacet
  facet normal -0.9659258262890686 -0.2588190451025196 0
    outer loop
      vertex -14.42812396923984 -33.224757408478155 -1.5999999999999996
      vertex -14.42812396923984 -33.224757408478155 16.371532510892703
      vertex -14.556702096084793 -32.74489730635075 -1.5999999999999996
    endloop
  endfacet
  facet normal -0.9961946980917455 -0.08715574274765743 0
    outer loop
      vertex -14.556702096084793 -32.74489730635075 -1.5999999999999996
      vertex -14.556702096084793 -32.74489730635075 16.371532510892703
      vertex -14.6 -32.25 -1.5999999999999996
    endloop
  endfacet
  facet normal -0.9961946980917455 0.08715574274765743 0
    outer loop
      vertex -14.6 -32.25 -1.5999999999999996
      vertex -14.6 -32.25 16.371532510892703
      vertex -14.556702096084793 -31.75510269364925 -1.5999999999999996
    endloop
  endfacet
  facet normal -0.42261826174070755 -0.9063077870366462 0
    outer loop
      vertex -13.175 -34.71817240078565 -1.5999999999999996
      vertex -12.792145939473212 -34.89670018116503 0
      vertex -12.792145939473212 -34.89670018116503 14.889999999999999
    endloop
  endfacet
  facet normal -0.9659258262890686 0.2588190451025196 0
    outer loop
      vertex -14.556702096084793 -31.75510269364925 -1.5999999999999996
      vertex -14.556702096084793 -31.75510269364925 16.371532510892703
      vertex -14.42812396923984 -31.275242591521845 -1.5999999999999996
    endloop
  endfacet
  facet normal -0.9063077870366506 0.4226182617406982 0
    outer loop
      vertex -14.42812396923984 -31.275242591521845 -1.5999999999999996
      vertex -14.42812396923984 -31.275242591521845 16.371532510892703
      vertex -14.218172400785651 -30.825 -1.5999999999999996
    endloop
  endfacet
  facet normal -0.8191520442889899 0.5735764363510488 0
    outer loop
      vertex -14.218172400785651 -30.825 -1.5999999999999996
      vertex -14.218172400785651 -30.825 16.371532510892703
      vertex -13.933226662889087 -30.418055312393363 -1.5999999999999996
    endloop
  endfacet
  facet normal -0.7071067811865476 0.7071067811865476 0
    outer loop
      vertex -13.933226662889087 -30.418055312393363 -1.5999999999999996
      vertex -13.933226662889087 -30.418055312393363 16.371532510892703
      vertex -13.581944687606637 -30.066773337110913 -1.5999999999999996
    endloop
  endfacet
  facet normal -0.5735764363510488 0.8191520442889899 0
    outer loop
      vertex -13.581944687606637 -30.066773337110913 -1.5999999999999996
      vertex -13.581944687606637 -30.066773337110913 16.371532510892703
      vertex -13.175 -29.78182759921435 -1.5999999999999996
    endloop
  endfacet
  facet normal -0.42261826174069655 0.9063077870366513 0
    outer loop
      vertex -13.175 -29.78182759921435 -1.5999999999999996
      vertex -13.175 -29.78182759921435 16.371532510892703
      vertex -12.724757408478157 -29.571876030760162 -1.5999999999999996
    endloop
  endfacet
  facet normal -0.25881904510251874 0.965925826289069 0
    outer loop
      vertex -12.724757408478157 -29.571876030760162 -1.5999999999999996
      vertex -12.724757408478157 -29.571876030760162 16.371532510892703
      vertex -12.244897306350751 -29.44329790391521 -1.5999999999999996
    endloop
  endfacet
  facet normal 0.5735764363510392 -0.8191520442889967 -1.750848654603452e-17
    outer loop
      vertex -10.325 -34.71817240078565 -1.5999999999999996
      vertex -9.918055312393363 -34.43322666288909 -1.5999999999999996
      vertex -9.952060682740205 -34.45703747954556 15.95066017177982
    endloop
  endfacet
  facet normal 0.7071067811865511 -0.7071067811865439 0
    outer loop
      vertex -9.918055312393363 -34.43322666288909 -1.5999999999999996
      vertex -9.566773337110913 -34.08194468760664 -1.5999999999999996
      vertex -9.918055312393363 -34.43322666288909 15.968019032015818
    endloop
  endfacet
  facet normal 0.42261826174070755 -0.9063077870366462 0
    outer loop
      vertex -10.325 -34.71817240078565 -1.5999999999999996
      vertex -10.325 -34.71817240078565 15.590006973861644
      vertex -10.707854060526788 -34.89670018116503 0
    endloop
  endfacet
  facet normal -0.08715574274766452 0.996194698091745 0
    outer loop
      vertex -12.244897306350751 -29.44329790391521 -1.5999999999999996
      vertex -12.244897306350751 -29.44329790391521 16.371532510892703
      vertex -11.75 -29.4 -1.5999999999999996
    endloop
  endfacet
  facet normal 0.08715574274766452 0.996194698091745 0
    outer loop
      vertex -11.75 -29.4 -1.5999999999999996
      vertex -11.75 -29.4 16.371532510892703
      vertex -11.255102693649249 -29.44329790391521 -1.5999999999999996
    endloop
  endfacet
  facet normal 0.25881904510251874 0.965925826289069 0
    outer loop
      vertex -11.255102693649249 -29.44329790391521 -1.5999999999999996
      vertex -11.255102693649249 -29.44329790391521 16.371532510892703
      vertex -10.775242591521843 -29.571876030760162 -1.5999999999999996
    endloop
  endfacet
  facet normal 0.5735764363510488 0.8191520442889899 0
    outer loop
      vertex -10.325 -29.78182759921435 -1.5999999999999996
      vertex -10.325 -29.78182759921435 16.371532510892703
      vertex -9.918055312393363 -30.066773337110913 -1.5999999999999996
    endloop
  endfacet
  facet normal 0.7071067811865476 0.7071067811865476 0
    outer loop
      vertex -9.918055312393363 -30.066773337110913 -1.5999999999999996
      vertex -9.918055312393363 -30.066773337110913 16.371532510892703
      vertex -9.566773337110913 -30.418055312393363 -1.5999999999999996
    endloop
  endfacet
  facet normal 0.42261826174069655 0.9063077870366513 0
    outer loop
      vertex -10.325 -29.78182759921435 -1.5999999999999996
      vertex -10.775242591521843 -29.571876030760162 -1.5999999999999996
      vertex -10.775242591521843 -29.571876030760162 16.371532510892703
    endloop
  endfacet
  facet normal 0 0 -1
    outer loop
      vertex -9.918055312393363 -34.43322666288909 -1.5999999999999996
      vertex -9.566773337110913 -30.418055312393363 -1.5999999999999996
      vertex -9.566773337110913 -34.08194468760664 -1.5999999999999996
    endloop
  endfacet
  facet normal 0 0 -1
    outer loop
      vertex -9.566773337110913 -34.08194468760664 -1.5999999999999996
      vertex -9.281827599214349 -30.825 -1.5999999999999996
      vertex -9.281827599214349 -33.675 -1.5999999999999996
    endloop
  endfacet
  facet normal 0 0 -1
    outer loop
      vertex -9.281827599214349 -33.675 -1.5999999999999996
      vertex -9.07187603076016 -31.275242591521845 -1.5999999999999996
      vertex -9.07187603076016 -33.224757408478155 -1.5999999999999996
    endloop
  endfacet
  facet normal 0 0 -1
    outer loop
      vertex -9.07187603076016 -33.224757408478155 -1.5999999999999996
      vertex -8.943297903915207 -31.75510269364925 -1.5999999999999996
      vertex -8.943297903915207 -32.74489730635075 -1.5999999999999996
    endloop
  endfacet
  facet normal 0 0 -1
    outer loop
      vertex -9.07187603076016 -33.224757408478155 -1.5999999999999996
      vertex -9.07187603076016 -31.275242591521845 -1.5999999999999996
      vertex -8.943297903915207 -31.75510269364925 -1.5999999999999996
    endloop
  endfacet
  facet normal 0 0 -1
    outer loop
      vertex -8.943297903915207 -32.74489730635075 -1.5999999999999996
      vertex -8.943297903915207 -31.75510269364925 -1.5999999999999996
      vertex -8.9 -32.25 -1.5999999999999996
    endloop
  endfacet
  facet normal 0 0 -1
    outer loop
      vertex -9.566773337110913 -34.08194468760664 -1.5999999999999996
      vertex -9.566773337110913 -30.418055312393363 -1.5999999999999996
      vertex -9.281827599214349 -30.825 -1.5999999999999996
    endloop
  endfacet
  facet normal 0 0 -1
    outer loop
      vertex -9.281827599214349 -33.675 -1.5999999999999996
      vertex -9.281827599214349 -30.825 -1.5999999999999996
      vertex -9.07187603076016 -31.275242591521845 -1.5999999999999996
    endloop
  endfacet
  facet normal 0.8191520442889922 -0.5735764363510455 0
    outer loop
      vertex -9.566773337110913 -34.08194468760664 -1.5999999999999996
      vertex -9.281827599214349 -33.675 -1.5999999999999996
      vertex -9.566773337110913 -34.08194468760664 16.22411502403194
    endloop
  endfacet
  facet normal 0.9063077870366493 -0.4226182617407009 0
    outer loop
      vertex -9.281827599214349 -33.675 -1.5999999999999996
      vertex -9.07187603076016 -33.224757408478155 -1.5999999999999996
      vertex -9.281827599214349 -33.675 16.35811632127379
    endloop
  endfacet
  facet normal 0.9659258262890686 -0.2588190451025196 0
    outer loop
      vertex -9.07187603076016 -33.224757408478155 -1.5999999999999996
      vertex -8.943297903915207 -32.74489730635075 -1.5999999999999996
      vertex -8.943297903915207 -32.74489730635075 16.371532510892703
    endloop
  endfacet
  facet normal 0.9961946980917455 -0.08715574274765743 0
    outer loop
      vertex -8.943297903915207 -32.74489730635075 -1.5999999999999996
      vertex -8.9 -32.25 -1.5999999999999996
      vertex -8.9 -32.25 16.371532510892703
    endloop
  endfacet
  facet normal 0.9063077870366506 0.4226182617406982 0
    outer loop
      vertex -9.281827599214349 -30.825 -1.5999999999999996
      vertex -9.281827599214349 -30.825 16.371532510892703
      vertex -9.07187603076016 -31.275242591521845 -1.5999999999999996
    endloop
  endfacet
  facet normal 0.8191520442889899 0.5735764363510488 0
    outer loop
      vertex -9.281827599214349 -30.825 -1.5999999999999996
      vertex -9.566773337110913 -30.418055312393363 -1.5999999999999996
      vertex -9.566773337110913 -30.418055312393363 16.371532510892703
    endloop
  endfacet
  facet normal 0.9659258262890686 0.2588190451025196 0
    outer loop
      vertex -8.943297903915207 -31.75510269364925 -1.5999999999999996
      vertex -9.07187603076016 -31.275242591521845 -1.5999999999999996
      vertex -9.07187603076016 -31.275242591521845 16.371532510892703
    endloop
  endfacet
  facet normal 0.9961946980917455 0.08715574274765743 0
    outer loop
      vertex -8.9 -32.25 -1.5999999999999996
      vertex -8.943297903915207 -31.75510269364925 -1.5999999999999996
      vertex -8.943297903915207 -31.75510269364925 16.371532510892703
    endloop
  endfacet
  facet normal -0.5735764363510387 -0.8191520442889971 -1.9285911371034064e-17
    outer loop
      vertex -13.581944687606637 -34.43322666288909 -1.5999999999999996
      vertex -13.175 -34.71817240078565 15.590006973861644
      vertex -13.547939317259795 -34.45703747954556 15.95066017177982
    endloop
  endfacet
  facet normal -0.5735764363510454 -0.8191520442889924 0
    outer loop
      vertex -13.581944687606637 -34.43322666288909 -1.5999999999999996
      vertex -13.547939317259795 -34.45703747954556 15.95066017177982
      vertex -13.581944687606637 -34.43322666288909 15.968019032015818
    endloop
  endfacet
  facet normal -0.9063077870366498 -0.4226182617406997 0
    outer loop
      vertex -14.42812396923984 -33.224757408478155 -1.5999999999999996
      vertex -14.237360847584362 -33.63385024304633 16.371532510892703
      vertex -14.42812396923984 -33.224757408478155 16.371532510892703
    endloop
  endfacet
  facet normal -0.906307787036644 -0.42261826174071193 0
    outer loop
      vertex -14.218172400785651 -33.675 -1.5999999999999996
      vertex -14.218172400785651 -33.675 16.358116321273794
      vertex -14.237360847584362 -33.63385024304633 16.371532510892703
    endloop
  endfacet
  facet normal -0.8191520442889915 -0.5735764363510466 0
    outer loop
      vertex -14.218172400785651 -33.675 -1.5999999999999996
      vertex -13.935526739332115 -34.07865983801917 16.22650978628255
      vertex -14.218172400785651 -33.675 16.358116321273794
    endloop
  endfacet
  facet normal -0.9659258262890686 -0.2588190451025196 0
    outer loop
      vertex -14.556702096084793 -32.74489730635075 -1.5999999999999996
      vertex -14.42812396923984 -33.224757408478155 16.371532510892703
      vertex -14.556702096084793 -32.74489730635075 16.371532510892703
    endloop
  endfacet
  facet normal -0.9961946980917455 -0.08715574274765743 0
    outer loop
      vertex -14.6 -32.25 -1.5999999999999996
      vertex -14.556702096084793 -32.74489730635075 16.371532510892703
      vertex -14.6 -32.25 16.371532510892703
    endloop
  endfacet
  facet normal -0.7071067811865511 -0.7071067811865439 0
    outer loop
      vertex -13.933226662889087 -34.08194468760664 -1.5999999999999996
      vertex -13.581944687606637 -34.43322666288909 15.968019032015818
      vertex -13.933226662889087 -34.08194468760664 16.22411502403194
    endloop
  endfacet
  facet normal -0.8191520442890938 -0.5735764363509003 0
    outer loop
      vertex -13.933226662889087 -34.08194468760664 -1.5999999999999996
      vertex -13.933226662889087 -34.08194468760664 16.22411502403194
      vertex -13.935526739332115 -34.07865983801917 16.22650978628255
    endloop
  endfacet
  facet normal -0.4226182617407077 -0.9063077870366462 7.810653158452048e-18
    outer loop
      vertex -13.175 -34.71817240078565 -1.5999999999999996
      vertex -12.792145939473212 -34.89670018116503 14.889999999999999
      vertex -12.835524714345055 -34.87647232624091 15.124651697560346
    endloop
  endfacet
  facet normal -0.4226182617407077 -0.906307787036646 5.156995208808789e-18
    outer loop
      vertex -13.175 -34.71817240078565 -1.5999999999999996
      vertex -12.835524714345055 -34.87647232624091 15.124651697560346
      vertex -13.145464720588775 -34.73194492776085 15.570985749609319
    endloop
  endfacet
  facet normal -0.42261826174070527 -0.9063077870366472 0
    outer loop
      vertex -13.175 -34.71817240078565 -1.5999999999999996
      vertex -13.145464720588775 -34.73194492776085 15.570985749609319
      vertex -13.175 -34.71817240078565 15.590006973861644
    endloop
  endfacet
  facet normal -0.9961946980917455 0.08715574274765743 0
    outer loop
      vertex -14.556702096084793 -31.75510269364925 -1.5999999999999996
      vertex -14.6 -32.25 16.371532510892703
      vertex -14.556702096084793 -31.75510269364925 16.371532510892703
    endloop
  endfacet
  facet normal -0.9659258262890686 0.2588190451025196 0
    outer loop
      vertex -14.42812396923984 -31.275242591521845 -1.5999999999999996
      vertex -14.556702096084793 -31.75510269364925 16.371532510892703
      vertex -14.42812396923984 -31.275242591521845 16.371532510892703
    endloop
  endfacet
  facet normal -0.9063077870366506 0.4226182617406982 0
    outer loop
      vertex -14.218172400785651 -30.825 -1.5999999999999996
      vertex -14.42812396923984 -31.275242591521845 16.371532510892703
      vertex -14.218172400785651 -30.825 16.371532510892703
    endloop
  endfacet
  facet normal -0.8191520442889899 0.5735764363510488 0
    outer loop
      vertex -13.933226662889087 -30.418055312393363 -1.5999999999999996
      vertex -14.218172400785651 -30.825 16.371532510892703
      vertex -13.933226662889087 -30.418055312393363 16.371532510892703
    endloop
  endfacet
  facet normal -0.7071067811865476 0.7071067811865476 0
    outer loop
      vertex -13.581944687606637 -30.066773337110913 -1.5999999999999996
      vertex -13.933226662889087 -30.418055312393363 16.371532510892703
      vertex -13.581944687606637 -30.066773337110913 16.371532510892703
    endloop
  endfacet
  facet normal -0.5735764363510488 0.8191520442889899 0
    outer loop
      vertex -13.175 -29.78182759921435 -1.5999999999999996
      vertex -13.581944687606637 -30.066773337110913 16.371532510892703
      vertex -13.175 -29.78182759921435 16.371532510892703
    endloop
  endfacet
  facet normal -0.42261826174069655 0.9063077870366513 0
    outer loop
      vertex -12.724757408478157 -29.571876030760162 -1.5999999999999996
      vertex -13.175 -29.78182759921435 16.371532510892703
      vertex -12.724757408478157 -29.571876030760162 16.371532510892703
    endloop
  endfacet
  facet normal -0.25881904510251874 0.965925826289069 0
    outer loop
      vertex -12.244897306350751 -29.44329790391521 -1.5999999999999996
      vertex -12.724757408478157 -29.571876030760162 16.371532510892703
      vertex -12.244897306350751 -29.44329790391521 16.371532510892703
    endloop
  endfacet
  facet normal 0.5735764363510386 -0.819152044288997 0
    outer loop
      vertex -10.325 -34.71817240078565 -1.5999999999999996
      vertex -9.952060682740205 -34.45703747954556 15.95066017177982
      vertex -10.325 -34.71817240078565 15.590006973861644
    endloop
  endfacet
  facet normal 0.4226182617407076 -0.9063077870366462 0
    outer loop
      vertex -10.707854060526788 -34.89670018116503 0
      vertex -10.325 -34.71817240078565 15.590006973861644
      vertex -10.707854060526788 -34.89670018116503 14.889999999999999
    endloop
  endfacet
  facet normal 0.5735764363510454 -0.8191520442889924 0
    outer loop
      vertex -9.918055312393363 -34.43322666288909 -1.5999999999999996
      vertex -9.918055312393363 -34.43322666288909 15.968019032015818
      vertex -9.952060682740205 -34.45703747954556 15.95066017177982
    endloop
  endfacet
  facet normal -0.08715574274766452 0.996194698091745 0
    outer loop
      vertex -11.75 -29.4 -1.5999999999999996
      vertex -12.244897306350751 -29.44329790391521 16.371532510892703
      vertex -11.75 -29.4 16.371532510892703
    endloop
  endfacet
  facet normal 0.08715574274766452 0.996194698091745 0
    outer loop
      vertex -11.255102693649249 -29.44329790391521 -1.5999999999999996
      vertex -11.75 -29.4 16.371532510892703
      vertex -11.255102693649249 -29.44329790391521 16.371532510892703
    endloop
  endfacet
  facet normal 0.42261826174069655 0.9063077870366513 0
    outer loop
      vertex -10.325 -29.78182759921435 -1.5999999999999996
      vertex -10.775242591521843 -29.571876030760162 16.371532510892703
      vertex -10.325 -29.78182759921435 16.371532510892703
    endloop
  endfacet
  facet normal 0.5735764363510488 0.8191520442889899 0
    outer loop
      vertex -9.918055312393363 -30.066773337110913 -1.5999999999999996
      vertex -10.325 -29.78182759921435 16.371532510892703
      vertex -9.918055312393363 -30.066773337110913 16.371532510892703
    endloop
  endfacet
  facet normal 0.25881904510251874 0.965925826289069 0
    outer loop
      vertex -10.775242591521843 -29.571876030760162 -1.5999999999999996
      vertex -11.255102693649249 -29.44329790391521 16.371532510892703
      vertex -10.775242591521843 -29.571876030760162 16.371532510892703
    endloop
  endfacet
  facet normal 0.42261826174070777 -0.906307787036646 -2.9460292137465356e-17
    outer loop
      vertex -10.707854060526788 -34.89670018116503 14.889999999999999
      vertex -10.354535279411225 -34.73194492776085 15.570985749609319
      vertex -10.664475285654945 -34.87647232624091 15.124651697560346
    endloop
  endfacet
  facet normal 0.422618261740704 -0.9063077870366477 2.817435466337552e-15
    outer loop
      vertex -10.707854060526788 -34.89670018116503 14.889999999999999
      vertex -10.325 -34.71817240078565 15.590006973861644
      vertex -10.354535279411225 -34.73194492776085 15.570985749609319
    endloop
  endfacet
  facet normal 0.7071067811865511 -0.7071067811865439 0
    outer loop
      vertex -9.566773337110913 -34.08194468760664 -1.5999999999999996
      vertex -9.566773337110913 -34.08194468760664 16.22411502403194
      vertex -9.918055312393363 -34.43322666288909 15.968019032015818
    endloop
  endfacet
  facet normal 0.819152044289094 -0.5735764363508999 4.965528421883415e-15
    outer loop
      vertex -9.281827599214349 -33.675 -1.5999999999999996
      vertex -9.564473260667885 -34.07865983801917 16.22650978628255
      vertex -9.566773337110913 -34.08194468760664 16.22411502403194
    endloop
  endfacet
  facet normal 0.8191520442889915 -0.5735764363510466 0
    outer loop
      vertex -9.281827599214349 -33.675 -1.5999999999999996
      vertex -9.281827599214349 -33.675 16.35811632127379
      vertex -9.564473260667885 -34.07865983801917 16.22650978628255
    endloop
  endfacet
  facet normal 0.906307787036644 -0.42261826174071204 -3.3764653406481655e-16
    outer loop
      vertex -9.07187603076016 -33.224757408478155 -1.5999999999999996
      vertex -9.262639152415638 -33.63385024304633 16.371532510892703
      vertex -9.281827599214349 -33.675 16.35811632127379
    endloop
  endfacet
  facet normal 0.9063077870366498 -0.4226182617406997 0
    outer loop
      vertex -9.07187603076016 -33.224757408478155 -1.5999999999999996
      vertex -9.07187603076016 -33.224757408478155 16.371532510892703
      vertex -9.262639152415638 -33.63385024304633 16.371532510892703
    endloop
  endfacet
  facet normal 0.9659258262890686 -0.2588190451025196 0
    outer loop
      vertex -9.07187603076016 -33.224757408478155 -1.5999999999999996
      vertex -8.943297903915207 -32.74489730635075 16.371532510892703
      vertex -9.07187603076016 -33.224757408478155 16.371532510892703
    endloop
  endfacet
  facet normal 0.9961946980917455 -0.08715574274765743 0
    outer loop
      vertex -8.943297903915207 -32.74489730635075 -1.5999999999999996
      vertex -8.9 -32.25 16.371532510892703
      vertex -8.943297903915207 -32.74489730635075 16.371532510892703
    endloop
  endfacet
  facet normal 0.9961946980917455 0.08715574274765743 0
    outer loop
      vertex -8.9 -32.25 -1.5999999999999996
      vertex -8.943297903915207 -31.75510269364925 16.371532510892703
      vertex -8.9 -32.25 16.371532510892703
    endloop
  endfacet
  facet normal 0.9063077870366506 0.4226182617406982 0
    outer loop
      vertex -9.07187603076016 -31.275242591521845 -1.5999999999999996
      vertex -9.281827599214349 -30.825 16.371532510892703
      vertex -9.07187603076016 -31.275242591521845 16.371532510892703
    endloop
  endfacet
  facet normal 0.7071067811865476 0.7071067811865476 0
    outer loop
      vertex -9.566773337110913 -30.418055312393363 -1.5999999999999996
      vertex -9.918055312393363 -30.066773337110913 16.371532510892703
      vertex -9.566773337110913 -30.418055312393363 16.371532510892703
    endloop
  endfacet
  facet normal 0.8191520442889899 0.5735764363510488 0
    outer loop
      vertex -9.281827599214349 -30.825 -1.5999999999999996
      vertex -9.566773337110913 -30.418055312393363 16.371532510892703
      vertex -9.281827599214349 -30.825 16.371532510892703
    endloop
  endfacet
  facet normal 0.9659258262890686 0.2588190451025196 0
    outer loop
      vertex -8.943297903915207 -31.75510269364925 -1.5999999999999996
      vertex -9.07187603076016 -31.275242591521845 16.371532510892703
      vertex -8.943297903915207 -31.75510269364925 16.371532510892703
    endloop
  endfacet
  facet normal 0 0 -1
    outer loop
      vertex -14.42812396923984 31.275242591521845 -1.5999999999999996
      vertex -14.218172400785651 33.675 -1.5999999999999996
      vertex -14.218172400785651 30.825 -1.5999999999999996
    endloop
  endfacet
  facet normal 0 0 -1
    outer loop
      vertex -14.218172400785651 30.825 -1.5999999999999996
      vertex -13.933226662889087 34.08194468760664 -1.5999999999999996
      vertex -13.933226662889087 30.418055312393363 -1.5999999999999996
    endloop
  endfacet
  facet normal 0 0 -1
    outer loop
      vertex -13.933226662889087 30.418055312393363 -1.5999999999999996
      vertex -13.395448267190433 31.3 -1.5999999999999996
      vertex -13.581944687606637 30.066773337110913 -1.5999999999999996
    endloop
  endfacet
  facet normal 0 0 -1
    outer loop
      vertex -13.933226662889087 30.418055312393363 -1.5999999999999996
      vertex -13.65 32.25 -1.5999999999999996
      vertex -13.58525906994923 31.75824381430521 -1.5999999999999996
    endloop
  endfacet
  facet normal 0 0 -1
    outer loop
      vertex -13.933226662889087 30.418055312393363 -1.5999999999999996
      vertex -13.58525906994923 31.75824381430521 -1.5999999999999996
      vertex -13.395448267190433 31.3 -1.5999999999999996
    endloop
  endfacet
  facet normal 0 0 -1
    outer loop
      vertex -13.581944687606637 30.066773337110913 -1.5999999999999996
      vertex -13.093502884254441 30.90649711574556 -1.5999999999999996
      vertex -13.175 29.78182759921435 -1.5999999999999996
    endloop
  endfacet
  facet normal 0 0 -1
    outer loop
      vertex -13.581944687606637 30.066773337110913 -1.5999999999999996
      vertex -13.395448267190433 31.3 -1.5999999999999996
      vertex -13.093502884254441 30.90649711574556 -1.5999999999999996
    endloop
  endfacet
  facet normal 0 0 -1
    outer loop
      vertex -12.724757408478157 29.571876030760162 -1.5999999999999996
      vertex -13.175 29.78182759921435 -1.5999999999999996
      vertex -12.7 30.60455173280957 -1.5999999999999996
    endloop
  endfacet
  facet normal 0 0 -1
    outer loop
      vertex -13.175 29.78182759921435 -1.5999999999999996
      vertex -13.093502884254441 30.90649711574556 -1.5999999999999996
      vertex -12.7 30.60455173280957 -1.5999999999999996
    endloop
  endfacet
  facet normal 0 0 -1
    outer loop
      vertex -12.724757408478157 29.571876030760162 -1.5999999999999996
      vertex -12.7 30.60455173280957 -1.5999999999999996
      vertex -12.24175618569479 30.41474093005077 -1.5999999999999996
    endloop
  endfacet
  facet normal 0 0 -1
    outer loop
      vertex -12.724757408478157 29.571876030760162 -1.5999999999999996
      vertex -12.24175618569479 30.41474093005077 -1.5999999999999996
      vertex -12.244897306350751 29.44329790391521 -1.5999999999999996
    endloop
  endfacet
  facet normal 0 0 -1
    outer loop
      vertex -14.42812396923984 31.275242591521845 -1.5999999999999996
      vertex -14.556702096084793 31.75510269364925 -1.5999999999999996
      vertex -14.42812396923984 33.224757408478155 -1.5999999999999996
    endloop
  endfacet
  facet normal 0 0 -1
    outer loop
      vertex -14.556702096084793 31.75510269364925 -1.5999999999999996
      vertex -14.6 32.25 -1.5999999999999996
      vertex -14.556702096084793 32.74489730635075 -1.5999999999999996
    endloop
  endfacet
  facet normal 0 0 -1
    outer loop
      vertex -14.556702096084793 31.75510269364925 -1.5999999999999996
      vertex -14.556702096084793 32.74489730635075 -1.5999999999999996
      vertex -14.42812396923984 33.224757408478155 -1.5999999999999996
    endloop
  endfacet
  facet normal 0 0 -1
    outer loop
      vertex -14.42812396923984 31.275242591521845 -1.5999999999999996
      vertex -14.42812396923984 33.224757408478155 -1.5999999999999996
      vertex -14.218172400785651 33.675 -1.5999999999999996
    endloop
  endfacet
  facet normal 0 0 -1
    outer loop
      vertex -14.218172400785651 30.825 -1.5999999999999996
      vertex -14.218172400785651 33.675 -1.5999999999999996
      vertex -13.933226662889087 34.08194468760664 -1.5999999999999996
    endloop
  endfacet
  facet normal 0 0 -1
    outer loop
      vertex -13.933226662889087 30.418055312393363 -1.5999999999999996
      vertex -13.581944687606637 34.43322666288909 -1.5999999999999996
      vertex -13.65 32.25 -1.5999999999999996
    endloop
  endfacet
  facet normal 0 0 -1
    outer loop
      vertex -13.933226662889087 30.418055312393363 -1.5999999999999996
      vertex -13.933226662889087 34.08194468760664 -1.5999999999999996
      vertex -13.581944687606637 34.43322666288909 -1.5999999999999996
    endloop
  endfacet
  facet normal 0 0 -1
    outer loop
      vertex -13.65 32.25 -1.5999999999999996
      vertex -13.581944687606637 34.43322666288909 -1.5999999999999996
      vertex -13.58525906994923 32.74175618569479 -1.5999999999999996
    endloop
  endfacet
  facet normal 0 0 -1
    outer loop
      vertex -13.58525906994923 32.74175618569479 -1.5999999999999996
      vertex -13.581944687606637 34.43322666288909 -1.5999999999999996
      vertex -13.395448267190433 33.2 -1.5999999999999996
    endloop
  endfacet
  facet normal 0 0 -1
    outer loop
      vertex -13.395448267190433 33.2 -1.5999999999999996
      vertex -13.581944687606637 34.43322666288909 -1.5999999999999996
      vertex -13.175 34.71817240078565 -1.5999999999999996
    endloop
  endfacet
  facet normal 0 0 -1
    outer loop
      vertex -13.395448267190433 33.2 -1.5999999999999996
      vertex -13.175 34.71817240078565 -1.5999999999999996
      vertex -13.093502884254441 33.59350288425444 -1.5999999999999996
    endloop
  endfacet
  facet normal 0 0 -1
    outer loop
      vertex -13.093502884254441 33.59350288425444 -1.5999999999999996
      vertex -12.724757408478157 34.92812396923984 -1.5999999999999996
      vertex -12.7 33.89544826719043 -1.5999999999999996
    endloop
  endfacet
  facet normal 0 0 -1
    outer loop
      vertex -13.093502884254441 33.59350288425444 -1.5999999999999996
      vertex -13.175 34.71817240078565 -1.5999999999999996
      vertex -12.724757408478157 34.92812396923984 -1.5999999999999996
    endloop
  endfacet
  facet normal 0 0 -1
    outer loop
      vertex -12.7 33.89544826719043 -1.5999999999999996
      vertex -12.724757408478157 34.92812396923984 -1.5999999999999996
      vertex -12.244897306350751 35.05670209608479 -1.5999999999999996
    endloop
  endfacet
  facet normal 0 0 -1
    outer loop
      vertex -12.7 33.89544826719043 -1.5999999999999996
      vertex -12.244897306350751 35.05670209608479 -1.5999999999999996
      vertex -12.24175618569479 34.08525906994923 -1.5999999999999996
    endloop
  endfacet
  facet normal -0.4226182617407083 0.9063077870366457 2.2697224246540604e-16
    outer loop
      vertex -13.175 34.71817240078565 -1.5999999999999996
      vertex -12.792145939473212 34.89670018116503 0
      vertex -12.724757408478157 34.92812396923984 -1.5999999999999996
    endloop
  endfacet
  facet normal -0.258819045102512 0.9659258262890706 0
    outer loop
      vertex -12.724757408478157 34.92812396923984 -1.5999999999999996
      vertex -12.724757408478157 34.92812396923984 0
      vertex -12.244897306350751 35.05670209608479 -1.5999999999999996
    endloop
  endfacet
  facet normal -0.42261826174071254 0.9063077870366438 0
    outer loop
      vertex -12.724757408478157 34.92812396923984 -1.5999999999999996
      vertex -12.792145939473212 34.89670018116503 0
      vertex -12.724757408478157 34.92812396923984 0
    endloop
  endfacet
  facet normal -0.258819045102512 0.9659258262890706 0
    outer loop
      vertex -12.244897306350751 35.05670209608479 -1.5999999999999996
      vertex -12.724757408478157 34.92812396923984 0
      vertex -12.244897306350751 35.05670209608479 0
    endloop
  endfacet
  facet normal 0 0 -1
    outer loop
      vertex -12.244897306350751 29.44329790391521 -1.5999999999999996
      vertex -12.24175618569479 30.41474093005077 -1.5999999999999996
      vertex -11.75 30.35 -1.5999999999999996
    endloop
  endfacet
  facet normal 0 0 -1
    outer loop
      vertex -12.244897306350751 29.44329790391521 -1.5999999999999996
      vertex -11.75 30.35 -1.5999999999999996
      vertex -11.75 29.4 -1.5999999999999996
    endloop
  endfacet
  facet normal 0 0 -1
    outer loop
      vertex -11.75 29.4 -1.5999999999999996
      vertex -11.75 30.35 -1.5999999999999996
      vertex -11.25824381430521 30.41474093005077 -1.5999999999999996
    endloop
  endfacet
  facet normal 0 0 -1
    outer loop
      vertex -11.75 29.4 -1.5999999999999996
      vertex -11.25824381430521 30.41474093005077 -1.5999999999999996
      vertex -11.255102693649249 29.44329790391521 -1.5999999999999996
    endloop
  endfacet
  facet normal 0 0 -1
    outer loop
      vertex -11.255102693649249 29.44329790391521 -1.5999999999999996
      vertex -11.25824381430521 30.41474093005077 -1.5999999999999996
      vertex -10.8 30.60455173280957 -1.5999999999999996
    endloop
  endfacet
  facet normal 0 0 -1
    outer loop
      vertex -11.255102693649249 29.44329790391521 -1.5999999999999996
      vertex -10.8 30.60455173280957 -1.5999999999999996
      vertex -10.775242591521843 29.571876030760162 -1.5999999999999996
    endloop
  endfacet
  facet normal 0 0 -1
    outer loop
      vertex -10.775242591521843 29.571876030760162 -1.5999999999999996
      vertex -10.8 30.60455173280957 -1.5999999999999996
      vertex -10.406497115745559 30.90649711574556 -1.5999999999999996
    endloop
  endfacet
  facet normal 0 0 -1
    outer loop
      vertex -10.775242591521843 29.571876030760162 -1.5999999999999996
      vertex -10.406497115745559 30.90649711574556 -1.5999999999999996
      vertex -10.325 29.78182759921435 -1.5999999999999996
    endloop
  endfacet
  facet normal 0 0 -1
    outer loop
      vertex -10.406497115745559 30.90649711574556 -1.5999999999999996
      vertex -10.104551732809567 31.3 -1.5999999999999996
      vertex -10.325 29.78182759921435 -1.5999999999999996
    endloop
  endfacet
  facet normal 0 0 -1
    outer loop
      vertex -10.325 29.78182759921435 -1.5999999999999996
      vertex -10.104551732809567 31.3 -1.5999999999999996
      vertex -9.918055312393363 30.066773337110913 -1.5999999999999996
    endloop
  endfacet
  facet normal 0 0 -1
    outer loop
      vertex -9.918055312393363 30.066773337110913 -1.5999999999999996
      vertex -10.104551732809567 31.3 -1.5999999999999996
      vertex -9.91474093005077 31.75824381430521 -1.5999999999999996
    endloop
  endfacet
  facet normal 0 0 -1
    outer loop
      vertex -9.918055312393363 30.066773337110913 -1.5999999999999996
      vertex -9.91474093005077 31.75824381430521 -1.5999999999999996
      vertex -9.85 32.25 -1.5999999999999996
    endloop
  endfacet
  facet normal 0 0 -1
    outer loop
      vertex -12.24175618569479 34.08525906994923 -1.5999999999999996
      vertex -12.244897306350751 35.05670209608479 -1.5999999999999996
      vertex -11.75 35.1 -1.5999999999999996
    endloop
  endfacet
  facet normal 0 0 -1
    outer loop
      vertex -12.24175618569479 34.08525906994923 -1.5999999999999996
      vertex -11.75 35.1 -1.5999999999999996
      vertex -11.75 34.15 -1.5999999999999996
    endloop
  endfacet
  facet normal 0 0 -1
    outer loop
      vertex -11.75 34.15 -1.5999999999999996
      vertex -11.75 35.1 -1.5999999999999996
      vertex -11.255102693649249 35.05670209608479 -1.5999999999999996
    endloop
  endfacet
  facet normal 0 0 -1
    outer loop
      vertex -11.75 34.15 -1.5999999999999996
      vertex -11.255102693649249 35.05670209608479 -1.5999999999999996
      vertex -11.25824381430521 34.08525906994923 -1.5999999999999996
    endloop
  endfacet
  facet normal 0 0 -1
    outer loop
      vertex -11.25824381430521 34.08525906994923 -1.5999999999999996
      vertex -11.255102693649249 35.05670209608479 -1.5999999999999996
      vertex -10.775242591521843 34.92812396923984 -1.5999999999999996
    endloop
  endfacet
  facet normal -0.08715574274766452 0.996194698091745 0
    outer loop
      vertex -12.244897306350751 35.05670209608479 -1.5999999999999996
      vertex -12.244897306350751 35.05670209608479 0
      vertex -11.75 35.1 -1.5999999999999996
    endloop
  endfacet
  facet normal 0.08715574274766452 0.996194698091745 0
    outer loop
      vertex -11.75 35.1 -1.5999999999999996
      vertex -11.75 35.1 0
      vertex -11.255102693649249 35.05670209608479 -1.5999999999999996
    endloop
  endfacet
  facet normal 0.258819045102512 0.9659258262890706 0
    outer loop
      vertex -11.255102693649249 35.05670209608479 -1.5999999999999996
      vertex -11.255102693649249 35.05670209608479 0
      vertex -10.775242591521843 34.92812396923984 -1.5999999999999996
    endloop
  endfacet
  facet normal 0 0 -1
    outer loop
      vertex -10.8 33.89544826719043 -1.5999999999999996
      vertex -10.325 34.71817240078565 -1.5999999999999996
      vertex -10.406497115745559 33.59350288425444 -1.5999999999999996
    endloop
  endfacet
  facet normal 0 0 -1
    outer loop
      vertex -9.918055312393363 30.066773337110913 -1.5999999999999996
      vertex -9.85 32.25 -1.5999999999999996
      vertex -9.566773337110913 34.08194468760664 -1.5999999999999996
    endloop
  endfacet
  facet normal 0 0 -1
    outer loop
      vertex -9.85 32.25 -1.5999999999999996
      vertex -9.91474093005077 32.74175618569479 -1.5999999999999996
      vertex -9.566773337110913 34.08194468760664 -1.5999999999999996
    endloop
  endfacet
  facet normal 0 0 -1
    outer loop
      vertex -10.406497115745559 33.59350288425444 -1.5999999999999996
      vertex -9.918055312393363 34.43322666288909 -1.5999999999999996
      vertex -10.104551732809567 33.2 -1.5999999999999996
    endloop
  endfacet
  facet normal 0 0 -1
    outer loop
      vertex -9.91474093005077 32.74175618569479 -1.5999999999999996
      vertex -10.104551732809567 33.2 -1.5999999999999996
      vertex -9.566773337110913 34.08194468760664 -1.5999999999999996
    endloop
  endfacet
  facet normal 0 0 -1
    outer loop
      vertex -10.104551732809567 33.2 -1.5999999999999996
      vertex -9.918055312393363 34.43322666288909 -1.5999999999999996
      vertex -9.566773337110913 34.08194468760664 -1.5999999999999996
    endloop
  endfacet
  facet normal 0 0 -1
    outer loop
      vertex -11.25824381430521 34.08525906994923 -1.5999999999999996
      vertex -10.775242591521843 34.92812396923984 -1.5999999999999996
      vertex -10.8 33.89544826719043 -1.5999999999999996
    endloop
  endfacet
  facet normal 0 0 -1
    outer loop
      vertex -10.8 33.89544826719043 -1.5999999999999996
      vertex -10.775242591521843 34.92812396923984 -1.5999999999999996
      vertex -10.325 34.71817240078565 -1.5999999999999996
    endloop
  endfacet
  facet normal 0 0 -1
    outer loop
      vertex -10.406497115745559 33.59350288425444 -1.5999999999999996
      vertex -10.325 34.71817240078565 -1.5999999999999996
      vertex -9.918055312393363 34.43322666288909 -1.5999999999999996
    endloop
  endfacet
  facet normal 0.4226182617407083 0.9063077870366457 2.182425408321212e-16
    outer loop
      vertex -10.775242591521843 34.92812396923984 -1.5999999999999996
      vertex -10.707854060526788 34.89670018116503 0
      vertex -10.325 34.71817240078565 -1.5999999999999996
    endloop
  endfacet
  facet normal -0.08715574274766452 0.996194698091745 0
    outer loop
      vertex -12.244897306350751 35.05670209608479 0
      vertex -11.75 35.1 0
      vertex -11.75 35.1 -1.5999999999999996
    endloop
  endfacet
  facet normal 0.08715574274766452 0.996194698091745 0
    outer loop
      vertex -11.255102693649249 35.05670209608479 -1.5999999999999996
      vertex -11.75 35.1 0
      vertex -11.255102693649249 35.05670209608479 0
    endloop
  endfacet
  facet normal 0.258819045102512 0.9659258262890706 0
    outer loop
      vertex -10.775242591521843 34.92812396923984 -1.5999999999999996
      vertex -11.255102693649249 35.05670209608479 0
      vertex -10.775242591521843 34.92812396923984 0
    endloop
  endfacet
  facet normal 0.42261826174071254 0.9063077870366438 0
    outer loop
      vertex -10.775242591521843 34.92812396923984 -1.5999999999999996
      vertex -10.775242591521843 34.92812396923984 0
      vertex -10.707854060526788 34.89670018116503 0
    endloop
  endfacet
  facet normal -0.8191520442889899 -0.5735764363510488 0
    outer loop
      vertex -14.218172400785651 30.825 -1.5999999999999996
      vertex -13.933226662889087 30.418055312393363 -1.5999999999999996
      vertex -13.933226662889087 30.418055312393363 16.371532510892703
    endloop
  endfacet
  facet normal -0.9659258262890686 -0.2588190451025196 0
    outer loop
      vertex -14.42812396923984 31.275242591521845 -1.5999999999999996
      vertex -14.42812396923984 31.275242591521845 16.371532510892703
      vertex -14.556702096084793 31.75510269364925 -1.5999999999999996
    endloop
  endfacet
  facet normal -0.9961946980917455 -0.08715574274765743 0
    outer loop
      vertex -14.556702096084793 31.75510269364925 -1.5999999999999996
      vertex -14.556702096084793 31.75510269364925 16.371532510892703
      vertex -14.6 32.25 -1.5999999999999996
    endloop
  endfacet
  facet normal -0.9063077870366506 -0.4226182617406982 0
    outer loop
      vertex -14.42812396923984 31.275242591521845 -1.5999999999999996
      vertex -14.218172400785651 30.825 -1.5999999999999996
      vertex -14.218172400785651 30.825 16.371532510892703
    endloop
  endfacet
  facet normal -0.7071067811865476 -0.7071067811865476 0
    outer loop
      vertex -13.933226662889087 30.418055312393363 -1.5999999999999996
      vertex -13.581944687606637 30.066773337110913 -1.5999999999999996
      vertex -13.581944687606637 30.066773337110913 16.371532510892703
    endloop
  endfacet
  facet normal -0.42261826174069655 -0.9063077870366513 0
    outer loop
      vertex -12.724757408478157 29.571876030760162 -1.5999999999999996
      vertex -12.724757408478157 29.571876030760162 16.371532510892703
      vertex -13.175 29.78182759921435 -1.5999999999999996
    endloop
  endfacet
  facet normal -0.25881904510251874 -0.965925826289069 0
    outer loop
      vertex -12.724757408478157 29.571876030760162 -1.5999999999999996
      vertex -12.244897306350751 29.44329790391521 -1.5999999999999996
      vertex -12.244897306350751 29.44329790391521 16.371532510892703
    endloop
  endfacet
  facet normal -0.5735764363510488 -0.8191520442889899 0
    outer loop
      vertex -13.581944687606637 30.066773337110913 -1.5999999999999996
      vertex -13.175 29.78182759921435 -1.5999999999999996
      vertex -13.175 29.78182759921435 16.371532510892703
    endloop
  endfacet
  facet normal -0.8191520442889922 0.5735764363510455 0
    outer loop
      vertex -14.218172400785651 33.675 -1.5999999999999996
      vertex -13.933226662889087 34.08194468760664 16.22411502403194
      vertex -13.933226662889087 34.08194468760664 -1.5999999999999996
    endloop
  endfacet
  facet normal -0.7071067811865511 0.7071067811865439 0
    outer loop
      vertex -13.933226662889087 34.08194468760664 -1.5999999999999996
      vertex -13.581944687606637 34.43322666288909 15.968019032015818
      vertex -13.581944687606637 34.43322666288909 -1.5999999999999996
    endloop
  endfacet
  facet normal -0.5735764363510392 0.8191520442889967 -1.7707446620421276e-17
    outer loop
      vertex -13.581944687606637 34.43322666288909 -1.5999999999999996
      vertex -13.547939317259795 34.45703747954556 15.95066017177982
      vertex -13.175 34.71817240078565 -1.5999999999999996
    endloop
  endfacet
  facet normal -0.9961946980917455 0.08715574274765743 0
    outer loop
      vertex -14.6 32.25 -1.5999999999999996
      vertex -14.6 32.25 16.371532510892703
      vertex -14.556702096084793 32.74489730635075 -1.5999999999999996
    endloop
  endfacet
  facet normal -0.9659258262890686 0.2588190451025196 0
    outer loop
      vertex -14.556702096084793 32.74489730635075 -1.5999999999999996
      vertex -14.556702096084793 32.74489730635075 16.371532510892703
      vertex -14.42812396923984 33.224757408478155 -1.5999999999999996
    endloop
  endfacet
  facet normal -0.9063077870366493 0.4226182617407009 0
    outer loop
      vertex -14.42812396923984 33.224757408478155 -1.5999999999999996
      vertex -14.218172400785651 33.675 16.35811632127379
      vertex -14.218172400785651 33.675 -1.5999999999999996
    endloop
  endfacet
  facet normal -0.42261826174070755 0.9063077870366462 0
    outer loop
      vertex -13.175 34.71817240078565 -1.5999999999999996
      vertex -13.175 34.71817240078565 15.590006973861644
      vertex -12.792145939473212 34.89670018116503 0
    endloop
  endfacet
  facet normal -0.08715574274766452 -0.996194698091745 0
    outer loop
      vertex -12.244897306350751 29.44329790391521 -1.5999999999999996
      vertex -11.75 29.4 -1.5999999999999996
      vertex -11.75 29.4 16.371532510892703
    endloop
  endfacet
  facet normal 0.08715574274766452 -0.996194698091745 0
    outer loop
      vertex -11.75 29.4 -1.5999999999999996
      vertex -11.255102693649249 29.44329790391521 -1.5999999999999996
      vertex -11.255102693649249 29.44329790391521 16.371532510892703
    endloop
  endfacet
  facet normal 0.25881904510251874 -0.965925826289069 0
    outer loop
      vertex -11.255102693649249 29.44329790391521 -1.5999999999999996
      vertex -10.775242591521843 29.571876030760162 -1.5999999999999996
      vertex -10.775242591521843 29.571876030760162 16.371532510892703
    endloop
  endfacet
  facet normal 0.42261826174069655 -0.9063077870366513 0
    outer loop
      vertex -10.775242591521843 29.571876030760162 -1.5999999999999996
      vertex -10.325 29.78182759921435 -1.5999999999999996
      vertex -10.325 29.78182759921435 16.371532510892703
    endloop
  endfacet
  facet normal 0.5735764363510488 -0.8191520442889899 0
    outer loop
      vertex -10.325 29.78182759921435 -1.5999999999999996
      vertex -9.918055312393363 30.066773337110913 -1.5999999999999996
      vertex -9.918055312393363 30.066773337110913 16.371532510892703
    endloop
  endfacet
  facet normal 0.5735764363510393 0.8191520442889967 0
    outer loop
      vertex -10.325 34.71817240078565 -1.5999999999999996
      vertex -10.325 34.71817240078565 15.590006973861643
      vertex -9.918055312393363 34.43322666288909 -1.5999999999999996
    endloop
  endfacet
  facet normal 0.7071067811865511 0.7071067811865439 0
    outer loop
      vertex -9.918055312393363 34.43322666288909 -1.5999999999999996
      vertex -9.918055312393363 34.43322666288909 15.968019032015818
      vertex -9.566773337110913 34.08194468760664 -1.5999999999999996
    endloop
  endfacet
  facet normal 0.42261826174070755 0.9063077870366462 0
    outer loop
      vertex -10.325 34.71817240078565 -1.5999999999999996
      vertex -10.707854060526788 34.89670018116503 0
      vertex -10.707854060526788 34.89670018116503 14.889999999999999
    endloop
  endfacet
  facet normal 0 0 -1
    outer loop
      vertex -9.918055312393363 30.066773337110913 -1.5999999999999996
      vertex -9.566773337110913 34.08194468760664 -1.5999999999999996
      vertex -9.566773337110913 30.418055312393363 -1.5999999999999996
    endloop
  endfacet
  facet normal 0 0 -1
    outer loop
      vertex -9.566773337110913 30.418055312393363 -1.5999999999999996
      vertex -9.281827599214349 33.675 -1.5999999999999996
      vertex -9.281827599214349 30.825 -1.5999999999999996
    endloop
  endfacet
  facet normal 0 0 -1
    outer loop
      vertex -9.281827599214349 30.825 -1.5999999999999996
      vertex -9.07187603076016 33.224757408478155 -1.5999999999999996
      vertex -9.07187603076016 31.275242591521845 -1.5999999999999996
    endloop
  endfacet
  facet normal 0 0 -1
    outer loop
      vertex -9.07187603076016 31.275242591521845 -1.5999999999999996
      vertex -8.943297903915207 32.74489730635075 -1.5999999999999996
      vertex -8.943297903915207 31.75510269364925 -1.5999999999999996
    endloop
  endfacet
  facet normal 0 0 -1
    outer loop
      vertex -9.566773337110913 30.418055312393363 -1.5999999999999996
      vertex -9.566773337110913 34.08194468760664 -1.5999999999999996
      vertex -9.281827599214349 33.675 -1.5999999999999996
    endloop
  endfacet
  facet normal 0 0 -1
    outer loop
      vertex -9.281827599214349 30.825 -1.5999999999999996
      vertex -9.281827599214349 33.675 -1.5999999999999996
      vertex -9.07187603076016 33.224757408478155 -1.5999999999999996
    endloop
  endfacet
  facet normal 0 0 -1
    outer loop
      vertex -9.07187603076016 31.275242591521845 -1.5999999999999996
      vertex -9.07187603076016 33.224757408478155 -1.5999999999999996
      vertex -8.943297903915207 32.74489730635075 -1.5999999999999996
    endloop
  endfacet
  facet normal 0 0 -1
    outer loop
      vertex -8.943297903915207 31.75510269364925 -1.5999999999999996
      vertex -8.943297903915207 32.74489730635075 -1.5999999999999996
      vertex -8.9 32.25 -1.5999999999999996
    endloop
  endfacet
  facet normal 0.7071067811865476 -0.7071067811865476 0
    outer loop
      vertex -9.918055312393363 30.066773337110913 -1.5999999999999996
      vertex -9.566773337110913 30.418055312393363 -1.5999999999999996
      vertex -9.566773337110913 30.418055312393363 16.371532510892703
    endloop
  endfacet
  facet normal 0.8191520442889899 -0.5735764363510488 0
    outer loop
      vertex -9.566773337110913 30.418055312393363 -1.5999999999999996
      vertex -9.281827599214349 30.825 -1.5999999999999996
      vertex -9.281827599214349 30.825 16.371532510892703
    endloop
  endfacet
  facet normal 0.9063077870366506 -0.4226182617406982 0
    outer loop
      vertex -9.281827599214349 30.825 -1.5999999999999996
      vertex -9.07187603076016 31.275242591521845 -1.5999999999999996
      vertex -9.07187603076016 31.275242591521845 16.371532510892703
    endloop
  endfacet
  facet normal 0.9659258262890686 -0.2588190451025196 0
    outer loop
      vertex -9.07187603076016 31.275242591521845 -1.5999999999999996
      vertex -8.943297903915207 31.75510269364925 -1.5999999999999996
      vertex -8.943297903915207 31.75510269364925 16.371532510892703
    endloop
  endfacet
  facet normal 0.8191520442889922 0.5735764363510454 3.986185301938292e-17
    outer loop
      vertex -9.566773337110913 34.08194468760664 -1.5999999999999996
      vertex -9.564473260667885 34.07865983801917 16.22650978628255
      vertex -9.281827599214349 33.675 -1.5999999999999996
    endloop
  endfacet
  facet normal 0.9063077870366493 0.4226182617407009 -3.069950450186739e-17
    outer loop
      vertex -9.281827599214349 33.675 -1.5999999999999996
      vertex -9.262639152415638 33.63385024304633 16.371532510892703
      vertex -9.07187603076016 33.224757408478155 -1.5999999999999996
    endloop
  endfacet
  facet normal 0.9961946980917455 -0.08715574274765743 0
    outer loop
      vertex -8.943297903915207 31.75510269364925 -1.5999999999999996
      vertex -8.9 32.25 -1.5999999999999996
      vertex -8.9 32.25 16.371532510892703
    endloop
  endfacet
  facet normal 0.9659258262890686 0.2588190451025196 0
    outer loop
      vertex -8.943297903915207 32.74489730635075 -1.5999999999999996
      vertex -9.07187603076016 33.224757408478155 -1.5999999999999996
      vertex -9.07187603076016 33.224757408478155 16.371532510892703
    endloop
  endfacet
  facet normal 0.9961946980917455 0.08715574274765743 0
    outer loop
      vertex -8.9 32.25 -1.5999999999999996
      vertex -8.943297903915207 32.74489730635075 -1.5999999999999996
      vertex -8.943297903915207 32.74489730635075 16.371532510892703
    endloop
  endfacet
  facet normal -0.8191520442889899 -0.5735764363510488 0
    outer loop
      vertex -14.218172400785651 30.825 -1.5999999999999996
      vertex -13.933226662889087 30.418055312393363 16.371532510892703
      vertex -14.218172400785651 30.825 16.371532510892703
    endloop
  endfacet
  facet normal -0.9063077870366506 -0.4226182617406982 0
    outer loop
      vertex -14.42812396923984 31.275242591521845 -1.5999999999999996
      vertex -14.218172400785651 30.825 16.371532510892703
      vertex -14.42812396923984 31.275242591521845 16.371532510892703
    endloop
  endfacet
  facet normal -0.9659258262890686 -0.2588190451025196 0
    outer loop
      vertex -14.556702096084793 31.75510269364925 -1.5999999999999996
      vertex -14.42812396923984 31.275242591521845 16.371532510892703
      vertex -14.556702096084793 31.75510269364925 16.371532510892703
    endloop
  endfacet
  facet normal -0.7071067811865476 -0.7071067811865476 0
    outer loop
      vertex -13.933226662889087 30.418055312393363 -1.5999999999999996
      vertex -13.581944687606637 30.066773337110913 16.371532510892703
      vertex -13.933226662889087 30.418055312393363 16.371532510892703
    endloop
  endfacet
  facet normal -0.5735764363510488 -0.8191520442889899 0
    outer loop
      vertex -13.581944687606637 30.066773337110913 -1.5999999999999996
      vertex -13.175 29.78182759921435 16.371532510892703
      vertex -13.581944687606637 30.066773337110913 16.371532510892703
    endloop
  endfacet
  facet normal -0.25881904510251874 -0.965925826289069 0
    outer loop
      vertex -12.724757408478157 29.571876030760162 -1.5999999999999996
      vertex -12.244897306350751 29.44329790391521 16.371532510892703
      vertex -12.724757408478157 29.571876030760162 16.371532510892703
    endloop
  endfacet
  facet normal -0.42261826174069655 -0.9063077870366513 0
    outer loop
      vertex -13.175 29.78182759921435 -1.5999999999999996
      vertex -12.724757408478157 29.571876030760162 16.371532510892703
      vertex -13.175 29.78182759921435 16.371532510892703
    endloop
  endfacet
  facet normal -0.9961946980917455 -0.08715574274765743 0
    outer loop
      vertex -14.6 32.25 -1.5999999999999996
      vertex -14.556702096084793 31.75510269364925 16.371532510892703
      vertex -14.6 32.25 16.371532510892703
    endloop
  endfacet
  facet normal -0.9961946980917455 0.08715574274765743 0
    outer loop
      vertex -14.556702096084793 32.74489730635075 -1.5999999999999996
      vertex -14.6 32.25 16.371532510892703
      vertex -14.556702096084793 32.74489730635075 16.371532510892703
    endloop
  endfacet
  facet normal -0.9659258262890686 0.2588190451025196 0
    outer loop
      vertex -14.42812396923984 33.224757408478155 -1.5999999999999996
      vertex -14.556702096084793 32.74489730635075 16.371532510892703
      vertex -14.42812396923984 33.224757408478155 16.371532510892703
    endloop
  endfacet
  facet normal -0.9063077870366498 0.4226182617406997 0
    outer loop
      vertex -14.42812396923984 33.224757408478155 -1.5999999999999996
      vertex -14.42812396923984 33.224757408478155 16.371532510892703
      vertex -14.237360847584362 33.63385024304633 16.371532510892703
    endloop
  endfacet
  facet normal -0.906307787036644 0.42261826174071204 -3.3764653406481655e-16
    outer loop
      vertex -14.42812396923984 33.224757408478155 -1.5999999999999996
      vertex -14.237360847584362 33.63385024304633 16.371532510892703
      vertex -14.218172400785651 33.675 16.35811632127379
    endloop
  endfacet
  facet normal -0.8191520442889915 0.5735764363510466 0
    outer loop
      vertex -14.218172400785651 33.675 -1.5999999999999996
      vertex -14.218172400785651 33.675 16.35811632127379
      vertex -13.935526739332115 34.07865983801917 16.22650978628255
    endloop
  endfacet
  facet normal -0.819152044289094 0.5735764363508999 4.965528421883415e-15
    outer loop
      vertex -14.218172400785651 33.675 -1.5999999999999996
      vertex -13.935526739332115 34.07865983801917 16.22650978628255
      vertex -13.933226662889087 34.08194468760664 16.22411502403194
    endloop
  endfacet
  facet normal -0.7071067811865511 0.7071067811865439 0
    outer loop
      vertex -13.933226662889087 34.08194468760664 -1.5999999999999996
      vertex -13.933226662889087 34.08194468760664 16.22411502403194
      vertex -13.581944687606637 34.43322666288909 15.968019032015818
    endloop
  endfacet
  facet normal -0.5735764363510454 0.8191520442889924 0
    outer loop
      vertex -13.581944687606637 34.43322666288909 -1.5999999999999996
      vertex -13.581944687606637 34.43322666288909 15.968019032015818
      vertex -13.547939317259795 34.45703747954556 15.95066017177982
    endloop
  endfacet
  facet normal -0.5735764363510386 0.819152044288997 0
    outer loop
      vertex -13.175 34.71817240078565 -1.5999999999999996
      vertex -13.547939317259795 34.45703747954556 15.95066017177982
      vertex -13.175 34.71817240078565 15.590006973861644
    endloop
  endfacet
  facet normal -0.4226182617407076 0.9063077870366462 0
    outer loop
      vertex -12.792145939473212 34.89670018116503 0
      vertex -13.175 34.71817240078565 15.590006973861644
      vertex -12.792145939473212 34.89670018116503 14.889999999999999
    endloop
  endfacet
  facet normal -0.08715574274766452 -0.996194698091745 0
    outer loop
      vertex -12.244897306350751 29.44329790391521 -1.5999999999999996
      vertex -11.75 29.4 16.371532510892703
      vertex -12.244897306350751 29.44329790391521 16.371532510892703
    endloop
  endfacet
  facet normal 0.08715574274766452 -0.996194698091745 0
    outer loop
      vertex -11.75 29.4 -1.5999999999999996
      vertex -11.255102693649249 29.44329790391521 16.371532510892703
      vertex -11.75 29.4 16.371532510892703
    endloop
  endfacet
  facet normal 0.25881904510251874 -0.965925826289069 0
    outer loop
      vertex -11.255102693649249 29.44329790391521 -1.5999999999999996
      vertex -10.775242591521843 29.571876030760162 16.371532510892703
      vertex -11.255102693649249 29.44329790391521 16.371532510892703
    endloop
  endfacet
  facet normal 0.42261826174069655 -0.9063077870366513 0
    outer loop
      vertex -10.775242591521843 29.571876030760162 -1.5999999999999996
      vertex -10.325 29.78182759921435 16.371532510892703
      vertex -10.775242591521843 29.571876030760162 16.371532510892703
    endloop
  endfacet
  facet normal 0.5735764363510488 -0.8191520442889899 0
    outer loop
      vertex -10.325 29.78182759921435 -1.5999999999999996
      vertex -9.918055312393363 30.066773337110913 16.371532510892703
      vertex -10.325 29.78182759921435 16.371532510892703
    endloop
  endfacet
  facet normal 0.7071067811865476 -0.7071067811865476 0
    outer loop
      vertex -9.918055312393363 30.066773337110913 -1.5999999999999996
      vertex -9.566773337110913 30.418055312393363 16.371532510892703
      vertex -9.918055312393363 30.066773337110913 16.371532510892703
    endloop
  endfacet
  facet normal 0.4226182617407077 0.906307787036646 5.156995208808789e-18
    outer loop
      vertex -10.325 34.71817240078565 -1.5999999999999996
      vertex -10.664475285654945 34.87647232624091 15.124651697560346
      vertex -10.354535279411225 34.73194492776085 15.570985749609319
    endloop
  endfacet
  facet normal 0.4226182617407077 0.9063077870366462 7.810653158452048e-18
    outer loop
      vertex -10.325 34.71817240078565 -1.5999999999999996
      vertex -10.707854060526788 34.89670018116503 14.889999999999999
      vertex -10.664475285654945 34.87647232624091 15.124651697560346
    endloop
  endfacet
  facet normal 0.42261826174070527 0.9063077870366472 0
    outer loop
      vertex -10.325 34.71817240078565 -1.5999999999999996
      vertex -10.354535279411225 34.73194492776085 15.570985749609319
      vertex -10.325 34.71817240078565 15.590006973861643
    endloop
  endfacet
  facet normal 0.5735764363510387 0.8191520442889971 -1.9285911371034064e-17
    outer loop
      vertex -9.918055312393363 34.43322666288909 -1.5999999999999996
      vertex -10.325 34.71817240078565 15.590006973861643
      vertex -9.952060682740205 34.45703747954556 15.95066017177982
    endloop
  endfacet
  facet normal 0.5735764363510454 0.8191520442889924 0
    outer loop
      vertex -9.918055312393363 34.43322666288909 -1.5999999999999996
      vertex -9.952060682740205 34.45703747954556 15.95066017177982
      vertex -9.918055312393363 34.43322666288909 15.968019032015818
    endloop
  endfacet
  facet normal -0.42261826174070777 0.906307787036646 -2.9460292137465356e-17
    outer loop
      vertex -12.792145939473212 34.89670018116503 14.889999999999999
      vertex -13.145464720588775 34.73194492776085 15.570985749609319
      vertex -12.835524714345055 34.87647232624091 15.124651697560346
    endloop
  endfacet
  facet normal -0.422618261740704 0.9063077870366477 2.817435466337552e-15
    outer loop
      vertex -12.792145939473212 34.89670018116503 14.889999999999999
      vertex -13.175 34.71817240078565 15.590006973861644
      vertex -13.145464720588775 34.73194492776085 15.570985749609319
    endloop
  endfacet
  facet normal 0.8191520442889899 -0.5735764363510488 0
    outer loop
      vertex -9.566773337110913 30.418055312393363 -1.5999999999999996
      vertex -9.281827599214349 30.825 16.371532510892703
      vertex -9.566773337110913 30.418055312393363 16.371532510892703
    endloop
  endfacet
  facet normal 0.9063077870366506 -0.4226182617406982 0
    outer loop
      vertex -9.281827599214349 30.825 -1.5999999999999996
      vertex -9.07187603076016 31.275242591521845 16.371532510892703
      vertex -9.281827599214349 30.825 16.371532510892703
    endloop
  endfacet
  facet normal 0.9659258262890686 -0.2588190451025196 0
    outer loop
      vertex -9.07187603076016 31.275242591521845 -1.5999999999999996
      vertex -8.943297903915207 31.75510269364925 16.371532510892703
      vertex -9.07187603076016 31.275242591521845 16.371532510892703
    endloop
  endfacet
  facet normal 0.9961946980917455 -0.08715574274765743 0
    outer loop
      vertex -8.943297903915207 31.75510269364925 -1.5999999999999996
      vertex -8.9 32.25 16.371532510892703
      vertex -8.943297903915207 31.75510269364925 16.371532510892703
    endloop
  endfacet
  facet normal 0.7071067811865511 0.7071067811865439 0
    outer loop
      vertex -9.566773337110913 34.08194468760664 -1.5999999999999996
      vertex -9.918055312393363 34.43322666288909 15.968019032015818
      vertex -9.566773337110913 34.08194468760664 16.22411502403194
    endloop
  endfacet
  facet normal 0.8191520442890938 0.5735764363509003 0
    outer loop
      vertex -9.566773337110913 34.08194468760664 -1.5999999999999996
      vertex -9.566773337110913 34.08194468760664 16.22411502403194
      vertex -9.564473260667885 34.07865983801917 16.22650978628255
    endloop
  endfacet
  facet normal 0.9063077870366498 0.4226182617406997 0
    outer loop
      vertex -9.07187603076016 33.224757408478155 -1.5999999999999996
      vertex -9.262639152415638 33.63385024304633 16.371532510892703
      vertex -9.07187603076016 33.224757408478155 16.371532510892703
    endloop
  endfacet
  facet normal 0.8191520442889915 0.5735764363510466 0
    outer loop
      vertex -9.281827599214349 33.675 -1.5999999999999996
      vertex -9.564473260667885 34.07865983801917 16.22650978628255
      vertex -9.281827599214349 33.675 16.358116321273794
    endloop
  endfacet
  facet normal 0.906307787036644 0.42261826174071193 0
    outer loop
      vertex -9.281827599214349 33.675 -1.5999999999999996
      vertex -9.281827599214349 33.675 16.358116321273794
      vertex -9.262639152415638 33.63385024304633 16.371532510892703
    endloop
  endfacet
  facet normal 0.9961946980917455 0.08715574274765743 0
    outer loop
      vertex -8.9 32.25 -1.5999999999999996
      vertex -8.943297903915207 32.74489730635075 16.371532510892703
      vertex -8.9 32.25 16.371532510892703
    endloop
  endfacet
  facet normal 0.9659258262890686 0.2588190451025196 0
    outer loop
      vertex -8.943297903915207 32.74489730635075 -1.5999999999999996
      vertex -9.07187603076016 33.224757408478155 16.371532510892703
      vertex -8.943297903915207 32.74489730635075 16.371532510892703
    endloop
  endfacet
  facet normal 0 0 -1
    outer loop
      vertex 9.07187603076016 31.275242591521845 -1.5999999999999996
      vertex 9.281827599214349 33.675 -1.5999999999999996
      vertex 9.281827599214349 30.825 -1.5999999999999996
    endloop
  endfacet
  facet normal 0 0 -1
    outer loop
      vertex 9.566773337110913 30.418055312393363 -1.5999999999999996
      vertex 9.281827599214349 30.825 -1.5999999999999996
      vertex 9.566773337110913 34.08194468760664 -1.5999999999999996
    endloop
  endfacet
  facet normal 0 0 -1
    outer loop
      vertex 8.943297903915207 31.75510269364925 -1.5999999999999996
      vertex 8.9 32.25 -1.5999999999999996
      vertex 8.943297903915207 32.74489730635075 -1.5999999999999996
    endloop
  endfacet
  facet normal 0 0 -1
    outer loop
      vertex 9.07187603076016 31.275242591521845 -1.5999999999999996
      vertex 8.943297903915207 31.75510269364925 -1.5999999999999996
      vertex 9.07187603076016 33.224757408478155 -1.5999999999999996
    endloop
  endfacet
  facet normal 0 0 -1
    outer loop
      vertex 8.943297903915207 31.75510269364925 -1.5999999999999996
      vertex 8.943297903915207 32.74489730635075 -1.5999999999999996
      vertex 9.07187603076016 33.224757408478155 -1.5999999999999996
    endloop
  endfacet
  facet normal 0 0 -1
    outer loop
      vertex 9.07187603076016 31.275242591521845 -1.5999999999999996
      vertex 9.07187603076016 33.224757408478155 -1.5999999999999996
      vertex 9.281827599214349 33.675 -1.5999999999999996
    endloop
  endfacet
  facet normal 0 0 -1
    outer loop
      vertex 9.281827599214349 30.825 -1.5999999999999996
      vertex 9.281827599214349 33.675 -1.5999999999999996
      vertex 9.566773337110913 34.08194468760664 -1.5999999999999996
    endloop
  endfacet
  facet normal 0 0 -1
    outer loop
      vertex 9.566773337110913 30.418055312393363 -1.5999999999999996
      vertex 9.566773337110913 34.08194468760664 -1.5999999999999996
      vertex 9.918055312393363 34.43322666288909 -1.5999999999999996
    endloop
  endfacet
  facet normal -0.9961946980917455 -0.08715574274765743 0
    outer loop
      vertex 8.943297903915207 31.75510269364925 -1.5999999999999996
      vertex 8.943297903915207 31.75510269364925 16.371532510892703
      vertex 8.9 32.25 -1.5999999999999996
    endloop
  endfacet
  facet normal -0.9659258262890686 -0.2588190451025196 0
    outer loop
      vertex 9.07187603076016 31.275242591521845 -1.5999999999999996
      vertex 9.07187603076016 31.275242591521845 16.371532510892703
      vertex 8.943297903915207 31.75510269364925 -1.5999999999999996
    endloop
  endfacet
  facet normal -0.8191520442889899 -0.5735764363510488 0
    outer loop
      vertex 9.566773337110913 30.418055312393363 -1.5999999999999996
      vertex 9.566773337110913 30.418055312393363 16.371532510892703
      vertex 9.281827599214349 30.825 -1.5999999999999996
    endloop
  endfacet
  facet normal -0.9063077870366506 -0.4226182617406982 0
    outer loop
      vertex 9.07187603076016 31.275242591521845 -1.5999999999999996
      vertex 9.281827599214349 30.825 -1.5999999999999996
      vertex 9.281827599214349 30.825 16.371532510892703
    endloop
  endfacet
  facet normal -0.8191520442889922 0.5735764363510455 0
    outer loop
      vertex 9.281827599214349 33.675 -1.5999999999999996
      vertex 9.566773337110913 34.08194468760664 16.22411502403194
      vertex 9.566773337110913 34.08194468760664 -1.5999999999999996
    endloop
  endfacet
  facet normal -0.9961946980917455 0.08715574274765743 0
    outer loop
      vertex 8.9 32.25 -1.5999999999999996
      vertex 8.9 32.25 16.371532510892703
      vertex 8.943297903915207 32.74489730635075 -1.5999999999999996
    endloop
  endfacet
  facet normal -0.9659258262890686 0.2588190451025196 0
    outer loop
      vertex 8.943297903915207 32.74489730635075 -1.5999999999999996
      vertex 8.943297903915207 32.74489730635075 16.371532510892703
      vertex 9.07187603076016 33.224757408478155 -1.5999999999999996
    endloop
  endfacet
  facet normal -0.9063077870366493 0.4226182617407009 0
    outer loop
      vertex 9.07187603076016 33.224757408478155 -1.5999999999999996
      vertex 9.281827599214349 33.675 16.35811632127379
      vertex 9.281827599214349 33.675 -1.5999999999999996
    endloop
  endfacet
  facet normal 0 0 -1
    outer loop
      vertex 9.566773337110913 30.418055312393363 -1.5999999999999996
      vertex 10.104551732809567 31.3 -1.5999999999999996
      vertex 9.918055312393363 30.066773337110913 -1.5999999999999996
    endloop
  endfacet
  facet normal 0 0 -1
    outer loop
      vertex 9.918055312393363 30.066773337110913 -1.5999999999999996
      vertex 10.104551732809567 31.3 -1.5999999999999996
      vertex 10.406497115745559 30.90649711574556 -1.5999999999999996
    endloop
  endfacet
  facet normal 0 0 -1
    outer loop
      vertex 9.918055312393363 30.066773337110913 -1.5999999999999996
      vertex 10.406497115745559 30.90649711574556 -1.5999999999999996
      vertex 10.325 29.78182759921435 -1.5999999999999996
    endloop
  endfacet
  facet normal 0 0 -1
    outer loop
      vertex 9.566773337110913 30.418055312393363 -1.5999999999999996
      vertex 9.91474093005077 31.75824381430521 -1.5999999999999996
      vertex 10.104551732809567 31.3 -1.5999999999999996
    endloop
  endfacet
  facet normal 0 0 -1
    outer loop
      vertex 9.566773337110913 30.418055312393363 -1.5999999999999996
      vertex 9.85 32.25 -1.5999999999999996
      vertex 9.91474093005077 31.75824381430521 -1.5999999999999996
    endloop
  endfacet
  facet normal 0 0 -1
    outer loop
      vertex 10.775242591521843 29.571876030760162 -1.5999999999999996
      vertex 10.325 29.78182759921435 -1.5999999999999996
      vertex 10.8 30.60455173280957 -1.5999999999999996
    endloop
  endfacet
  facet normal 0 0 -1
    outer loop
      vertex 10.325 29.78182759921435 -1.5999999999999996
      vertex 10.406497115745559 30.90649711574556 -1.5999999999999996
      vertex 10.8 30.60455173280957 -1.5999999999999996
    endloop
  endfacet
  facet normal 0 0 -1
    outer loop
      vertex 10.775242591521843 29.571876030760162 -1.5999999999999996
      vertex 10.8 30.60455173280957 -1.5999999999999996
      vertex 11.25824381430521 30.41474093005077 -1.5999999999999996
    endloop
  endfacet
  facet normal 0 0 -1
    outer loop
      vertex 10.775242591521843 29.571876030760162 -1.5999999999999996
      vertex 11.25824381430521 30.41474093005077 -1.5999999999999996
      vertex 11.255102693649249 29.44329790391521 -1.5999999999999996
    endloop
  endfacet
  facet normal 0 0 -1
    outer loop
      vertex 11.255102693649249 29.44329790391521 -1.5999999999999996
      vertex 11.25824381430521 30.41474093005077 -1.5999999999999996
      vertex 11.75 30.35 -1.5999999999999996
    endloop
  endfacet
  facet normal 0 0 -1
    outer loop
      vertex 11.255102693649249 29.44329790391521 -1.5999999999999996
      vertex 11.75 30.35 -1.5999999999999996
      vertex 11.75 29.4 -1.5999999999999996
    endloop
  endfacet
  facet normal 0 0 -1
    outer loop
      vertex 11.75 29.4 -1.5999999999999996
      vertex 11.75 30.35 -1.5999999999999996
      vertex 12.24175618569479 30.41474093005077 -1.5999999999999996
    endloop
  endfacet
  facet normal 0 0 -1
    outer loop
      vertex 11.75 29.4 -1.5999999999999996
      vertex 12.24175618569479 30.41474093005077 -1.5999999999999996
      vertex 12.244897306350751 29.44329790391521 -1.5999999999999996
    endloop
  endfacet
  facet normal 0 0 -1
    outer loop
      vertex 9.566773337110913 30.418055312393363 -1.5999999999999996
      vertex 9.918055312393363 34.43322666288909 -1.5999999999999996
      vertex 9.85 32.25 -1.5999999999999996
    endloop
  endfacet
  facet normal 0 0 -1
    outer loop
      vertex 9.85 32.25 -1.5999999999999996
      vertex 9.918055312393363 34.43322666288909 -1.5999999999999996
      vertex 9.91474093005077 32.74175618569479 -1.5999999999999996
    endloop
  endfacet
  facet normal 0 0 -1
    outer loop
      vertex 9.91474093005077 32.74175618569479 -1.5999999999999996
      vertex 9.918055312393363 34.43322666288909 -1.5999999999999996
      vertex 10.104551732809567 33.2 -1.5999999999999996
    endloop
  endfacet
  facet normal 0 0 -1
    outer loop
      vertex 10.104551732809567 33.2 -1.5999999999999996
      vertex 9.918055312393363 34.43322666288909 -1.5999999999999996
      vertex 10.325 34.71817240078565 -1.5999999999999996
    endloop
  endfacet
  facet normal 0 0 -1
    outer loop
      vertex 10.104551732809567 33.2 -1.5999999999999996
      vertex 10.325 34.71817240078565 -1.5999999999999996
      vertex 10.406497115745559 33.59350288425444 -1.5999999999999996
    endloop
  endfacet
  facet normal 0 0 -1
    outer loop
      vertex 10.406497115745559 33.59350288425444 -1.5999999999999996
      vertex 10.775242591521843 34.92812396923984 -1.5999999999999996
      vertex 10.8 33.89544826719043 -1.5999999999999996
    endloop
  endfacet
  facet normal 0 0 -1
    outer loop
      vertex 10.406497115745559 33.59350288425444 -1.5999999999999996
      vertex 10.325 34.71817240078565 -1.5999999999999996
      vertex 10.775242591521843 34.92812396923984 -1.5999999999999996
    endloop
  endfacet
  facet normal 0 0 -1
    outer loop
      vertex 10.8 33.89544826719043 -1.5999999999999996
      vertex 10.775242591521843 34.92812396923984 -1.5999999999999996
      vertex 11.255102693649249 35.05670209608479 -1.5999999999999996
    endloop
  endfacet
  facet normal -0.4226182617407083 0.9063077870366457 2.2697224246540604e-16
    outer loop
      vertex 10.325 34.71817240078565 -1.5999999999999996
      vertex 10.707854060526788 34.89670018116503 0
      vertex 10.775242591521843 34.92812396923984 -1.5999999999999996
    endloop
  endfacet
  facet normal -0.258819045102512 0.9659258262890706 0
    outer loop
      vertex 10.775242591521843 34.92812396923984 -1.5999999999999996
      vertex 10.775242591521843 34.92812396923984 0
      vertex 11.255102693649249 35.05670209608479 -1.5999999999999996
    endloop
  endfacet
  facet normal 0 0 -1
    outer loop
      vertex 10.8 33.89544826719043 -1.5999999999999996
      vertex 11.255102693649249 35.05670209608479 -1.5999999999999996
      vertex 11.25824381430521 34.08525906994923 -1.5999999999999996
    endloop
  endfacet
  facet normal 0 0 -1
    outer loop
      vertex 11.25824381430521 34.08525906994923 -1.5999999999999996
      vertex 11.255102693649249 35.05670209608479 -1.5999999999999996
      vertex 11.75 35.1 -1.5999999999999996
    endloop
  endfacet
  facet normal 0 0 -1
    outer loop
      vertex 11.25824381430521 34.08525906994923 -1.5999999999999996
      vertex 11.75 35.1 -1.5999999999999996
      vertex 11.75 34.15 -1.5999999999999996
    endloop
  endfacet
  facet normal 0 0 -1
    outer loop
      vertex 11.75 34.15 -1.5999999999999996
      vertex 11.75 35.1 -1.5999999999999996
      vertex 12.244897306350751 35.05670209608479 -1.5999999999999996
    endloop
  endfacet
  facet normal 0 0 -1
    outer loop
      vertex 11.75 34.15 -1.5999999999999996
      vertex 12.244897306350751 35.05670209608479 -1.5999999999999996
      vertex 12.24175618569479 34.08525906994923 -1.5999999999999996
    endloop
  endfacet
  facet normal -0.08715574274766452 0.996194698091745 0
    outer loop
      vertex 11.255102693649249 35.05670209608479 -1.5999999999999996
      vertex 11.255102693649249 35.05670209608479 0
      vertex 11.75 35.1 -1.5999999999999996
    endloop
  endfacet
  facet normal 0.08715574274766452 0.996194698091745 0
    outer loop
      vertex 11.75 35.1 -1.5999999999999996
      vertex 11.75 35.1 0
      vertex 12.244897306350751 35.05670209608479 -1.5999999999999996
    endloop
  endfacet
  facet normal -0.42261826174071254 0.9063077870366438 0
    outer loop
      vertex 10.775242591521843 34.92812396923984 -1.5999999999999996
      vertex 10.707854060526788 34.89670018116503 0
      vertex 10.775242591521843 34.92812396923984 0
    endloop
  endfacet
  facet normal -0.258819045102512 0.9659258262890706 0
    outer loop
      vertex 11.255102693649249 35.05670209608479 -1.5999999999999996
      vertex 10.775242591521843 34.92812396923984 0
      vertex 11.255102693649249 35.05670209608479 0
    endloop
  endfacet
  facet normal -0.08715574274766452 0.996194698091745 0
    outer loop
      vertex 11.75 35.1 -1.5999999999999996
      vertex 11.255102693649249 35.05670209608479 0
      vertex 11.75 35.1 0
    endloop
  endfacet
  facet normal 0.08715574274766452 0.996194698091745 0
    outer loop
      vertex 11.75 35.1 0
      vertex 12.244897306350751 35.05670209608479 0
      vertex 12.244897306350751 35.05670209608479 -1.5999999999999996
    endloop
  endfacet
  facet normal 0 0 -1
    outer loop
      vertex 12.244897306350751 29.44329790391521 -1.5999999999999996
      vertex 12.24175618569479 30.41474093005077 -1.5999999999999996
      vertex 12.7 30.60455173280957 -1.5999999999999996
    endloop
  endfacet
  facet normal 0 0 -1
    outer loop
      vertex 12.244897306350751 29.44329790391521 -1.5999999999999996
      vertex 12.7 30.60455173280957 -1.5999999999999996
      vertex 12.724757408478157 29.571876030760162 -1.5999999999999996
    endloop
  endfacet
  facet normal 0 0 -1
    outer loop
      vertex 12.724757408478157 29.571876030760162 -1.5999999999999996
      vertex 13.093502884254441 30.90649711574556 -1.5999999999999996
      vertex 13.175 29.78182759921435 -1.5999999999999996
    endloop
  endfacet
  facet normal 0 0 -1
    outer loop
      vertex 12.724757408478157 29.571876030760162 -1.5999999999999996
      vertex 12.7 30.60455173280957 -1.5999999999999996
      vertex 13.093502884254441 30.90649711574556 -1.5999999999999996
    endloop
  endfacet
  facet normal 0 0 -1
    outer loop
      vertex 13.175 29.78182759921435 -1.5999999999999996
      vertex 13.093502884254441 30.90649711574556 -1.5999999999999996
      vertex 13.395448267190433 31.3 -1.5999999999999996
    endloop
  endfacet
  facet normal 0 0 -1
    outer loop
      vertex 13.175 29.78182759921435 -1.5999999999999996
      vertex 13.395448267190433 31.3 -1.5999999999999996
      vertex 13.581944687606637 30.066773337110913 -1.5999999999999996
    endloop
  endfacet
  facet normal 0 0 -1
    outer loop
      vertex 13.395448267190433 31.3 -1.5999999999999996
      vertex 13.58525906994923 31.75824381430521 -1.5999999999999996
      vertex 13.581944687606637 30.066773337110913 -1.5999999999999996
    endloop
  endfacet
  facet normal 0 0 -1
    outer loop
      vertex 13.581944687606637 30.066773337110913 -1.5999999999999996
      vertex 13.58525906994923 31.75824381430521 -1.5999999999999996
      vertex 13.65 32.25 -1.5999999999999996
    endloop
  endfacet
  facet normal 0 0 -1
    outer loop
      vertex 13.581944687606637 30.066773337110913 -1.5999999999999996
      vertex 13.933226662889087 34.08194468760664 -1.5999999999999996
      vertex 13.933226662889087 30.418055312393363 -1.5999999999999996
    endloop
  endfacet
  facet normal 0 0 -1
    outer loop
      vertex 13.933226662889087 30.418055312393363 -1.5999999999999996
      vertex 14.218172400785651 33.675 -1.5999999999999996
      vertex 14.218172400785651 30.825 -1.5999999999999996
    endloop
  endfacet
  facet normal 0 0 -1
    outer loop
      vertex 14.218172400785651 30.825 -1.5999999999999996
      vertex 14.42812396923984 33.224757408478155 -1.5999999999999996
      vertex 14.42812396923984 31.275242591521845 -1.5999999999999996
    endloop
  endfacet
  facet normal 0 0 -1
    outer loop
      vertex 14.42812396923984 31.275242591521845 -1.5999999999999996
      vertex 14.556702096084793 32.74489730635075 -1.5999999999999996
      vertex 14.556702096084793 31.75510269364925 -1.5999999999999996
    endloop
  endfacet
  facet normal 0 0 -1
    outer loop
      vertex 12.7 33.89544826719043 -1.5999999999999996
      vertex 13.175 34.71817240078565 -1.5999999999999996
      vertex 13.093502884254441 33.59350288425444 -1.5999999999999996
    endloop
  endfacet
  facet normal 0 0 -1
    outer loop
      vertex 13.093502884254441 33.59350288425444 -1.5999999999999996
      vertex 13.581944687606637 34.43322666288909 -1.5999999999999996
      vertex 13.395448267190433 33.2 -1.5999999999999996
    endloop
  endfacet
  facet normal 0 0 -1
    outer loop
      vertex 12.24175618569479 34.08525906994923 -1.5999999999999996
      vertex 12.244897306350751 35.05670209608479 -1.5999999999999996
      vertex 12.724757408478157 34.92812396923984 -1.5999999999999996
    endloop
  endfacet
  facet normal 0 0 -1
    outer loop
      vertex 12.24175618569479 34.08525906994923 -1.5999999999999996
      vertex 12.724757408478157 34.92812396923984 -1.5999999999999996
      vertex 12.7 33.89544826719043 -1.5999999999999996
    endloop
  endfacet
  facet normal 0 0 -1
    outer loop
      vertex 12.7 33.89544826719043 -1.5999999999999996
      vertex 12.724757408478157 34.92812396923984 -1.5999999999999996
      vertex 13.175 34.71817240078565 -1.5999999999999996
    endloop
  endfacet
  facet normal 0 0 -1
    outer loop
      vertex 13.093502884254441 33.59350288425444 -1.5999999999999996
      vertex 13.175 34.71817240078565 -1.5999999999999996
      vertex 13.581944687606637 34.43322666288909 -1.5999999999999996
    endloop
  endfacet
  facet normal 0.258819045102512 0.9659258262890706 0
    outer loop
      vertex 12.244897306350751 35.05670209608479 -1.5999999999999996
      vertex 12.244897306350751 35.05670209608479 0
      vertex 12.724757408478157 34.92812396923984 -1.5999999999999996
    endloop
  endfacet
  facet normal 0.4226182617407083 0.9063077870366457 2.182425408321212e-16
    outer loop
      vertex 12.724757408478157 34.92812396923984 -1.5999999999999996
      vertex 12.792145939473212 34.89670018116503 0
      vertex 13.175 34.71817240078565 -1.5999999999999996
    endloop
  endfacet
  facet normal 0 0 -1
    outer loop
      vertex 13.581944687606637 30.066773337110913 -1.5999999999999996
      vertex 13.65 32.25 -1.5999999999999996
      vertex 13.933226662889087 34.08194468760664 -1.5999999999999996
    endloop
  endfacet
  facet normal 0 0 -1
    outer loop
      vertex 13.65 32.25 -1.5999999999999996
      vertex 13.58525906994923 32.74175618569479 -1.5999999999999996
      vertex 13.933226662889087 34.08194468760664 -1.5999999999999996
    endloop
  endfacet
  facet normal 0 0 -1
    outer loop
      vertex 13.395448267190433 33.2 -1.5999999999999996
      vertex 13.933226662889087 34.08194468760664 -1.5999999999999996
      vertex 13.58525906994923 32.74175618569479 -1.5999999999999996
    endloop
  endfacet
  facet normal 0 0 -1
    outer loop
      vertex 13.395448267190433 33.2 -1.5999999999999996
      vertex 13.581944687606637 34.43322666288909 -1.5999999999999996
      vertex 13.933226662889087 34.08194468760664 -1.5999999999999996
    endloop
  endfacet
  facet normal 0 0 -1
    outer loop
      vertex 13.933226662889087 30.418055312393363 -1.5999999999999996
      vertex 13.933226662889087 34.08194468760664 -1.5999999999999996
      vertex 14.218172400785651 33.675 -1.5999999999999996
    endloop
  endfacet
  facet normal 0 0 -1
    outer loop
      vertex 14.218172400785651 30.825 -1.5999999999999996
      vertex 14.218172400785651 33.675 -1.5999999999999996
      vertex 14.42812396923984 33.224757408478155 -1.5999999999999996
    endloop
  endfacet
  facet normal 0 0 -1
    outer loop
      vertex 14.42812396923984 31.275242591521845 -1.5999999999999996
      vertex 14.42812396923984 33.224757408478155 -1.5999999999999996
      vertex 14.556702096084793 32.74489730635075 -1.5999999999999996
    endloop
  endfacet
  facet normal 0 0 -1
    outer loop
      vertex 14.556702096084793 31.75510269364925 -1.5999999999999996
      vertex 14.556702096084793 32.74489730635075 -1.5999999999999996
      vertex 14.6 32.25 -1.5999999999999996
    endloop
  endfacet
  facet normal 0.258819045102512 0.9659258262890706 0
    outer loop
      vertex 12.724757408478157 34.92812396923984 -1.5999999999999996
      vertex 12.244897306350751 35.05670209608479 0
      vertex 12.724757408478157 34.92812396923984 0
    endloop
  endfacet
  facet normal 0.42261826174071254 0.9063077870366438 0
    outer loop
      vertex 12.724757408478157 34.92812396923984 -1.5999999999999996
      vertex 12.724757408478157 34.92812396923984 0
      vertex 12.792145939473212 34.89670018116503 0
    endloop
  endfacet
  facet normal -0.42261826174069655 -0.9063077870366513 0
    outer loop
      vertex 10.775242591521843 29.571876030760162 -1.5999999999999996
      vertex 10.775242591521843 29.571876030760162 16.371532510892703
      vertex 10.325 29.78182759921435 -1.5999999999999996
    endloop
  endfacet
  facet normal -0.7071067811865476 -0.7071067811865476 0
    outer loop
      vertex 9.566773337110913 30.418055312393363 -1.5999999999999996
      vertex 9.918055312393363 30.066773337110913 -1.5999999999999996
      vertex 9.918055312393363 30.066773337110913 16.371532510892703
    endloop
  endfacet
  facet normal -0.5735764363510488 -0.8191520442889899 0
    outer loop
      vertex 9.918055312393363 30.066773337110913 -1.5999999999999996
      vertex 10.325 29.78182759921435 -1.5999999999999996
      vertex 10.325 29.78182759921435 16.371532510892703
    endloop
  endfacet
  facet normal -0.25881904510251874 -0.965925826289069 0
    outer loop
      vertex 10.775242591521843 29.571876030760162 -1.5999999999999996
      vertex 11.255102693649249 29.44329790391521 -1.5999999999999996
      vertex 11.255102693649249 29.44329790391521 16.371532510892703
    endloop
  endfacet
  facet normal -0.08715574274766452 -0.996194698091745 0
    outer loop
      vertex 11.255102693649249 29.44329790391521 -1.5999999999999996
      vertex 11.75 29.4 -1.5999999999999996
      vertex 11.75 29.4 16.371532510892703
    endloop
  endfacet
  facet normal 0.08715574274766452 -0.996194698091745 0
    outer loop
      vertex 11.75 29.4 -1.5999999999999996
      vertex 12.244897306350751 29.44329790391521 -1.5999999999999996
      vertex 12.244897306350751 29.44329790391521 16.371532510892703
    endloop
  endfacet
  facet normal -0.7071067811865511 0.7071067811865439 0
    outer loop
      vertex 9.566773337110913 34.08194468760664 -1.5999999999999996
      vertex 9.918055312393363 34.43322666288909 15.968019032015818
      vertex 9.918055312393363 34.43322666288909 -1.5999999999999996
    endloop
  endfacet
  facet normal -0.5735764363510392 0.8191520442889967 -1.7707446620421276e-17
    outer loop
      vertex 9.918055312393363 34.43322666288909 -1.5999999999999996
      vertex 9.952060682740205 34.45703747954556 15.95066017177982
      vertex 10.325 34.71817240078565 -1.5999999999999996
    endloop
  endfacet
  facet normal -0.42261826174070755 0.9063077870366462 0
    outer loop
      vertex 10.325 34.71817240078565 -1.5999999999999996
      vertex 10.325 34.71817240078565 15.590006973861644
      vertex 10.707854060526788 34.89670018116503 0
    endloop
  endfacet
  facet normal 0.25881904510251874 -0.965925826289069 0
    outer loop
      vertex 12.244897306350751 29.44329790391521 -1.5999999999999996
      vertex 12.724757408478157 29.571876030760162 -1.5999999999999996
      vertex 12.724757408478157 29.571876030760162 16.371532510892703
    endloop
  endfacet
  facet normal 0.42261826174069655 -0.9063077870366513 0
    outer loop
      vertex 12.724757408478157 29.571876030760162 -1.5999999999999996
      vertex 13.175 29.78182759921435 -1.5999999999999996
      vertex 13.175 29.78182759921435 16.371532510892703
    endloop
  endfacet
  facet normal 0.5735764363510488 -0.8191520442889899 0
    outer loop
      vertex 13.175 29.78182759921435 -1.5999999999999996
      vertex 13.581944687606637 30.066773337110913 -1.5999999999999996
      vertex 13.581944687606637 30.066773337110913 16.371532510892703
    endloop
  endfacet
  facet normal 0.7071067811865476 -0.7071067811865476 0
    outer loop
      vertex 13.581944687606637 30.066773337110913 -1.5999999999999996
      vertex 13.933226662889087 30.418055312393363 -1.5999999999999996
      vertex 13.933226662889087 30.418055312393363 16.371532510892703
    endloop
  endfacet
  facet normal 0.8191520442889899 -0.5735764363510488 0
    outer loop
      vertex 13.933226662889087 30.418055312393363 -1.5999999999999996
      vertex 14.218172400785651 30.825 -1.5999999999999996
      vertex 14.218172400785651 30.825 16.371532510892703
    endloop
  endfacet
  facet normal 0.9063077870366506 -0.4226182617406982 0
    outer loop
      vertex 14.218172400785651 30.825 -1.5999999999999996
      vertex 14.42812396923984 31.275242591521845 -1.5999999999999996
      vertex 14.42812396923984 31.275242591521845 16.371532510892703
    endloop
  endfacet
  facet normal 0.9659258262890686 -0.2588190451025196 0
    outer loop
      vertex 14.42812396923984 31.275242591521845 -1.5999999999999996
      vertex 14.556702096084793 31.75510269364925 -1.5999999999999996
      vertex 14.556702096084793 31.75510269364925 16.371532510892703
    endloop
  endfacet
  facet normal 0.5735764363510393 0.8191520442889967 0
    outer loop
      vertex 13.175 34.71817240078565 -1.5999999999999996
      vertex 13.175 34.71817240078565 15.590006973861644
      vertex 13.581944687606637 34.43322666288909 -1.5999999999999996
    endloop
  endfacet
  facet normal 0.8191520442889922 0.5735764363510454 3.986185301938292e-17
    outer loop
      vertex 13.933226662889087 34.08194468760664 -1.5999999999999996
      vertex 13.935526739332115 34.07865983801917 16.22650978628255
      vertex 14.218172400785651 33.675 -1.5999999999999996
    endloop
  endfacet
  facet normal 0.7071067811865511 0.7071067811865439 0
    outer loop
      vertex 13.933226662889087 34.08194468760664 -1.5999999999999996
      vertex 13.581944687606637 34.43322666288909 -1.5999999999999996
      vertex 13.581944687606637 34.43322666288909 15.968019032015818
    endloop
  endfacet
  facet normal 0.42261826174070755 0.9063077870366462 0
    outer loop
      vertex 13.175 34.71817240078565 -1.5999999999999996
      vertex 12.792145939473212 34.89670018116503 0
      vertex 12.792145939473212 34.89670018116503 14.889999999999999
    endloop
  endfacet
  facet normal 0.9961946980917455 -0.08715574274765743 0
    outer loop
      vertex 14.556702096084793 31.75510269364925 -1.5999999999999996
      vertex 14.6 32.25 -1.5999999999999996
      vertex 14.6 32.25 16.371532510892703
    endloop
  endfacet
  facet normal 0.9659258262890686 0.2588190451025196 0
    outer loop
      vertex 14.556702096084793 32.74489730635075 -1.5999999999999996
      vertex 14.42812396923984 33.224757408478155 -1.5999999999999996
      vertex 14.42812396923984 33.224757408478155 16.371532510892703
    endloop
  endfacet
  facet normal 0.9961946980917455 0.08715574274765743 0
    outer loop
      vertex 14.6 32.25 -1.5999999999999996
      vertex 14.556702096084793 32.74489730635075 -1.5999999999999996
      vertex 14.556702096084793 32.74489730635075 16.371532510892703
    endloop
  endfacet
  facet normal 0.9063077870366493 0.4226182617407009 -3.069950450186739e-17
    outer loop
      vertex 14.218172400785651 33.675 -1.5999999999999996
      vertex 14.237360847584362 33.63385024304633 16.371532510892703
      vertex 14.42812396923984 33.224757408478155 -1.5999999999999996
    endloop
  endfacet
  facet normal -0.9063077870366506 -0.4226182617406982 0
    outer loop
      vertex 9.07187603076016 31.275242591521845 -1.5999999999999996
      vertex 9.281827599214349 30.825 16.371532510892703
      vertex 9.07187603076016 31.275242591521845 16.371532510892703
    endloop
  endfacet
  facet normal -0.9659258262890686 -0.2588190451025196 0
    outer loop
      vertex 8.943297903915207 31.75510269364925 -1.5999999999999996
      vertex 9.07187603076016 31.275242591521845 16.371532510892703
      vertex 8.943297903915207 31.75510269364925 16.371532510892703
    endloop
  endfacet
  facet normal -0.8191520442889899 -0.5735764363510488 0
    outer loop
      vertex 9.281827599214349 30.825 -1.5999999999999996
      vertex 9.566773337110913 30.418055312393363 16.371532510892703
      vertex 9.281827599214349 30.825 16.371532510892703
    endloop
  endfacet
  facet normal -0.7071067811865476 -0.7071067811865476 0
    outer loop
      vertex 9.566773337110913 30.418055312393363 -1.5999999999999996
      vertex 9.918055312393363 30.066773337110913 16.371532510892703
      vertex 9.566773337110913 30.418055312393363 16.371532510892703
    endloop
  endfacet
  facet normal -0.9961946980917455 -0.08715574274765743 0
    outer loop
      vertex 8.9 32.25 -1.5999999999999996
      vertex 8.943297903915207 31.75510269364925 16.371532510892703
      vertex 8.9 32.25 16.371532510892703
    endloop
  endfacet
  facet normal -0.9961946980917455 0.08715574274765743 0
    outer loop
      vertex 8.943297903915207 32.74489730635075 -1.5999999999999996
      vertex 8.9 32.25 16.371532510892703
      vertex 8.943297903915207 32.74489730635075 16.371532510892703
    endloop
  endfacet
  facet normal -0.9659258262890686 0.2588190451025196 0
    outer loop
      vertex 9.07187603076016 33.224757408478155 -1.5999999999999996
      vertex 8.943297903915207 32.74489730635075 16.371532510892703
      vertex 9.07187603076016 33.224757408478155 16.371532510892703
    endloop
  endfacet
  facet normal -0.9063077870366498 0.4226182617406997 0
    outer loop
      vertex 9.07187603076016 33.224757408478155 -1.5999999999999996
      vertex 9.07187603076016 33.224757408478155 16.371532510892703
      vertex 9.262639152415638 33.63385024304633 16.371532510892703
    endloop
  endfacet
  facet normal -0.906307787036644 0.42261826174071204 -3.3764653406481655e-16
    outer loop
      vertex 9.07187603076016 33.224757408478155 -1.5999999999999996
      vertex 9.262639152415638 33.63385024304633 16.371532510892703
      vertex 9.281827599214349 33.675 16.35811632127379
    endloop
  endfacet
  facet normal -0.8191520442889915 0.5735764363510466 0
    outer loop
      vertex 9.281827599214349 33.675 -1.5999999999999996
      vertex 9.281827599214349 33.675 16.35811632127379
      vertex 9.564473260667885 34.07865983801917 16.22650978628255
    endloop
  endfacet
  facet normal -0.7071067811865511 0.7071067811865439 0
    outer loop
      vertex 9.566773337110913 34.08194468760664 -1.5999999999999996
      vertex 9.566773337110913 34.08194468760664 16.22411502403194
      vertex 9.918055312393363 34.43322666288909 15.968019032015818
    endloop
  endfacet
  facet normal -0.819152044289094 0.5735764363508999 4.965528421883415e-15
    outer loop
      vertex 9.281827599214349 33.675 -1.5999999999999996
      vertex 9.564473260667885 34.07865983801917 16.22650978628255
      vertex 9.566773337110913 34.08194468760664 16.22411502403194
    endloop
  endfacet
  facet normal -0.25881904510251874 -0.965925826289069 0
    outer loop
      vertex 10.775242591521843 29.571876030760162 -1.5999999999999996
      vertex 11.255102693649249 29.44329790391521 16.371532510892703
      vertex 10.775242591521843 29.571876030760162 16.371532510892703
    endloop
  endfacet
  facet normal -0.5735764363510488 -0.8191520442889899 0
    outer loop
      vertex 9.918055312393363 30.066773337110913 -1.5999999999999996
      vertex 10.325 29.78182759921435 16.371532510892703
      vertex 9.918055312393363 30.066773337110913 16.371532510892703
    endloop
  endfacet
  facet normal -0.42261826174069655 -0.9063077870366513 0
    outer loop
      vertex 10.325 29.78182759921435 -1.5999999999999996
      vertex 10.775242591521843 29.571876030760162 16.371532510892703
      vertex 10.325 29.78182759921435 16.371532510892703
    endloop
  endfacet
  facet normal -0.08715574274766452 -0.996194698091745 0
    outer loop
      vertex 11.255102693649249 29.44329790391521 -1.5999999999999996
      vertex 11.75 29.4 16.371532510892703
      vertex 11.255102693649249 29.44329790391521 16.371532510892703
    endloop
  endfacet
  facet normal 0.08715574274766452 -0.996194698091745 0
    outer loop
      vertex 11.75 29.4 -1.5999999999999996
      vertex 12.244897306350751 29.44329790391521 16.371532510892703
      vertex 11.75 29.4 16.371532510892703
    endloop
  endfacet
  facet normal -0.5735764363510386 0.819152044288997 0
    outer loop
      vertex 10.325 34.71817240078565 -1.5999999999999996
      vertex 9.952060682740205 34.45703747954556 15.95066017177982
      vertex 10.325 34.71817240078565 15.590006973861644
    endloop
  endfacet
  facet normal -0.5735764363510454 0.8191520442889924 0
    outer loop
      vertex 9.918055312393363 34.43322666288909 -1.5999999999999996
      vertex 9.918055312393363 34.43322666288909 15.968019032015818
      vertex 9.952060682740205 34.45703747954556 15.95066017177982
    endloop
  endfacet
  facet normal -0.4226182617407076 0.9063077870366462 0
    outer loop
      vertex 10.707854060526788 34.89670018116503 0
      vertex 10.325 34.71817240078565 15.590006973861644
      vertex 10.707854060526788 34.89670018116503 14.889999999999999
    endloop
  endfacet
  facet normal 0.25881904510251874 -0.965925826289069 0
    outer loop
      vertex 12.244897306350751 29.44329790391521 -1.5999999999999996
      vertex 12.724757408478157 29.571876030760162 16.371532510892703
      vertex 12.244897306350751 29.44329790391521 16.371532510892703
    endloop
  endfacet
  facet normal 0.42261826174069655 -0.9063077870366513 0
    outer loop
      vertex 12.724757408478157 29.571876030760162 -1.5999999999999996
      vertex 13.175 29.78182759921435 16.371532510892703
      vertex 12.724757408478157 29.571876030760162 16.371532510892703
    endloop
  endfacet
  facet normal 0.5735764363510488 -0.8191520442889899 0
    outer loop
      vertex 13.175 29.78182759921435 -1.5999999999999996
      vertex 13.581944687606637 30.066773337110913 16.371532510892703
      vertex 13.175 29.78182759921435 16.371532510892703
    endloop
  endfacet
  facet normal 0.7071067811865476 -0.7071067811865476 0
    outer loop
      vertex 13.581944687606637 30.066773337110913 -1.5999999999999996
      vertex 13.933226662889087 30.418055312393363 16.371532510892703
      vertex 13.581944687606637 30.066773337110913 16.371532510892703
    endloop
  endfacet
  facet normal 0.8191520442889899 -0.5735764363510488 0
    outer loop
      vertex 13.933226662889087 30.418055312393363 -1.5999999999999996
      vertex 14.218172400785651 30.825 16.371532510892703
      vertex 13.933226662889087 30.418055312393363 16.371532510892703
    endloop
  endfacet
  facet normal 0.9063077870366506 -0.4226182617406982 0
    outer loop
      vertex 14.218172400785651 30.825 -1.5999999999999996
      vertex 14.42812396923984 31.275242591521845 16.371532510892703
      vertex 14.218172400785651 30.825 16.371532510892703
    endloop
  endfacet
  facet normal 0.9659258262890686 -0.2588190451025196 0
    outer loop
      vertex 14.42812396923984 31.275242591521845 -1.5999999999999996
      vertex 14.556702096084793 31.75510269364925 16.371532510892703
      vertex 14.42812396923984 31.275242591521845 16.371532510892703
    endloop
  endfacet
  facet normal 0.9961946980917455 -0.08715574274765743 0
    outer loop
      vertex 14.556702096084793 31.75510269364925 -1.5999999999999996
      vertex 14.6 32.25 16.371532510892703
      vertex 14.556702096084793 31.75510269364925 16.371532510892703
    endloop
  endfacet
  facet normal 0.4226182617407077 0.906307787036646 5.156995208808789e-18
    outer loop
      vertex 13.175 34.71817240078565 -1.5999999999999996
      vertex 12.835524714345055 34.87647232624091 15.124651697560346
      vertex 13.145464720588775 34.73194492776085 15.570985749609319
    endloop
  endfacet
  facet normal 0.4226182617407077 0.9063077870366462 7.810653158452048e-18
    outer loop
      vertex 13.175 34.71817240078565 -1.5999999999999996
      vertex 12.792145939473212 34.89670018116503 14.889999999999999
      vertex 12.835524714345055 34.87647232624091 15.124651697560346
    endloop
  endfacet
  facet normal 0.42261826174070527 0.9063077870366472 0
    outer loop
      vertex 13.175 34.71817240078565 -1.5999999999999996
      vertex 13.145464720588775 34.73194492776085 15.570985749609319
      vertex 13.175 34.71817240078565 15.590006973861644
    endloop
  endfacet
  facet normal 0.7071067811865511 0.707106781186544 0
    outer loop
      vertex 13.933226662889087 34.08194468760664 -1.5999999999999996
      vertex 13.581944687606637 34.43322666288909 15.968019032015818
      vertex 13.933226662889087 34.08194468760664 16.224115024031935
    endloop
  endfacet
  facet normal 0.819152044289094 0.5735764363509004 0
    outer loop
      vertex 13.933226662889087 34.08194468760664 -1.5999999999999996
      vertex 13.933226662889087 34.08194468760664 16.224115024031935
      vertex 13.935526739332115 34.07865983801917 16.22650978628255
    endloop
  endfacet
  facet normal 0.9961946980917455 0.08715574274765743 0
    outer loop
      vertex 14.6 32.25 -1.5999999999999996
      vertex 14.556702096084793 32.74489730635075 16.371532510892703
      vertex 14.6 32.25 16.371532510892703
    endloop
  endfacet
  facet normal 0.9659258262890686 0.2588190451025196 0
    outer loop
      vertex 14.556702096084793 32.74489730635075 -1.5999999999999996
      vertex 14.42812396923984 33.224757408478155 16.371532510892703
      vertex 14.556702096084793 32.74489730635075 16.371532510892703
    endloop
  endfacet
  facet normal 0.8191520442889915 0.5735764363510466 0
    outer loop
      vertex 14.218172400785651 33.675 -1.5999999999999996
      vertex 13.935526739332115 34.07865983801917 16.22650978628255
      vertex 14.218172400785651 33.675 16.358116321273794
    endloop
  endfacet
  facet normal 0.906307787036644 0.42261826174071193 0
    outer loop
      vertex 14.218172400785651 33.675 -1.5999999999999996
      vertex 14.218172400785651 33.675 16.358116321273794
      vertex 14.237360847584362 33.63385024304633 16.371532510892703
    endloop
  endfacet
  facet normal 0.9063077870366498 0.4226182617406997 0
    outer loop
      vertex 14.42812396923984 33.224757408478155 -1.5999999999999996
      vertex 14.237360847584362 33.63385024304633 16.371532510892703
      vertex 14.42812396923984 33.224757408478155 16.371532510892703
    endloop
  endfacet
  facet normal 0.5735764363510387 0.8191520442889971 -1.9285911371034064e-17
    outer loop
      vertex 13.581944687606637 34.43322666288909 -1.5999999999999996
      vertex 13.175 34.71817240078565 15.590006973861644
      vertex 13.547939317259795 34.45703747954556 15.95066017177982
    endloop
  endfacet
  facet normal 0.5735764363510454 0.8191520442889924 0
    outer loop
      vertex 13.581944687606637 34.43322666288909 -1.5999999999999996
      vertex 13.547939317259795 34.45703747954556 15.95066017177982
      vertex 13.581944687606637 34.43322666288909 15.968019032015818
    endloop
  endfacet
  facet normal -0.42261826174070777 0.906307787036646 -2.9460292137465356e-17
    outer loop
      vertex 10.707854060526788 34.89670018116503 14.889999999999999
      vertex 10.354535279411225 34.73194492776085 15.570985749609319
      vertex 10.664475285654945 34.87647232624091 15.124651697560346
    endloop
  endfacet
  facet normal -0.422618261740704 0.9063077870366477 2.817435466337552e-15
    outer loop
      vertex 10.707854060526788 34.89670018116503 14.889999999999999
      vertex 10.325 34.71817240078565 15.590006973861644
      vertex 10.354535279411225 34.73194492776085 15.570985749609319
    endloop
  endfacet
  facet normal 0 0 -1
    outer loop
      vertex 8.943297903915207 -32.74489730635075 -1.5999999999999996
      vertex 8.9 -32.25 -1.5999999999999996
      vertex 8.943297903915207 -31.75510269364925 -1.5999999999999996
    endloop
  endfacet
  facet normal 0 0 -1
    outer loop
      vertex 9.07187603076016 -33.224757408478155 -1.5999999999999996
      vertex 8.943297903915207 -32.74489730635075 -1.5999999999999996
      vertex 9.07187603076016 -31.275242591521845 -1.5999999999999996
    endloop
  endfacet
  facet normal 0 0 -1
    outer loop
      vertex 9.07187603076016 -33.224757408478155 -1.5999999999999996
      vertex 9.281827599214349 -30.825 -1.5999999999999996
      vertex 9.281827599214349 -33.675 -1.5999999999999996
    endloop
  endfacet
  facet normal 0 0 -1
    outer loop
      vertex 9.281827599214349 -33.675 -1.5999999999999996
      vertex 9.566773337110913 -30.418055312393363 -1.5999999999999996
      vertex 9.566773337110913 -34.08194468760664 -1.5999999999999996
    endloop
  endfacet
  facet normal 0 0 -1
    outer loop
      vertex 8.943297903915207 -32.74489730635075 -1.5999999999999996
      vertex 8.943297903915207 -31.75510269364925 -1.5999999999999996
      vertex 9.07187603076016 -31.275242591521845 -1.5999999999999996
    endloop
  endfacet
  facet normal 0 0 -1
    outer loop
      vertex 9.07187603076016 -33.224757408478155 -1.5999999999999996
      vertex 9.07187603076016 -31.275242591521845 -1.5999999999999996
      vertex 9.281827599214349 -30.825 -1.5999999999999996
    endloop
  endfacet
  facet normal 0 0 -1
    outer loop
      vertex 9.281827599214349 -33.675 -1.5999999999999996
      vertex 9.281827599214349 -30.825 -1.5999999999999996
      vertex 9.566773337110913 -30.418055312393363 -1.5999999999999996
    endloop
  endfacet
  facet normal 0 0 -1
    outer loop
      vertex 9.566773337110913 -34.08194468760664 -1.5999999999999996
      vertex 9.566773337110913 -30.418055312393363 -1.5999999999999996
      vertex 9.918055312393363 -30.066773337110913 -1.5999999999999996
    endloop
  endfacet
  facet normal -0.8191520442889922 -0.5735764363510454 4.0743319056666575e-17
    outer loop
      vertex 9.281827599214349 -33.675 -1.5999999999999996
      vertex 9.566773337110913 -34.08194468760664 -1.5999999999999996
      vertex 9.564473260667885 -34.07865983801917 16.22650978628255
    endloop
  endfacet
  facet normal -0.9961946980917455 -0.08715574274765743 0
    outer loop
      vertex 8.943297903915207 -32.74489730635075 -1.5999999999999996
      vertex 8.943297903915207 -32.74489730635075 16.371532510892703
      vertex 8.9 -32.25 -1.5999999999999996
    endloop
  endfacet
  facet normal -0.9659258262890686 -0.2588190451025196 0
    outer loop
      vertex 9.07187603076016 -33.224757408478155 -1.5999999999999996
      vertex 9.07187603076016 -33.224757408478155 16.371532510892703
      vertex 8.943297903915207 -32.74489730635075 -1.5999999999999996
    endloop
  endfacet
  facet normal -0.9961946980917455 0.08715574274765743 0
    outer loop
      vertex 8.9 -32.25 -1.5999999999999996
      vertex 8.9 -32.25 16.371532510892703
      vertex 8.943297903915207 -31.75510269364925 -1.5999999999999996
    endloop
  endfacet
  facet normal -0.9063077870366493 -0.4226182617407009 -3.1088105824675837e-17
    outer loop
      vertex 9.07187603076016 -33.224757408478155 -1.5999999999999996
      vertex 9.281827599214349 -33.675 -1.5999999999999996
      vertex 9.262639152415638 -33.63385024304633 16.371532510892703
    endloop
  endfacet
  facet normal -0.9659258262890686 0.2588190451025196 0
    outer loop
      vertex 8.943297903915207 -31.75510269364925 -1.5999999999999996
      vertex 8.943297903915207 -31.75510269364925 16.371532510892703
      vertex 9.07187603076016 -31.275242591521845 -1.5999999999999996
    endloop
  endfacet
  facet normal -0.9063077870366506 0.4226182617406982 0
    outer loop
      vertex 9.07187603076016 -31.275242591521845 -1.5999999999999996
      vertex 9.07187603076016 -31.275242591521845 16.371532510892703
      vertex 9.281827599214349 -30.825 -1.5999999999999996
    endloop
  endfacet
  facet normal -0.8191520442889899 0.5735764363510488 0
    outer loop
      vertex 9.281827599214349 -30.825 -1.5999999999999996
      vertex 9.281827599214349 -30.825 16.371532510892703
      vertex 9.566773337110913 -30.418055312393363 -1.5999999999999996
    endloop
  endfacet
  facet normal -0.7071067811865476 0.7071067811865476 0
    outer loop
      vertex 9.566773337110913 -30.418055312393363 -1.5999999999999996
      vertex 9.566773337110913 -30.418055312393363 16.371532510892703
      vertex 9.918055312393363 -30.066773337110913 -1.5999999999999996
    endloop
  endfacet
  facet normal 0 0 -1
    outer loop
      vertex 9.918055312393363 -34.43322666288909 -1.5999999999999996
      vertex 10.406497115745559 -33.59350288425444 -1.5999999999999996
      vertex 10.325 -34.71817240078565 -1.5999999999999996
    endloop
  endfacet
  facet normal 0 0 -1
    outer loop
      vertex 10.325 -34.71817240078565 -1.5999999999999996
      vertex 10.8 -33.89544826719043 -1.5999999999999996
      vertex 10.775242591521843 -34.92812396923984 -1.5999999999999996
    endloop
  endfacet
  facet normal 0 0 -1
    outer loop
      vertex 10.775242591521843 -34.92812396923984 -1.5999999999999996
      vertex 10.8 -33.89544826719043 -1.5999999999999996
      vertex 11.25824381430521 -34.08525906994923 -1.5999999999999996
    endloop
  endfacet
  facet normal -0.4226182617407083 -0.9063077870366457 2.2697224246540604e-16
    outer loop
      vertex 10.325 -34.71817240078565 -1.5999999999999996
      vertex 10.775242591521843 -34.92812396923984 -1.5999999999999996
      vertex 10.707854060526788 -34.89670018116503 0
    endloop
  endfacet
  facet normal 0 0 -1
    outer loop
      vertex 9.566773337110913 -34.08194468760664 -1.5999999999999996
      vertex 10.104551732809567 -33.2 -1.5999999999999996
      vertex 9.918055312393363 -34.43322666288909 -1.5999999999999996
    endloop
  endfacet
  facet normal 0 0 -1
    outer loop
      vertex 9.566773337110913 -34.08194468760664 -1.5999999999999996
      vertex 9.91474093005077 -32.74175618569479 -1.5999999999999996
      vertex 10.104551732809567 -33.2 -1.5999999999999996
    endloop
  endfacet
  facet normal 0 0 -1
    outer loop
      vertex 9.918055312393363 -34.43322666288909 -1.5999999999999996
      vertex 10.104551732809567 -33.2 -1.5999999999999996
      vertex 10.406497115745559 -33.59350288425444 -1.5999999999999996
    endloop
  endfacet
  facet normal 0 0 -1
    outer loop
      vertex 9.566773337110913 -34.08194468760664 -1.5999999999999996
      vertex 9.85 -32.25 -1.5999999999999996
      vertex 9.91474093005077 -32.74175618569479 -1.5999999999999996
    endloop
  endfacet
  facet normal 0 0 -1
    outer loop
      vertex 9.566773337110913 -34.08194468760664 -1.5999999999999996
      vertex 9.918055312393363 -30.066773337110913 -1.5999999999999996
      vertex 9.85 -32.25 -1.5999999999999996
    endloop
  endfacet
  facet normal 0 0 -1
    outer loop
      vertex 10.325 -34.71817240078565 -1.5999999999999996
      vertex 10.406497115745559 -33.59350288425444 -1.5999999999999996
      vertex 10.8 -33.89544826719043 -1.5999999999999996
    endloop
  endfacet
  facet normal 0 0 -1
    outer loop
      vertex 10.775242591521843 -34.92812396923984 -1.5999999999999996
      vertex 11.25824381430521 -34.08525906994923 -1.5999999999999996
      vertex 11.255102693649249 -35.05670209608479 -1.5999999999999996
    endloop
  endfacet
  facet normal 0 0 -1
    outer loop
      vertex 11.255102693649249 -35.05670209608479 -1.5999999999999996
      vertex 11.25824381430521 -34.08525906994923 -1.5999999999999996
      vertex 11.75 -34.15 -1.5999999999999996
    endloop
  endfacet
  facet normal 0 0 -1
    outer loop
      vertex 11.255102693649249 -35.05670209608479 -1.5999999999999996
      vertex 11.75 -34.15 -1.5999999999999996
      vertex 11.75 -35.1 -1.5999999999999996
    endloop
  endfacet
  facet normal 0 0 -1
    outer loop
      vertex 11.75 -35.1 -1.5999999999999996
      vertex 11.75 -34.15 -1.5999999999999996
      vertex 12.24175618569479 -34.08525906994923 -1.5999999999999996
    endloop
  endfacet
  facet normal 0 0 -1
    outer loop
      vertex 11.75 -35.1 -1.5999999999999996
      vertex 12.24175618569479 -34.08525906994923 -1.5999999999999996
      vertex 12.244897306350751 -35.05670209608479 -1.5999999999999996
    endloop
  endfacet
  facet normal -0.258819045102512 -0.9659258262890706 0
    outer loop
      vertex 10.775242591521843 -34.92812396923984 -1.5999999999999996
      vertex 11.255102693649249 -35.05670209608479 -1.5999999999999996
      vertex 11.255102693649249 -35.05670209608479 0
    endloop
  endfacet
  facet normal -0.08715574274766452 -0.996194698091745 0
    outer loop
      vertex 11.255102693649249 -35.05670209608479 -1.5999999999999996
      vertex 11.75 -35.1 -1.5999999999999996
      vertex 11.75 -35.1 0
    endloop
  endfacet
  facet normal 0.08715574274766452 -0.996194698091745 0
    outer loop
      vertex 11.75 -35.1 -1.5999999999999996
      vertex 12.244897306350751 -35.05670209608479 -1.5999999999999996
      vertex 12.244897306350751 -35.05670209608479 0
    endloop
  endfacet
  facet normal -0.42261826174071254 -0.9063077870366438 0
    outer loop
      vertex 10.775242591521843 -34.92812396923984 -1.5999999999999996
      vertex 10.775242591521843 -34.92812396923984 0
      vertex 10.707854060526788 -34.89670018116503 0
    endloop
  endfacet
  facet normal -0.258819045102512 -0.9659258262890706 0
    outer loop
      vertex 10.775242591521843 -34.92812396923984 -1.5999999999999996
      vertex 11.255102693649249 -35.05670209608479 0
      vertex 10.775242591521843 -34.92812396923984 0
    endloop
  endfacet
  facet normal -0.08715574274766452 -0.996194698091745 0
    outer loop
      vertex 11.255102693649249 -35.05670209608479 -1.5999999999999996
      vertex 11.75 -35.1 0
      vertex 11.255102693649249 -35.05670209608479 0
    endloop
  endfacet
  facet normal 0.08715574274766452 -0.996194698091745 0
    outer loop
      vertex 11.75 -35.1 -1.5999999999999996
      vertex 12.244897306350751 -35.05670209608479 0
      vertex 11.75 -35.1 0
    endloop
  endfacet
  facet normal 0 0 -1
    outer loop
      vertex 9.85 -32.25 -1.5999999999999996
      vertex 9.918055312393363 -30.066773337110913 -1.5999999999999996
      vertex 9.91474093005077 -31.75824381430521 -1.5999999999999996
    endloop
  endfacet
  facet normal 0 0 -1
    outer loop
      vertex 9.91474093005077 -31.75824381430521 -1.5999999999999996
      vertex 9.918055312393363 -30.066773337110913 -1.5999999999999996
      vertex 10.104551732809567 -31.3 -1.5999999999999996
    endloop
  endfacet
  facet normal 0 0 -1
    outer loop
      vertex 10.104551732809567 -31.3 -1.5999999999999996
      vertex 9.918055312393363 -30.066773337110913 -1.5999999999999996
      vertex 10.325 -29.78182759921435 -1.5999999999999996
    endloop
  endfacet
  facet normal 0 0 -1
    outer loop
      vertex 10.104551732809567 -31.3 -1.5999999999999996
      vertex 10.325 -29.78182759921435 -1.5999999999999996
      vertex 10.406497115745559 -30.90649711574556 -1.5999999999999996
    endloop
  endfacet
  facet normal 0 0 -1
    outer loop
      vertex 10.406497115745559 -30.90649711574556 -1.5999999999999996
      vertex 10.775242591521843 -29.571876030760162 -1.5999999999999996
      vertex 10.8 -30.60455173280957 -1.5999999999999996
    endloop
  endfacet
  facet normal 0 0 -1
    outer loop
      vertex 10.325 -29.78182759921435 -1.5999999999999996
      vertex 10.775242591521843 -29.571876030760162 -1.5999999999999996
      vertex 10.406497115745559 -30.90649711574556 -1.5999999999999996
    endloop
  endfacet
  facet normal 0 0 -1
    outer loop
      vertex 10.8 -30.60455173280957 -1.5999999999999996
      vertex 10.775242591521843 -29.571876030760162 -1.5999999999999996
      vertex 11.255102693649249 -29.44329790391521 -1.5999999999999996
    endloop
  endfacet
  facet normal 0 0 -1
    outer loop
      vertex 10.8 -30.60455173280957 -1.5999999999999996
      vertex 11.255102693649249 -29.44329790391521 -1.5999999999999996
      vertex 11.25824381430521 -30.41474093005077 -1.5999999999999996
    endloop
  endfacet
  facet normal 0 0 -1
    outer loop
      vertex 11.25824381430521 -30.41474093005077 -1.5999999999999996
      vertex 11.255102693649249 -29.44329790391521 -1.5999999999999996
      vertex 11.75 -29.4 -1.5999999999999996
    endloop
  endfacet
  facet normal 0 0 -1
    outer loop
      vertex 11.25824381430521 -30.41474093005077 -1.5999999999999996
      vertex 11.75 -29.4 -1.5999999999999996
      vertex 11.75 -30.35 -1.5999999999999996
    endloop
  endfacet
  facet normal 0 0 -1
    outer loop
      vertex 11.75 -30.35 -1.5999999999999996
      vertex 11.75 -29.4 -1.5999999999999996
      vertex 12.244897306350751 -29.44329790391521 -1.5999999999999996
    endloop
  endfacet
  facet normal 0 0 -1
    outer loop
      vertex 11.75 -30.35 -1.5999999999999996
      vertex 12.244897306350751 -29.44329790391521 -1.5999999999999996
      vertex 12.24175618569479 -30.41474093005077 -1.5999999999999996
    endloop
  endfacet
  facet normal 0 0 -1
    outer loop
      vertex 12.244897306350751 -35.05670209608479 -1.5999999999999996
      vertex 12.24175618569479 -34.08525906994923 -1.5999999999999996
      vertex 12.7 -33.89544826719043 -1.5999999999999996
    endloop
  endfacet
  facet normal 0 0 -1
    outer loop
      vertex 12.244897306350751 -35.05670209608479 -1.5999999999999996
      vertex 12.7 -33.89544826719043 -1.5999999999999996
      vertex 12.724757408478157 -34.92812396923984 -1.5999999999999996
    endloop
  endfacet
  facet normal 0 0 -1
    outer loop
      vertex 12.724757408478157 -34.92812396923984 -1.5999999999999996
      vertex 13.093502884254441 -33.59350288425444 -1.5999999999999996
      vertex 13.175 -34.71817240078565 -1.5999999999999996
    endloop
  endfacet
  facet normal 0.258819045102512 -0.9659258262890706 0
    outer loop
      vertex 12.244897306350751 -35.05670209608479 -1.5999999999999996
      vertex 12.724757408478157 -34.92812396923984 -1.5999999999999996
      vertex 12.724757408478157 -34.92812396923984 0
    endloop
  endfacet
  facet normal 0.4226182617407083 -0.9063077870366457 2.182425408321212e-16
    outer loop
      vertex 12.724757408478157 -34.92812396923984 -1.5999999999999996
      vertex 13.175 -34.71817240078565 -1.5999999999999996
      vertex 12.792145939473212 -34.89670018116503 0
    endloop
  endfacet
  facet normal 0 0 -1
    outer loop
      vertex 12.724757408478157 -34.92812396923984 -1.5999999999999996
      vertex 12.7 -33.89544826719043 -1.5999999999999996
      vertex 13.093502884254441 -33.59350288425444 -1.5999999999999996
    endloop
  endfacet
  facet normal 0 0 -1
    outer loop
      vertex 13.175 -34.71817240078565 -1.5999999999999996
      vertex 13.093502884254441 -33.59350288425444 -1.5999999999999996
      vertex 13.395448267190433 -33.2 -1.5999999999999996
    endloop
  endfacet
  facet normal 0 0 -1
    outer loop
      vertex 13.175 -34.71817240078565 -1.5999999999999996
      vertex 13.395448267190433 -33.2 -1.5999999999999996
      vertex 13.581944687606637 -34.43322666288909 -1.5999999999999996
    endloop
  endfacet
  facet normal 0 0 -1
    outer loop
      vertex 13.395448267190433 -33.2 -1.5999999999999996
      vertex 13.58525906994923 -32.74175618569479 -1.5999999999999996
      vertex 13.581944687606637 -34.43322666288909 -1.5999999999999996
    endloop
  endfacet
  facet normal 0 0 -1
    outer loop
      vertex 13.581944687606637 -34.43322666288909 -1.5999999999999996
      vertex 13.58525906994923 -32.74175618569479 -1.5999999999999996
      vertex 13.65 -32.25 -1.5999999999999996
    endloop
  endfacet
  facet normal 0 0 -1
    outer loop
      vertex 13.581944687606637 -34.43322666288909 -1.5999999999999996
      vertex 13.933226662889087 -30.418055312393363 -1.5999999999999996
      vertex 13.933226662889087 -34.08194468760664 -1.5999999999999996
    endloop
  endfacet
  facet normal 0 0 -1
    outer loop
      vertex 13.581944687606637 -34.43322666288909 -1.5999999999999996
      vertex 13.65 -32.25 -1.5999999999999996
      vertex 13.933226662889087 -30.418055312393363 -1.5999999999999996
    endloop
  endfacet
  facet normal 0 0 -1
    outer loop
      vertex 13.933226662889087 -34.08194468760664 -1.5999999999999996
      vertex 14.218172400785651 -30.825 -1.5999999999999996
      vertex 14.218172400785651 -33.675 -1.5999999999999996
    endloop
  endfacet
  facet normal 0 0 -1
    outer loop
      vertex 14.218172400785651 -33.675 -1.5999999999999996
      vertex 14.42812396923984 -31.275242591521845 -1.5999999999999996
      vertex 14.42812396923984 -33.224757408478155 -1.5999999999999996
    endloop
  endfacet
  facet normal 0 0 -1
    outer loop
      vertex 14.42812396923984 -33.224757408478155 -1.5999999999999996
      vertex 14.556702096084793 -31.75510269364925 -1.5999999999999996
      vertex 14.556702096084793 -32.74489730635075 -1.5999999999999996
    endloop
  endfacet
  facet normal 0 0 -1
    outer loop
      vertex 14.42812396923984 -33.224757408478155 -1.5999999999999996
      vertex 14.42812396923984 -31.275242591521845 -1.5999999999999996
      vertex 14.556702096084793 -31.75510269364925 -1.5999999999999996
    endloop
  endfacet
  facet normal 0 0 -1
    outer loop
      vertex 14.556702096084793 -32.74489730635075 -1.5999999999999996
      vertex 14.556702096084793 -31.75510269364925 -1.5999999999999996
      vertex 14.6 -32.25 -1.5999999999999996
    endloop
  endfacet
  facet normal 0.258819045102512 -0.9659258262890706 0
    outer loop
      vertex 12.244897306350751 -35.05670209608479 -1.5999999999999996
      vertex 12.724757408478157 -34.92812396923984 0
      vertex 12.244897306350751 -35.05670209608479 0
    endloop
  endfacet
  facet normal 0.42261826174071254 -0.9063077870366438 0
    outer loop
      vertex 12.724757408478157 -34.92812396923984 -1.5999999999999996
      vertex 12.792145939473212 -34.89670018116503 0
      vertex 12.724757408478157 -34.92812396923984 0
    endloop
  endfacet
  facet normal 0 0 -1
    outer loop
      vertex 12.24175618569479 -30.41474093005077 -1.5999999999999996
      vertex 12.244897306350751 -29.44329790391521 -1.5999999999999996
      vertex 12.724757408478157 -29.571876030760162 -1.5999999999999996
    endloop
  endfacet
  facet normal 0 0 -1
    outer loop
      vertex 12.24175618569479 -30.41474093005077 -1.5999999999999996
      vertex 12.724757408478157 -29.571876030760162 -1.5999999999999996
      vertex 12.7 -30.60455173280957 -1.5999999999999996
    endloop
  endfacet
  facet normal 0 0 -1
    outer loop
      vertex 12.7 -30.60455173280957 -1.5999999999999996
      vertex 13.175 -29.78182759921435 -1.5999999999999996
      vertex 13.093502884254441 -30.90649711574556 -1.5999999999999996
    endloop
  endfacet
  facet normal 0 0 -1
    outer loop
      vertex 12.7 -30.60455173280957 -1.5999999999999996
      vertex 12.724757408478157 -29.571876030760162 -1.5999999999999996
      vertex 13.175 -29.78182759921435 -1.5999999999999996
    endloop
  endfacet
  facet normal 0 0 -1
    outer loop
      vertex 13.093502884254441 -30.90649711574556 -1.5999999999999996
      vertex 13.581944687606637 -30.066773337110913 -1.5999999999999996
      vertex 13.395448267190433 -31.3 -1.5999999999999996
    endloop
  endfacet
  facet normal 0 0 -1
    outer loop
      vertex 13.093502884254441 -30.90649711574556 -1.5999999999999996
      vertex 13.175 -29.78182759921435 -1.5999999999999996
      vertex 13.581944687606637 -30.066773337110913 -1.5999999999999996
    endloop
  endfacet
  facet normal 0 0 -1
    outer loop
      vertex 13.395448267190433 -31.3 -1.5999999999999996
      vertex 13.933226662889087 -30.418055312393363 -1.5999999999999996
      vertex 13.58525906994923 -31.75824381430521 -1.5999999999999996
    endloop
  endfacet
  facet normal 0 0 -1
    outer loop
      vertex 13.65 -32.25 -1.5999999999999996
      vertex 13.58525906994923 -31.75824381430521 -1.5999999999999996
      vertex 13.933226662889087 -30.418055312393363 -1.5999999999999996
    endloop
  endfacet
  facet normal 0 0 -1
    outer loop
      vertex 13.395448267190433 -31.3 -1.5999999999999996
      vertex 13.581944687606637 -30.066773337110913 -1.5999999999999996
      vertex 13.933226662889087 -30.418055312393363 -1.5999999999999996
    endloop
  endfacet
  facet normal 0 0 -1
    outer loop
      vertex 13.933226662889087 -34.08194468760664 -1.5999999999999996
      vertex 13.933226662889087 -30.418055312393363 -1.5999999999999996
      vertex 14.218172400785651 -30.825 -1.5999999999999996
    endloop
  endfacet
  facet normal 0 0 -1
    outer loop
      vertex 14.218172400785651 -33.675 -1.5999999999999996
      vertex 14.218172400785651 -30.825 -1.5999999999999996
      vertex 14.42812396923984 -31.275242591521845 -1.5999999999999996
    endloop
  endfacet
  facet normal -0.7071067811865511 -0.7071067811865439 0
    outer loop
      vertex 9.566773337110913 -34.08194468760664 -1.5999999999999996
      vertex 9.918055312393363 -34.43322666288909 -1.5999999999999996
      vertex 9.918055312393363 -34.43322666288909 15.968019032015818
    endloop
  endfacet
  facet normal -0.5735764363510393 -0.8191520442889967 0
    outer loop
      vertex 9.918055312393363 -34.43322666288909 -1.5999999999999996
      vertex 10.325 -34.71817240078565 -1.5999999999999996
      vertex 10.325 -34.71817240078565 15.590006973861644
    endloop
  endfacet
  facet normal -0.42261826174070755 -0.9063077870366462 0
    outer loop
      vertex 10.325 -34.71817240078565 -1.5999999999999996
      vertex 10.707854060526788 -34.89670018116503 0
      vertex 10.707854060526788 -34.89670018116503 14.889999999999999
    endloop
  endfacet
  facet normal -0.5735764363510488 0.8191520442889899 0
    outer loop
      vertex 9.918055312393363 -30.066773337110913 -1.5999999999999996
      vertex 9.918055312393363 -30.066773337110913 16.371532510892703
      vertex 10.325 -29.78182759921435 -1.5999999999999996
    endloop
  endfacet
  facet normal -0.42261826174069655 0.9063077870366513 0
    outer loop
      vertex 10.325 -29.78182759921435 -1.5999999999999996
      vertex 10.325 -29.78182759921435 16.371532510892703
      vertex 10.775242591521843 -29.571876030760162 -1.5999999999999996
    endloop
  endfacet
  facet normal -0.25881904510251874 0.965925826289069 0
    outer loop
      vertex 10.775242591521843 -29.571876030760162 -1.5999999999999996
      vertex 10.775242591521843 -29.571876030760162 16.371532510892703
      vertex 11.255102693649249 -29.44329790391521 -1.5999999999999996
    endloop
  endfacet
  facet normal -0.08715574274766452 0.996194698091745 0
    outer loop
      vertex 11.255102693649249 -29.44329790391521 -1.5999999999999996
      vertex 11.255102693649249 -29.44329790391521 16.371532510892703
      vertex 11.75 -29.4 -1.5999999999999996
    endloop
  endfacet
  facet normal 0.08715574274766452 0.996194698091745 0
    outer loop
      vertex 11.75 -29.4 -1.5999999999999996
      vertex 11.75 -29.4 16.371532510892703
      vertex 12.244897306350751 -29.44329790391521 -1.5999999999999996
    endloop
  endfacet
  facet normal 0.5735764363510392 -0.8191520442889967 -1.750848654603452e-17
    outer loop
      vertex 13.175 -34.71817240078565 -1.5999999999999996
      vertex 13.581944687606637 -34.43322666288909 -1.5999999999999996
      vertex 13.547939317259795 -34.45703747954556 15.95066017177982
    endloop
  endfacet
  facet normal 0.7071067811865511 -0.7071067811865439 0
    outer loop
      vertex 13.581944687606637 -34.43322666288909 -1.5999999999999996
      vertex 13.933226662889087 -34.08194468760664 -1.5999999999999996
      vertex 13.581944687606637 -34.43322666288909 15.968019032015818
    endloop
  endfacet
  facet normal 0.8191520442889922 -0.5735764363510454 0
    outer loop
      vertex 13.933226662889087 -34.08194468760664 -1.5999999999999996
      vertex 14.218172400785651 -33.675 -1.5999999999999996
      vertex 13.933226662889087 -34.08194468760664 16.224115024031935
    endloop
  endfacet
  facet normal 0.42261826174070755 -0.9063077870366462 0
    outer loop
      vertex 13.175 -34.71817240078565 -1.5999999999999996
      vertex 13.175 -34.71817240078565 15.590006973861644
      vertex 12.792145939473212 -34.89670018116503 0
    endloop
  endfacet
  facet normal 0.9063077870366493 -0.4226182617407009 0
    outer loop
      vertex 14.218172400785651 -33.675 -1.5999999999999996
      vertex 14.42812396923984 -33.224757408478155 -1.5999999999999996
      vertex 14.218172400785651 -33.675 16.358116321273794
    endloop
  endfacet
  facet normal 0.9659258262890686 -0.2588190451025196 0
    outer loop
      vertex 14.42812396923984 -33.224757408478155 -1.5999999999999996
      vertex 14.556702096084793 -32.74489730635075 -1.5999999999999996
      vertex 14.556702096084793 -32.74489730635075 16.371532510892703
    endloop
  endfacet
  facet normal 0.9961946980917455 -0.08715574274765743 0
    outer loop
      vertex 14.556702096084793 -32.74489730635075 -1.5999999999999996
      vertex 14.6 -32.25 -1.5999999999999996
      vertex 14.6 -32.25 16.371532510892703
    endloop
  endfacet
  facet normal 0.5735764363510488 0.8191520442889899 0
    outer loop
      vertex 13.175 -29.78182759921435 -1.5999999999999996
      vertex 13.175 -29.78182759921435 16.371532510892703
      vertex 13.581944687606637 -30.066773337110913 -1.5999999999999996
    endloop
  endfacet
  facet normal 0.25881904510251874 0.965925826289069 0
    outer loop
      vertex 12.244897306350751 -29.44329790391521 -1.5999999999999996
      vertex 12.244897306350751 -29.44329790391521 16.371532510892703
      vertex 12.724757408478157 -29.571876030760162 -1.5999999999999996
    endloop
  endfacet
  facet normal 0.42261826174069655 0.9063077870366513 0
    outer loop
      vertex 13.175 -29.78182759921435 -1.5999999999999996
      vertex 12.724757408478157 -29.571876030760162 -1.5999999999999996
      vertex 12.724757408478157 -29.571876030760162 16.371532510892703
    endloop
  endfacet
  facet normal 0.7071067811865476 0.7071067811865476 0
    outer loop
      vertex 13.581944687606637 -30.066773337110913 -1.5999999999999996
      vertex 13.581944687606637 -30.066773337110913 16.371532510892703
      vertex 13.933226662889087 -30.418055312393363 -1.5999999999999996
    endloop
  endfacet
  facet normal 0.9063077870366506 0.4226182617406982 0
    outer loop
      vertex 14.218172400785651 -30.825 -1.5999999999999996
      vertex 14.218172400785651 -30.825 16.371532510892703
      vertex 14.42812396923984 -31.275242591521845 -1.5999999999999996
    endloop
  endfacet
  facet normal 0.9659258262890686 0.2588190451025196 0
    outer loop
      vertex 14.556702096084793 -31.75510269364925 -1.5999999999999996
      vertex 14.42812396923984 -31.275242591521845 -1.5999999999999996
      vertex 14.42812396923984 -31.275242591521845 16.371532510892703
    endloop
  endfacet
  facet normal 0.9961946980917455 0.08715574274765743 0
    outer loop
      vertex 14.6 -32.25 -1.5999999999999996
      vertex 14.556702096084793 -31.75510269364925 -1.5999999999999996
      vertex 14.556702096084793 -31.75510269364925 16.371532510892703
    endloop
  endfacet
  facet normal 0.8191520442889899 0.5735764363510488 0
    outer loop
      vertex 13.933226662889087 -30.418055312393363 -1.5999999999999996
      vertex 13.933226662889087 -30.418055312393363 16.371532510892703
      vertex 14.218172400785651 -30.825 -1.5999999999999996
    endloop
  endfacet
  facet normal -0.9063077870366498 -0.4226182617406997 0
    outer loop
      vertex 9.07187603076016 -33.224757408478155 -1.5999999999999996
      vertex 9.262639152415638 -33.63385024304633 16.371532510892703
      vertex 9.07187603076016 -33.224757408478155 16.371532510892703
    endloop
  endfacet
  facet normal -0.9659258262890686 -0.2588190451025196 0
    outer loop
      vertex 8.943297903915207 -32.74489730635075 -1.5999999999999996
      vertex 9.07187603076016 -33.224757408478155 16.371532510892703
      vertex 8.943297903915207 -32.74489730635075 16.371532510892703
    endloop
  endfacet
  facet normal -0.9961946980917455 -0.08715574274765743 0
    outer loop
      vertex 8.9 -32.25 -1.5999999999999996
      vertex 8.943297903915207 -32.74489730635075 16.371532510892703
      vertex 8.9 -32.25 16.371532510892703
    endloop
  endfacet
  facet normal -0.906307787036644 -0.42261826174071193 0
    outer loop
      vertex 9.281827599214349 -33.675 -1.5999999999999996
      vertex 9.281827599214349 -33.675 16.358116321273794
      vertex 9.262639152415638 -33.63385024304633 16.371532510892703
    endloop
  endfacet
  facet normal -0.8191520442889915 -0.5735764363510466 0
    outer loop
      vertex 9.281827599214349 -33.675 -1.5999999999999996
      vertex 9.564473260667885 -34.07865983801917 16.22650978628255
      vertex 9.281827599214349 -33.675 16.358116321273794
    endloop
  endfacet
  facet normal -0.7071067811865511 -0.7071067811865439 0
    outer loop
      vertex 9.566773337110913 -34.08194468760664 -1.5999999999999996
      vertex 9.918055312393363 -34.43322666288909 15.968019032015818
      vertex 9.566773337110913 -34.08194468760664 16.22411502403194
    endloop
  endfacet
  facet normal -0.8191520442890938 -0.5735764363509003 0
    outer loop
      vertex 9.566773337110913 -34.08194468760664 -1.5999999999999996
      vertex 9.566773337110913 -34.08194468760664 16.22411502403194
      vertex 9.564473260667885 -34.07865983801917 16.22650978628255
    endloop
  endfacet
  facet normal -0.9961946980917455 0.08715574274765743 0
    outer loop
      vertex 8.943297903915207 -31.75510269364925 -1.5999999999999996
      vertex 8.9 -32.25 16.371532510892703
      vertex 8.943297903915207 -31.75510269364925 16.371532510892703
    endloop
  endfacet
  facet normal -0.9659258262890686 0.2588190451025196 0
    outer loop
      vertex 9.07187603076016 -31.275242591521845 -1.5999999999999996
      vertex 8.943297903915207 -31.75510269364925 16.371532510892703
      vertex 9.07187603076016 -31.275242591521845 16.371532510892703
    endloop
  endfacet
  facet normal -0.9063077870366506 0.4226182617406982 0
    outer loop
      vertex 9.281827599214349 -30.825 -1.5999999999999996
      vertex 9.07187603076016 -31.275242591521845 16.371532510892703
      vertex 9.281827599214349 -30.825 16.371532510892703
    endloop
  endfacet
  facet normal -0.8191520442889899 0.5735764363510488 0
    outer loop
      vertex 9.566773337110913 -30.418055312393363 -1.5999999999999996
      vertex 9.281827599214349 -30.825 16.371532510892703
      vertex 9.566773337110913 -30.418055312393363 16.371532510892703
    endloop
  endfacet
  facet normal -0.42261826174070527 -0.9063077870366472 0
    outer loop
      vertex 10.325 -34.71817240078565 -1.5999999999999996
      vertex 10.354535279411225 -34.73194492776085 15.570985749609319
      vertex 10.325 -34.71817240078565 15.590006973861644
    endloop
  endfacet
  facet normal -0.5735764363510387 -0.8191520442889971 -1.9285911371034064e-17
    outer loop
      vertex 9.918055312393363 -34.43322666288909 -1.5999999999999996
      vertex 10.325 -34.71817240078565 15.590006973861644
      vertex 9.952060682740205 -34.45703747954556 15.95066017177982
    endloop
  endfacet
  facet normal -0.4226182617407077 -0.9063077870366462 7.810653158452048e-18
    outer loop
      vertex 10.325 -34.71817240078565 -1.5999999999999996
      vertex 10.707854060526788 -34.89670018116503 14.889999999999999
      vertex 10.664475285654945 -34.87647232624091 15.124651697560346
    endloop
  endfacet
  facet normal -0.4226182617407077 -0.906307787036646 5.156995208808789e-18
    outer loop
      vertex 10.325 -34.71817240078565 -1.5999999999999996
      vertex 10.664475285654945 -34.87647232624091 15.124651697560346
      vertex 10.354535279411225 -34.73194492776085 15.570985749609319
    endloop
  endfacet
  facet normal -0.5735764363510454 -0.8191520442889924 0
    outer loop
      vertex 9.918055312393363 -34.43322666288909 -1.5999999999999996
      vertex 9.952060682740205 -34.45703747954556 15.95066017177982
      vertex 9.918055312393363 -34.43322666288909 15.968019032015818
    endloop
  endfacet
  facet normal -0.7071067811865476 0.7071067811865476 0
    outer loop
      vertex 9.918055312393363 -30.066773337110913 -1.5999999999999996
      vertex 9.566773337110913 -30.418055312393363 16.371532510892703
      vertex 9.918055312393363 -30.066773337110913 16.371532510892703
    endloop
  endfacet
  facet normal -0.5735764363510488 0.8191520442889899 0
    outer loop
      vertex 10.325 -29.78182759921435 -1.5999999999999996
      vertex 9.918055312393363 -30.066773337110913 16.371532510892703
      vertex 10.325 -29.78182759921435 16.371532510892703
    endloop
  endfacet
  facet normal -0.42261826174069655 0.9063077870366513 0
    outer loop
      vertex 10.775242591521843 -29.571876030760162 -1.5999999999999996
      vertex 10.325 -29.78182759921435 16.371532510892703
      vertex 10.775242591521843 -29.571876030760162 16.371532510892703
    endloop
  endfacet
  facet normal -0.25881904510251874 0.965925826289069 0
    outer loop
      vertex 11.255102693649249 -29.44329790391521 -1.5999999999999996
      vertex 10.775242591521843 -29.571876030760162 16.371532510892703
      vertex 11.255102693649249 -29.44329790391521 16.371532510892703
    endloop
  endfacet
  facet normal -0.08715574274766452 0.996194698091745 0
    outer loop
      vertex 11.75 -29.4 -1.5999999999999996
      vertex 11.255102693649249 -29.44329790391521 16.371532510892703
      vertex 11.75 -29.4 16.371532510892703
    endloop
  endfacet
  facet normal 0.08715574274766452 0.996194698091745 0
    outer loop
      vertex 12.244897306350751 -29.44329790391521 -1.5999999999999996
      vertex 11.75 -29.4 16.371532510892703
      vertex 12.244897306350751 -29.44329790391521 16.371532510892703
    endloop
  endfacet
  facet normal 0.5735764363510386 -0.819152044288997 0
    outer loop
      vertex 13.175 -34.71817240078565 -1.5999999999999996
      vertex 13.547939317259795 -34.45703747954556 15.95066017177982
      vertex 13.175 -34.71817240078565 15.590006973861644
    endloop
  endfacet
  facet normal 0.4226182617407076 -0.9063077870366462 0
    outer loop
      vertex 12.792145939473212 -34.89670018116503 0
      vertex 13.175 -34.71817240078565 15.590006973861644
      vertex 12.792145939473212 -34.89670018116503 14.889999999999999
    endloop
  endfacet
  facet normal 0.5735764363510454 -0.8191520442889924 0
    outer loop
      vertex 13.581944687606637 -34.43322666288909 -1.5999999999999996
      vertex 13.581944687606637 -34.43322666288909 15.968019032015818
      vertex 13.547939317259795 -34.45703747954556 15.95066017177982
    endloop
  endfacet
  facet normal 0.7071067811865511 -0.707106781186544 0
    outer loop
      vertex 13.933226662889087 -34.08194468760664 -1.5999999999999996
      vertex 13.933226662889087 -34.08194468760664 16.224115024031935
      vertex 13.581944687606637 -34.43322666288909 15.968019032015818
    endloop
  endfacet
  facet normal 0.819152044289093 -0.5735764363509017 4.965528421883113e-15
    outer loop
      vertex 14.218172400785651 -33.675 -1.5999999999999996
      vertex 13.935526739332115 -34.07865983801917 16.22650978628255
      vertex 13.933226662889087 -34.08194468760664 16.224115024031935
    endloop
  endfacet
  facet normal 0.8191520442889915 -0.5735764363510466 0
    outer loop
      vertex 14.218172400785651 -33.675 -1.5999999999999996
      vertex 14.218172400785651 -33.675 16.358116321273794
      vertex 13.935526739332115 -34.07865983801917 16.22650978628255
    endloop
  endfacet
  facet normal 0.906307787036644 -0.42261826174071204 -3.3764653406481655e-16
    outer loop
      vertex 14.42812396923984 -33.224757408478155 -1.5999999999999996
      vertex 14.237360847584362 -33.63385024304633 16.371532510892703
      vertex 14.218172400785651 -33.675 16.358116321273794
    endloop
  endfacet
  facet normal 0.9063077870366498 -0.4226182617406997 0
    outer loop
      vertex 14.42812396923984 -33.224757408478155 -1.5999999999999996
      vertex 14.42812396923984 -33.224757408478155 16.371532510892703
      vertex 14.237360847584362 -33.63385024304633 16.371532510892703
    endloop
  endfacet
  facet normal 0.9659258262890686 -0.2588190451025196 0
    outer loop
      vertex 14.42812396923984 -33.224757408478155 -1.5999999999999996
      vertex 14.556702096084793 -32.74489730635075 16.371532510892703
      vertex 14.42812396923984 -33.224757408478155 16.371532510892703
    endloop
  endfacet
  facet normal 0.9961946980917455 -0.08715574274765743 0
    outer loop
      vertex 14.556702096084793 -32.74489730635075 -1.5999999999999996
      vertex 14.6 -32.25 16.371532510892703
      vertex 14.556702096084793 -32.74489730635075 16.371532510892703
    endloop
  endfacet
  facet normal 0.9961946980917455 0.08715574274765743 0
    outer loop
      vertex 14.6 -32.25 -1.5999999999999996
      vertex 14.556702096084793 -31.75510269364925 16.371532510892703
      vertex 14.6 -32.25 16.371532510892703
    endloop
  endfacet
  facet normal 0.42261826174069655 0.9063077870366513 0
    outer loop
      vertex 13.175 -29.78182759921435 -1.5999999999999996
      vertex 12.724757408478157 -29.571876030760162 16.371532510892703
      vertex 13.175 -29.78182759921435 16.371532510892703
    endloop
  endfacet
  facet normal 0.25881904510251874 0.965925826289069 0
    outer loop
      vertex 12.724757408478157 -29.571876030760162 -1.5999999999999996
      vertex 12.244897306350751 -29.44329790391521 16.371532510892703
      vertex 12.724757408478157 -29.571876030760162 16.371532510892703
    endloop
  endfacet
  facet normal 0.5735764363510488 0.8191520442889899 0
    outer loop
      vertex 13.581944687606637 -30.066773337110913 -1.5999999999999996
      vertex 13.175 -29.78182759921435 16.371532510892703
      vertex 13.581944687606637 -30.066773337110913 16.371532510892703
    endloop
  endfacet
  facet normal 0.7071067811865476 0.7071067811865476 0
    outer loop
      vertex 13.933226662889087 -30.418055312393363 -1.5999999999999996
      vertex 13.581944687606637 -30.066773337110913 16.371532510892703
      vertex 13.933226662889087 -30.418055312393363 16.371532510892703
    endloop
  endfacet
  facet normal 0.9659258262890686 0.2588190451025196 0
    outer loop
      vertex 14.556702096084793 -31.75510269364925 -1.5999999999999996
      vertex 14.42812396923984 -31.275242591521845 16.371532510892703
      vertex 14.556702096084793 -31.75510269364925 16.371532510892703
    endloop
  endfacet
  facet normal 0.9063077870366506 0.4226182617406982 0
    outer loop
      vertex 14.42812396923984 -31.275242591521845 -1.5999999999999996
      vertex 14.218172400785651 -30.825 16.371532510892703
      vertex 14.42812396923984 -31.275242591521845 16.371532510892703
    endloop
  endfacet
  facet normal 0.8191520442889899 0.5735764363510488 0
    outer loop
      vertex 14.218172400785651 -30.825 -1.5999999999999996
      vertex 13.933226662889087 -30.418055312393363 16.371532510892703
      vertex 14.218172400785651 -30.825 16.371532510892703
    endloop
  endfacet
  facet normal 0.42261826174070777 -0.906307787036646 -2.9460292137465356e-17
    outer loop
      vertex 12.792145939473212 -34.89670018116503 14.889999999999999
      vertex 13.145464720588775 -34.73194492776085 15.570985749609319
      vertex 12.835524714345055 -34.87647232624091 15.124651697560346
    endloop
  endfacet
  facet normal 0.422618261740704 -0.9063077870366477 2.817435466337552e-15
    outer loop
      vertex 12.792145939473212 -34.89670018116503 14.889999999999999
      vertex 13.175 -34.71817240078565 15.590006973861644
      vertex 13.145464720588775 -34.73194492776085 15.570985749609319
    endloop
  endfacet
  facet normal 0.9238795325112878 0.3826834323650873 0
    outer loop
      vertex -13.395448267190433 -33.2 -1.5999999999999996
      vertex -13.58525906994923 -32.74175618569479 -1.5999999999999996
      vertex -13.58525906994923 -32.74175618569479 16.371532510892703
    endloop
  endfacet
  facet normal 0.9914448613738103 0.13052619222005313 0
    outer loop
      vertex -13.58525906994923 -32.74175618569479 -1.5999999999999996
      vertex -13.65 -32.25 -1.5999999999999996
      vertex -13.65 -32.25 16.371532510892703
    endloop
  endfacet
  facet normal 0.9914448613738102 -0.13052619222005313 -1.8880148462171513e-17
    outer loop
      vertex -13.65 -32.25 -1.5999999999999996
      vertex -13.58525906994923 -31.75824381430521 -1.5999999999999996
      vertex -13.609156349793276 -31.93976167596357 17.294863430245698
    endloop
  endfacet
  facet normal 0.7933533402912347 0.6087614290087213 -4.4426402762881465e-17
    outer loop
      vertex -13.395448267190433 -33.2 -1.5999999999999996
      vertex -13.236574955313973 -33.40704773110472 17.293789943125642
      vertex -13.093502884254441 -33.59350288425444 -1.5999999999999996
    endloop
  endfacet
  facet normal 0.6087614290087157 0.793353340291239 -1.5691070516659533e-16
    outer loop
      vertex -13.093502884254441 -33.59350288425444 -1.5999999999999996
      vertex -13.030960125760789 -33.64149363074927 17.30132582285678
      vertex -12.7 -33.89544826719043 -1.5999999999999996
    endloop
  endfacet
  facet normal 0.38268343236509605 0.9238795325112843 9.329367947445348e-17
    outer loop
      vertex -12.7 -33.89544826719043 -1.5999999999999996
      vertex -12.506853493958465 -33.975452169517816 17.294147658919243
      vertex -12.24175618569479 -34.08525906994923 -1.5999999999999996
    endloop
  endfacet
  facet normal 0.9238795325112867 -0.38268343236508995 -8.880552564451758e-18
    outer loop
      vertex -13.58525906994923 -31.75824381430521 -1.5999999999999996
      vertex -13.395448267190433 -31.3 -1.5999999999999996
      vertex -13.415590447720746 -31.34862752541205 17.303848958466173
    endloop
  endfacet
  facet normal 0.7933533402912373 -0.6087614290087178 0
    outer loop
      vertex -13.395448267190433 -31.3 -1.5999999999999996
      vertex -13.093502884254441 -30.90649711574556 -1.5999999999999996
      vertex -13.093502884254441 -30.90649711574556 16.371532510892703
    endloop
  endfacet
  facet normal 0.6087614290087157 -0.7933533402912392 0
    outer loop
      vertex -13.093502884254441 -30.90649711574556 -1.5999999999999996
      vertex -12.7 -30.60455173280957 -1.5999999999999996
      vertex -12.7 -30.60455173280957 16.371532510892703
    endloop
  endfacet
  facet normal 0.38268343236509605 -0.9238795325112842 5.775323015085217e-17
    outer loop
      vertex -12.7 -30.60455173280957 -1.5999999999999996
      vertex -12.24175618569479 -30.41474093005077 -1.5999999999999996
      vertex -12.506853493958463 -30.524547830482184 17.29414765891924
    endloop
  endfacet
  facet normal 0.13052619222004608 0.9914448613738112 1.807944556024631e-16
    outer loop
      vertex -12.24175618569479 -34.08525906994923 -1.5999999999999996
      vertex -12.188069834461054 -34.09232701217551 16.216545971541386
      vertex -11.75 -34.15 -1.5999999999999996
    endloop
  endfacet
  facet normal -0.13052619222004608 0.991444861373811 7.701145850467681e-17
    outer loop
      vertex -11.75 -34.15 -1.5999999999999996
      vertex -11.695408673140095 -34.142812915472284 16.17974010503707
      vertex -11.25824381430521 -34.08525906994923 -1.5999999999999996
    endloop
  endfacet
  facet normal -0.382683432365096 0.9238795325112843 0
    outer loop
      vertex -11.25824381430521 -34.08525906994923 -1.5999999999999996
      vertex -11.25824381430521 -34.08525906994923 16.221698731441734
      vertex -10.8 -33.89544826719043 -1.5999999999999996
    endloop
  endfacet
  facet normal -0.6087614290087155 0.793353340291239 6.662064222674762e-17
    outer loop
      vertex -10.8 -33.89544826719043 -1.5999999999999996
      vertex -10.716723264630081 -33.83154778067031 17.29916759298901
      vertex -10.406497115745559 -33.59350288425444 -1.5999999999999996
    endloop
  endfacet
  facet normal -0.7933533402912347 0.6087614290087213 -4.4426402762881465e-17
    outer loop
      vertex -10.406497115745559 -33.59350288425444 -1.5999999999999996
      vertex -10.263425044686027 -33.40704773110472 17.293789943125642
      vertex -10.104551732809567 -33.2 -1.5999999999999996
    endloop
  endfacet
  facet normal -0.9238795325112878 0.3826834323650874 7.011936295681655e-17
    outer loop
      vertex -10.104551732809567 -33.2 -1.5999999999999996
      vertex -10.084409552279254 -33.15137247458796 17.30384895846617
      vertex -9.91474093005077 -32.74175618569479 -1.5999999999999996
    endloop
  endfacet
  facet normal -0.9914448613738102 0.13052619222005313 -4.349838126088535e-17
    outer loop
      vertex -9.91474093005077 -32.74175618569479 -1.5999999999999996
      vertex -9.890843650206724 -32.560238324036426 17.294863430245698
      vertex -9.85 -32.25 -1.5999999999999996
    endloop
  endfacet
  facet normal -0.9914448613738102 -0.13052619222005313 -1.8880148462171513e-17
    outer loop
      vertex -9.85 -32.25 -1.5999999999999996
      vertex -9.890843650206724 -31.93976167596357 17.294863430245698
      vertex -9.91474093005077 -31.75824381430521 -1.5999999999999996
    endloop
  endfacet
  facet normal 0.1305261922200461 -0.9914448613738112 8.514092580722255e-17
    outer loop
      vertex -12.24175618569479 -30.41474093005077 -1.5999999999999996
      vertex -11.75 -30.35 -1.5999999999999996
      vertex -11.905739520469554 -30.37050349684288 17.295937937371193
    endloop
  endfacet
  facet normal -0.1305261922200461 -0.9914448613738112 8.514092580722255e-17
    outer loop
      vertex -11.75 -30.35 -1.5999999999999996
      vertex -11.25824381430521 -30.41474093005077 -1.5999999999999996
      vertex -11.594260479530446 -30.37050349684288 17.295937937371193
    endloop
  endfacet
  facet normal -0.6087614290087157 -0.7933533402912392 0
    outer loop
      vertex -10.406497115745559 -30.90649711574556 -1.5999999999999996
      vertex -10.406497115745559 -30.90649711574556 16.371532510892703
      vertex -10.8 -30.60455173280957 -1.5999999999999996
    endloop
  endfacet
  facet normal -0.38268343236509594 -0.9238795325112842 0
    outer loop
      vertex -11.25824381430521 -30.41474093005077 -1.5999999999999996
      vertex -10.8 -30.60455173280957 -1.5999999999999996
      vertex -10.8 -30.60455173280957 16.371532510892703
    endloop
  endfacet
  facet normal -0.7933533402912373 -0.6087614290087178 0
    outer loop
      vertex -10.406497115745559 -30.90649711574556 -1.5999999999999996
      vertex -10.104551732809567 -31.3 -1.5999999999999996
      vertex -10.104551732809567 -31.3 16.371532510892703
    endloop
  endfacet
  facet normal -0.9238795325112867 -0.38268343236508984 0
    outer loop
      vertex -10.104551732809567 -31.3 -1.5999999999999996
      vertex -9.91474093005077 -31.75824381430521 -1.5999999999999996
      vertex -9.91474093005077 -31.75824381430521 16.371532510892703
    endloop
  endfacet
  facet normal 0.9914448613738103 0.13052619222005313 0
    outer loop
      vertex -13.58525906994923 -32.74175618569479 -1.5999999999999996
      vertex -13.65 -32.25 16.371532510892703
      vertex -13.58525906994923 -32.74175618569479 16.371532510892703
    endloop
  endfacet
  facet normal 0.9238795325112874 0.38268343236508817 -2.4655409561022733e-17
    outer loop
      vertex -13.395448267190433 -33.2 -1.5999999999999996
      vertex -13.58525906994923 -32.74175618569479 16.371532510892703
      vertex -13.535109170789505 -32.86282875239784 17.29737220266758
    endloop
  endfacet
  facet normal 0.9914448613738099 -0.13052619222005427 0
    outer loop
      vertex -13.65 -32.25 -1.5999999999999996
      vertex -13.609156349793276 -31.93976167596357 17.294863430245698
      vertex -13.65 -32.25 16.371532510892703
    endloop
  endfacet
  facet normal 0.1305261922201051 0.9914448613738034 0
    outer loop
      vertex -12.24175618569479 -34.08525906994923 -1.5999999999999996
      vertex -12.24175618569479 -34.08525906994923 16.221698731441734
      vertex -12.188069834461054 -34.09232701217551 16.216545971541386
    endloop
  endfacet
  facet normal 0.3826834323650903 0.9238795325112865 0
    outer loop
      vertex -12.24175618569479 -34.08525906994923 -1.5999999999999996
      vertex -12.506853493958465 -33.975452169517816 17.294147658919243
      vertex -12.24175618569479 -34.08525906994923 16.221698731441734
    endloop
  endfacet
  facet normal 0.6087614290087157 -0.7933533402912392 0
    outer loop
      vertex -13.093502884254441 -30.90649711574556 -1.5999999999999996
      vertex -12.7 -30.60455173280957 16.371532510892703
      vertex -13.093502884254441 -30.90649711574556 16.371532510892703
    endloop
  endfacet
  facet normal 0.7933533402912368 -0.6087614290087183 1.7787713521486684e-17
    outer loop
      vertex -13.395448267190433 -31.3 -1.5999999999999996
      vertex -13.093502884254441 -30.90649711574556 16.371532510892703
      vertex -13.236574955313973 -31.09295226889528 17.293789943125642
    endloop
  endfacet
  facet normal 0.3826834323651008 -0.9238795325112822 0
    outer loop
      vertex -12.7 -30.60455173280957 -1.5999999999999996
      vertex -12.506853493958463 -30.524547830482184 17.29414765891924
      vertex -12.7 -30.60455173280957 16.371532510892703
    endloop
  endfacet
  facet normal 0.1305261922200389 0.9914448613738123 0
    outer loop
      vertex -11.75 -34.15 -1.5999999999999996
      vertex -12.188069834461054 -34.09232701217551 16.216545971541386
      vertex -11.75 -34.15 17.316511704058072
    endloop
  endfacet
  facet normal -0.13052619221994124 0.991444861373825 -2.505142086687479e-16
    outer loop
      vertex -11.75 -34.15 -1.5999999999999996
      vertex -11.72327258200697 -34.14648126866715 17.312980913284647
      vertex -11.695408673140095 -34.142812915472284 16.17974010503707
    endloop
  endfacet
  facet normal -0.13052619222004916 0.9914448613738107 0
    outer loop
      vertex -11.25824381430521 -34.08525906994923 -1.5999999999999996
      vertex -11.695408673140095 -34.142812915472284 16.17974010503707
      vertex -11.25824381430521 -34.08525906994923 16.221698731441734
    endloop
  endfacet
  facet normal -0.3826834323650909 0.9238795325112862 1.5486190459458416e-16
    outer loop
      vertex -10.8 -33.89544826719043 -1.5999999999999996
      vertex -11.25824381430521 -34.08525906994923 16.221698731441734
      vertex -10.993146506041535 -33.975452169517816 17.294147658919243
    endloop
  endfacet
  facet normal -0.3826834323651004 -0.9238795325112823 1.2841418954344617e-16
    outer loop
      vertex -11.25824381430521 -30.41474093005077 -1.5999999999999996
      vertex -10.8 -30.60455173280957 16.371532510892703
      vertex -10.993146506041537 -30.524547830482184 17.29414765891924
    endloop
  endfacet
  facet normal -0.7933533402912369 -0.6087614290087184 0
    outer loop
      vertex -10.406497115745559 -30.90649711574556 -1.5999999999999996
      vertex -10.263425044686027 -31.09295226889528 17.293789943125642
      vertex -10.406497115745559 -30.90649711574556 16.371532510892703
    endloop
  endfacet
  facet normal -0.6087614290087157 -0.7933533402912392 0
    outer loop
      vertex -10.8 -30.60455173280957 -1.5999999999999996
      vertex -10.406497115745559 -30.90649711574556 16.371532510892703
      vertex -10.8 -30.60455173280957 16.371532510892703
    endloop
  endfacet
  facet normal -0.9238795325112867 -0.38268343236508984 0
    outer loop
      vertex -10.104551732809567 -31.3 -1.5999999999999996
      vertex -9.91474093005077 -31.75824381430521 16.371532510892703
      vertex -10.104551732809567 -31.3 16.371532510892703
    endloop
  endfacet
  facet normal -0.7933533402912377 -0.6087614290087173 1.752377660408823e-17
    outer loop
      vertex -10.406497115745559 -30.90649711574556 -1.5999999999999996
      vertex -10.104551732809567 -31.3 16.371532510892703
      vertex -10.263425044686027 -31.09295226889528 17.293789943125642
    endloop
  endfacet
  facet normal -0.9914448613738106 -0.13052619222005118 0
    outer loop
      vertex -9.91474093005077 -31.75824381430521 -1.5999999999999996
      vertex -9.890843650206724 -31.93976167596357 17.294863430245698
      vertex -9.91474093005077 -31.75824381430521 16.371532510892703
    endloop
  endfacet
  facet normal 0.9238795325112781 0.3826834323651106 0
    outer loop
      vertex -13.395448267190433 -33.2 -1.5999999999999996
      vertex -13.415590447720746 -33.15137247458796 17.30384895846617
      vertex -13.395448267190433 -33.2 17.31361669736577
    endloop
  endfacet
  facet normal 0.9238795325112896 0.382683432365083 8.329361688268838e-17
    outer loop
      vertex -13.395448267190433 -33.2 -1.5999999999999996
      vertex -13.535109170789505 -32.86282875239784 17.29737220266758
      vertex -13.415590447720746 -33.15137247458796 17.30384895846617
    endloop
  endfacet
  facet normal 0.7933533402912327 0.6087614290087239 0
    outer loop
      vertex -13.395448267190433 -33.2 -1.5999999999999996
      vertex -13.395448267190433 -33.2 17.31361669736577
      vertex -13.236574955313973 -33.40704773110472 17.293789943125642
    endloop
  endfacet
  facet normal 0.7933533402912368 0.6087614290087184 0
    outer loop
      vertex -13.093502884254441 -33.59350288425444 -1.5999999999999996
      vertex -13.236574955313973 -33.40704773110472 17.293789943125642
      vertex -13.093502884254441 -33.59350288425444 17.31488308242537
    endloop
  endfacet
  facet normal 0.6087614290087263 0.7933533402912307 1.417167107899918e-16
    outer loop
      vertex -12.7 -33.89544826719043 -1.5999999999999996
      vertex -13.030960125760789 -33.64149363074927 17.30132582285678
      vertex -12.783276735369919 -33.83154778067031 17.29916759298901
    endloop
  endfacet
  facet normal 0.6087614290086857 0.7933533402912619 0
    outer loop
      vertex -13.093502884254441 -33.59350288425444 -1.5999999999999996
      vertex -13.093502884254441 -33.59350288425444 17.31488308242537
      vertex -13.030960125760789 -33.64149363074927 17.30132582285678
    endloop
  endfacet
  facet normal 0.6087614290087061 0.7933533402912464 0
    outer loop
      vertex -12.7 -33.89544826719043 -1.5999999999999996
      vertex -12.783276735369919 -33.83154778067031 17.29916759298901
      vertex -12.7 -33.89544826719043 17.315787814957194
    endloop
  endfacet
  facet normal 0.3826834323651038 0.923879532511281 0
    outer loop
      vertex -12.7 -33.89544826719043 -1.5999999999999996
      vertex -12.7 -33.89544826719043 17.315787814957194
      vertex -12.506853493958465 -33.975452169517816 17.294147658919243
    endloop
  endfacet
  facet normal 0.9914448613738105 -0.13052619222005118 0
    outer loop
      vertex -13.58525906994923 -31.75824381430521 -1.5999999999999996
      vertex -13.58525906994923 -31.75824381430521 17.316330723192802
      vertex -13.609156349793276 -31.93976167596357 17.294863430245698
    endloop
  endfacet
  facet normal 0.9238795325112874 -0.3826834323650884 0
    outer loop
      vertex -13.58525906994923 -31.75824381430521 -1.5999999999999996
      vertex -13.535109170789505 -31.63717124760216 17.29737220266758
      vertex -13.58525906994923 -31.75824381430521 17.316330723192802
    endloop
  endfacet
  facet normal 0.9238795325112863 -0.38268343236509095 1.9989591914101683e-17
    outer loop
      vertex -13.58525906994923 -31.75824381430521 -1.5999999999999996
      vertex -13.415590447720746 -31.34862752541205 17.303848958466173
      vertex -13.535109170789505 -31.63717124760216 17.29737220266758
    endloop
  endfacet
  facet normal 0.923879532511288 -0.3826834323650868 0
    outer loop
      vertex -13.395448267190433 -31.3 -1.5999999999999996
      vertex -13.395448267190433 -31.3 17.313616697365774
      vertex -13.415590447720746 -31.34862752541205 17.303848958466173
    endloop
  endfacet
  facet normal 0.7933533402912378 -0.6087614290087173 0
    outer loop
      vertex -13.395448267190433 -31.3 -1.5999999999999996
      vertex -13.236574955313973 -31.09295226889528 17.293789943125642
      vertex -13.395448267190433 -31.3 17.313616697365774
    endloop
  endfacet
  facet normal 0.38268343236509245 -0.9238795325112855 0
    outer loop
      vertex -12.24175618569479 -30.41474093005077 -1.5999999999999996
      vertex -12.24175618569479 -30.41474093005077 17.31198890020857
      vertex -12.506853493958463 -30.524547830482184 17.29414765891924
    endloop
  endfacet
  facet normal 0.1305261922200648 -0.9914448613738086 0
    outer loop
      vertex -12.24175618569479 -30.41474093005077 -1.5999999999999996
      vertex -12.215622001119636 -30.41130029937904 17.306739422532853
      vertex -12.24175618569479 -30.41474093005077 17.31198890020857
    endloop
  endfacet
  facet normal -0.1305261922201155 0.991444861373802 0
    outer loop
      vertex -11.75 -34.15 -1.5999999999999996
      vertex -11.75 -34.15 17.316511704058072
      vertex -11.72327258200697 -34.14648126866715 17.312980913284647
    endloop
  endfacet
  facet normal -0.3826834323651038 0.923879532511281 0
    outer loop
      vertex -10.8 -33.89544826719043 -1.5999999999999996
      vertex -10.993146506041535 -33.975452169517816 17.294147658919243
      vertex -10.8 -33.89544826719043 17.315787814957194
    endloop
  endfacet
  facet normal -0.6087614290087061 0.7933533402912464 0
    outer loop
      vertex -10.8 -33.89544826719043 -1.5999999999999996
      vertex -10.8 -33.89544826719043 17.315787814957194
      vertex -10.716723264630081 -33.83154778067031 17.29916759298901
    endloop
  endfacet
  facet normal -0.6087614290087262 0.7933533402912307 -2.1312443394946135e-16
    outer loop
      vertex -10.406497115745559 -33.59350288425444 -1.5999999999999996
      vertex -10.716723264630081 -33.83154778067031 17.29916759298901
      vertex -10.469039874239211 -33.64149363074927 17.30132582285678
    endloop
  endfacet
  facet normal -0.6087614290086857 0.7933533402912619 0
    outer loop
      vertex -10.406497115745559 -33.59350288425444 -1.5999999999999996
      vertex -10.469039874239211 -33.64149363074927 17.30132582285678
      vertex -10.406497115745559 -33.59350288425444 17.31488308242537
    endloop
  endfacet
  facet normal -0.7933533402912368 0.6087614290087184 0
    outer loop
      vertex -10.406497115745559 -33.59350288425444 -1.5999999999999996
      vertex -10.406497115745559 -33.59350288425444 17.31488308242537
      vertex -10.263425044686027 -33.40704773110472 17.293789943125642
    endloop
  endfacet
  facet normal -0.7933533402912327 0.6087614290087239 0
    outer loop
      vertex -10.104551732809567 -33.2 -1.5999999999999996
      vertex -10.263425044686027 -33.40704773110472 17.293789943125642
      vertex -10.104551732809567 -33.2 17.31361669736577
    endloop
  endfacet
  facet normal -0.9238795325112781 0.3826834323651106 0
    outer loop
      vertex -10.104551732809567 -33.2 -1.5999999999999996
      vertex -10.104551732809567 -33.2 17.31361669736577
      vertex -10.084409552279254 -33.15137247458796 17.30384895846617
    endloop
  endfacet
  facet normal -0.9238795325112896 0.38268343236508295 -4.0567113002146686e-17
    outer loop
      vertex -9.91474093005077 -32.74175618569479 -1.5999999999999996
      vertex -10.084409552279254 -33.15137247458796 17.30384895846617
      vertex -9.964890829210495 -32.86282875239784 17.29737220266758
    endloop
  endfacet
  facet normal -0.9238795325112874 0.3826834323650884 0
    outer loop
      vertex -9.91474093005077 -32.74175618569479 -1.5999999999999996
      vertex -9.964890829210495 -32.86282875239784 17.29737220266758
      vertex -9.91474093005077 -32.74175618569479 17.316330723192802
    endloop
  endfacet
  facet normal -0.9914448613738108 0.1305261922200487 0
    outer loop
      vertex -9.91474093005077 -32.74175618569479 -1.5999999999999996
      vertex -9.91474093005077 -32.74175618569479 17.316330723192802
      vertex -9.890843650206724 -32.560238324036426 17.294863430245698
    endloop
  endfacet
  facet normal -0.9914448613738099 0.13052619222005574 0
    outer loop
      vertex -9.85 -32.25 -1.5999999999999996
      vertex -9.890843650206724 -32.560238324036426 17.294863430245698
      vertex -9.85 -32.25 17.31
    endloop
  endfacet
  facet normal -0.9914448613738102 -0.1305261922200543 0
    outer loop
      vertex -9.85 -32.25 -1.5999999999999996
      vertex -9.85 -32.25 17.31
      vertex -9.890843650206724 -31.93976167596357 17.294863430245698
    endloop
  endfacet
  facet normal 0.1305261922200496 -0.9914448613738106 2.1354884788012305e-17
    outer loop
      vertex -12.24175618569479 -30.41474093005077 -1.5999999999999996
      vertex -11.905739520469554 -30.37050349684288 17.295937937371193
      vertex -12.215622001119636 -30.41130029937904 17.306739422532853
    endloop
  endfacet
  facet normal 0.13052619222003592 -0.9914448613738124 0
    outer loop
      vertex -11.75 -30.35 -1.5999999999999996
      vertex -11.75 -30.35 17.316511704058072
      vertex -11.905739520469554 -30.37050349684288 17.295937937371193
    endloop
  endfacet
  facet normal -0.13052619222003592 -0.9914448613738124 0
    outer loop
      vertex -11.75 -30.35 -1.5999999999999996
      vertex -11.594260479530446 -30.37050349684288 17.295937937371193
      vertex -11.75 -30.35 17.316511704058072
    endloop
  endfacet
  facet normal -0.1305261922200496 -0.9914448613738106 2.1354884788012305e-17
    outer loop
      vertex -11.25824381430521 -30.41474093005077 -1.5999999999999996
      vertex -11.284377998880364 -30.41130029937904 17.306739422532853
      vertex -11.594260479530446 -30.37050349684288 17.295937937371193
    endloop
  endfacet
  facet normal -0.1305261922200648 -0.9914448613738086 0
    outer loop
      vertex -11.25824381430521 -30.41474093005077 -1.5999999999999996
      vertex -11.25824381430521 -30.41474093005077 17.31198890020857
      vertex -11.284377998880364 -30.41130029937904 17.306739422532853
    endloop
  endfacet
  facet normal -0.38268343236509245 -0.9238795325112855 0
    outer loop
      vertex -11.25824381430521 -30.41474093005077 -1.5999999999999996
      vertex -10.993146506041537 -30.524547830482184 17.29414765891924
      vertex -11.25824381430521 -30.41474093005077 17.31198890020857
    endloop
  endfacet
  facet normal 0.9914448613738097 -0.13052619222005596 0
    outer loop
      vertex -13.65 -32.25 16.371532510892703
      vertex -13.623647071308298 -32.049829633507656 17.300233660768487
      vertex -13.65 -32.25 16.556776475141028
    endloop
  endfacet
  facet normal 0.9238795325112873 0.38268343236508834 0
    outer loop
      vertex -13.58525906994923 -32.74175618569479 16.371532510892703
      vertex -13.58525906994923 -32.74175618569479 17.316330723192802
      vertex -13.535109170789505 -32.86282875239784 17.29737220266758
    endloop
  endfacet
  facet normal 0.9914448613738105 -0.13052619222005124 -1.0323105641173677e-15
    outer loop
      vertex -13.65 -32.25 16.371532510892703
      vertex -13.609156349793276 -31.93976167596357 17.294863430245698
      vertex -13.623647071308298 -32.049829633507656 17.300233660768487
    endloop
  endfacet
  facet normal 0.38268343236509034 0.9238795325112866 0
    outer loop
      vertex -12.24175618569479 -34.08525906994923 16.221698731441734
      vertex -12.506853493958465 -33.975452169517816 17.294147658919243
      vertex -12.24175618569479 -34.08525906994923 17.311988900208572
    endloop
  endfacet
  facet normal 0.7933533402912368 -0.6087614290087184 0
    outer loop
      vertex -13.093502884254441 -30.90649711574556 16.371532510892703
      vertex -13.093502884254441 -30.90649711574556 17.31488308242537
      vertex -13.236574955313973 -31.09295226889528 17.293789943125642
    endloop
  endfacet
  facet normal 0.3826834323651008 -0.9238795325112821 0
    outer loop
      vertex -12.7 -30.60455173280957 16.371532510892703
      vertex -12.506853493958463 -30.524547830482184 17.29414765891924
      vertex -12.7 -30.60455173280957 17.315787814957194
    endloop
  endfacet
  facet normal 0.13052619222004805 0.9914448613738108 -2.0143688689541726e-15
    outer loop
      vertex -12.188069834461054 -34.09232701217551 16.216545971541386
      vertex -12.21487466261085 -34.088798089602186 17.306713372767806
      vertex -11.905739520469554 -34.12949650315712 17.295937937371193
    endloop
  endfacet
  facet normal 0.13052619222003572 0.9914448613738125 1.2716684202949333e-15
    outer loop
      vertex -12.188069834461054 -34.09232701217551 16.216545971541386
      vertex -11.905739520469554 -34.12949650315712 17.295937937371193
      vertex -11.75 -34.15 17.316511704058072
    endloop
  endfacet
  facet normal -0.38268343236509034 0.9238795325112866 0
    outer loop
      vertex -11.25824381430521 -34.08525906994923 16.221698731441734
      vertex -11.25824381430521 -34.08525906994923 17.311988900208572
      vertex -10.993146506041535 -33.975452169517816 17.294147658919243
    endloop
  endfacet
  facet normal -0.7933533402912368 -0.6087614290087184 0
    outer loop
      vertex -10.406497115745559 -30.90649711574556 16.371532510892703
      vertex -10.263425044686027 -31.09295226889528 17.293789943125642
      vertex -10.406497115745559 -30.90649711574556 17.31488308242537
    endloop
  endfacet
  facet normal -0.3826834323651008 -0.9238795325112821 0
    outer loop
      vertex -10.8 -30.60455173280957 16.371532510892703
      vertex -10.8 -30.60455173280957 17.315787814957194
      vertex -10.993146506041537 -30.524547830482184 17.29414765891924
    endloop
  endfacet
  facet normal -0.7933533402912378 -0.6087614290087173 0
    outer loop
      vertex -10.104551732809567 -31.3 16.371532510892703
      vertex -10.104551732809567 -31.3 17.31361669736577
      vertex -10.263425044686027 -31.09295226889528 17.293789943125642
    endloop
  endfacet
  facet normal -0.9914448613738104 -0.13052619222005116 0
    outer loop
      vertex -9.91474093005077 -31.75824381430521 16.371532510892703
      vertex -9.890843650206724 -31.93976167596357 17.294863430245698
      vertex -9.91474093005077 -31.75824381430521 17.316330723192802
    endloop
  endfacet
  facet normal 0.9238795325112867 0.38268343236508984 0
    outer loop
      vertex -13.395448267190433 31.3 -1.5999999999999996
      vertex -13.58525906994923 31.75824381430521 -1.5999999999999996
      vertex -13.58525906994923 31.75824381430521 16.371532510892703
    endloop
  endfacet
  facet normal 0.6087614290087157 0.7933533402912392 0
    outer loop
      vertex -13.093502884254441 30.90649711574556 -1.5999999999999996
      vertex -13.093502884254441 30.90649711574556 16.371532510892703
      vertex -12.7 30.60455173280957 -1.5999999999999996
    endloop
  endfacet
  facet normal 0.7933533402912373 0.6087614290087178 8.88528055257624e-18
    outer loop
      vertex -13.395448267190433 31.3 -1.5999999999999996
      vertex -13.236574955313973 31.09295226889528 17.293789943125642
      vertex -13.093502884254441 30.90649711574556 -1.5999999999999996
    endloop
  endfacet
  facet normal 0.38268343236509594 0.9238795325112842 0
    outer loop
      vertex -12.7 30.60455173280957 -1.5999999999999996
      vertex -12.7 30.60455173280957 16.371532510892703
      vertex -12.24175618569479 30.41474093005077 -1.5999999999999996
    endloop
  endfacet
  facet normal 0.382683432365096 -0.9238795325112843 0
    outer loop
      vertex -12.7 33.89544826719043 -1.5999999999999996
      vertex -12.24175618569479 34.08525906994923 -1.5999999999999996
      vertex -12.24175618569479 34.08525906994923 16.221698731441734
    endloop
  endfacet
  facet normal 0.9914448613738103 0.13052619222005313 0
    outer loop
      vertex -13.58525906994923 31.75824381430521 -1.5999999999999996
      vertex -13.65 32.25 -1.5999999999999996
      vertex -13.65 32.25 16.371532510892703
    endloop
  endfacet
  facet normal 0.9914448613738103 -0.13052619222005313 0
    outer loop
      vertex -13.65 32.25 -1.5999999999999996
      vertex -13.58525906994923 32.74175618569479 -1.5999999999999996
      vertex -13.58525906994923 32.74175618569479 16.371532510892703
    endloop
  endfacet
  facet normal 0.9238795325112878 -0.3826834323650874 7.10444205156136e-17
    outer loop
      vertex -13.58525906994923 32.74175618569479 -1.5999999999999996
      vertex -13.395448267190433 33.2 -1.5999999999999996
      vertex -13.415590447720746 33.15137247458796 17.30384895846617
    endloop
  endfacet
  facet normal 0.7933533402912347 -0.6087614290087213 -4.4426402762881465e-17
    outer loop
      vertex -13.395448267190433 33.2 -1.5999999999999996
      vertex -13.093502884254441 33.59350288425444 -1.5999999999999996
      vertex -13.236574955313973 33.40704773110472 17.293789943125642
    endloop
  endfacet
  facet normal 0.6087614290087155 -0.793353340291239 6.662064222674762e-17
    outer loop
      vertex -13.093502884254441 33.59350288425444 -1.5999999999999996
      vertex -12.7 33.89544826719043 -1.5999999999999996
      vertex -12.783276735369919 33.83154778067031 17.29916759298901
    endloop
  endfacet
  facet normal 0.1305261922200461 0.9914448613738112 8.514092580722255e-17
    outer loop
      vertex -12.24175618569479 30.41474093005077 -1.5999999999999996
      vertex -11.905739520469554 30.37050349684288 17.295937937371193
      vertex -11.75 30.35 -1.5999999999999996
    endloop
  endfacet
  facet normal -0.1305261922200461 0.9914448613738112 8.514092580722255e-17
    outer loop
      vertex -11.75 30.35 -1.5999999999999996
      vertex -11.594260479530446 30.37050349684288 17.295937937371193
      vertex -11.25824381430521 30.41474093005077 -1.5999999999999996
    endloop
  endfacet
  facet normal -0.38268343236509605 0.9238795325112842 5.775323015085217e-17
    outer loop
      vertex -11.25824381430521 30.41474093005077 -1.5999999999999996
      vertex -10.993146506041537 30.524547830482184 17.29414765891924
      vertex -10.8 30.60455173280957 -1.5999999999999996
    endloop
  endfacet
  facet normal -0.6087614290087157 0.7933533402912392 0
    outer loop
      vertex -10.8 30.60455173280957 -1.5999999999999996
      vertex -10.8 30.60455173280957 16.371532510892703
      vertex -10.406497115745559 30.90649711574556 -1.5999999999999996
    endloop
  endfacet
  facet normal -0.7933533402912373 0.6087614290087178 0
    outer loop
      vertex -10.406497115745559 30.90649711574556 -1.5999999999999996
      vertex -10.406497115745559 30.90649711574556 16.371532510892703
      vertex -10.104551732809567 31.3 -1.5999999999999996
    endloop
  endfacet
  facet normal -0.9238795325112867 0.38268343236508984 0
    outer loop
      vertex -10.104551732809567 31.3 -1.5999999999999996
      vertex -10.104551732809567 31.3 16.371532510892703
      vertex -9.91474093005077 31.75824381430521 -1.5999999999999996
    endloop
  endfacet
  facet normal -0.9914448613738103 0.13052619222005313 0
    outer loop
      vertex -9.91474093005077 31.75824381430521 -1.5999999999999996
      vertex -9.91474093005077 31.75824381430521 16.371532510892703
      vertex -9.85 32.25 -1.5999999999999996
    endloop
  endfacet
  facet normal 0.13052619222004608 -0.991444861373811 7.710981285781178e-17
    outer loop
      vertex -12.24175618569479 34.08525906994923 -1.5999999999999996
      vertex -11.75 34.15 -1.5999999999999996
      vertex -11.804591326859905 34.142812915472284 16.17974010503707
    endloop
  endfacet
  facet normal -0.13052619222004608 -0.9914448613738112 1.8099075794296521e-16
    outer loop
      vertex -11.75 34.15 -1.5999999999999996
      vertex -11.25824381430521 34.08525906994923 -1.5999999999999996
      vertex -11.311930165538946 34.09232701217551 16.216545971541386
    endloop
  endfacet
  facet normal -0.38268343236509605 -0.9238795325112843 9.329367947445348e-17
    outer loop
      vertex -11.25824381430521 34.08525906994923 -1.5999999999999996
      vertex -10.8 33.89544826719043 -1.5999999999999996
      vertex -10.993146506041535 33.975452169517816 17.294147658919243
    endloop
  endfacet
  facet normal -0.6087614290087157 -0.793353340291239 -1.5691070516659533e-16
    outer loop
      vertex -10.8 33.89544826719043 -1.5999999999999996
      vertex -10.406497115745559 33.59350288425444 -1.5999999999999996
      vertex -10.469039874239211 33.64149363074927 17.30132582285678
    endloop
  endfacet
  facet normal -0.9238795325112877 -0.3826834323650873 -7.773146696137706e-18
    outer loop
      vertex -9.91474093005077 32.74175618569479 -1.5999999999999996
      vertex -9.964890829210495 32.86282875239784 17.29737220266758
      vertex -10.104551732809567 33.2 -1.5999999999999996
    endloop
  endfacet
  facet normal -0.9914448613738102 -0.13052619222005313 -4.3313281766158176e-17
    outer loop
      vertex -9.85 32.25 -1.5999999999999996
      vertex -9.890843650206724 32.560238324036426 17.294863430245698
      vertex -9.91474093005077 32.74175618569479 -1.5999999999999996
    endloop
  endfacet
  facet normal -0.7933533402912347 -0.6087614290087213 -4.4426402762881465e-17
    outer loop
      vertex -10.406497115745559 33.59350288425444 -1.5999999999999996
      vertex -10.104551732809567 33.2 -1.5999999999999996
      vertex -10.263425044686027 33.40704773110472 17.293789943125642
    endloop
  endfacet
  facet normal 0.9914448613738103 0.13052619222005313 0
    outer loop
      vertex -13.58525906994923 31.75824381430521 -1.5999999999999996
      vertex -13.65 32.25 16.371532510892703
      vertex -13.58525906994923 31.75824381430521 16.371532510892703
    endloop
  endfacet
  facet normal 0.9238795325112872 0.3826834323650886 3.944865529763641e-17
    outer loop
      vertex -13.395448267190433 31.3 -1.5999999999999996
      vertex -13.58525906994923 31.75824381430521 16.371532510892703
      vertex -13.535109170789505 31.63717124760216 17.29737220266758
    endloop
  endfacet
  facet normal 0.6087614290087157 0.7933533402912392 0
    outer loop
      vertex -12.7 30.60455173280957 -1.5999999999999996
      vertex -13.093502884254441 30.90649711574556 16.371532510892703
      vertex -12.7 30.60455173280957 16.371532510892703
    endloop
  endfacet
  facet normal 0.7933533402912369 0.6087614290087184 0
    outer loop
      vertex -13.093502884254441 30.90649711574556 -1.5999999999999996
      vertex -13.236574955313973 31.09295226889528 17.293789943125642
      vertex -13.093502884254441 30.90649711574556 16.371532510892703
    endloop
  endfacet
  facet normal 0.3826834323651004 0.9238795325112823 1.2841418954344617e-16
    outer loop
      vertex -12.24175618569479 30.41474093005077 -1.5999999999999996
      vertex -12.7 30.60455173280957 16.371532510892703
      vertex -12.506853493958463 30.524547830482184 17.29414765891924
    endloop
  endfacet
  facet normal 0.9914448613738103 -0.13052619222005313 0
    outer loop
      vertex -13.65 32.25 -1.5999999999999996
      vertex -13.58525906994923 32.74175618569479 16.371532510892703
      vertex -13.65 32.25 16.371532510892703
    endloop
  endfacet
  facet normal 0.923879532511289 -0.3826834323650846 0
    outer loop
      vertex -13.58525906994923 32.74175618569479 -1.5999999999999996
      vertex -13.415590447720746 33.15137247458796 17.30384895846617
      vertex -13.58525906994923 32.74175618569479 16.371532510892703
    endloop
  endfacet
  facet normal 0.3826834323650909 -0.9238795325112862 1.5486190459458416e-16
    outer loop
      vertex -12.7 33.89544826719043 -1.5999999999999996
      vertex -12.24175618569479 34.08525906994923 16.221698731441734
      vertex -12.506853493958465 33.975452169517816 17.294147658919243
    endloop
  endfacet
  facet normal -0.3826834323651008 0.9238795325112822 0
    outer loop
      vertex -10.8 30.60455173280957 -1.5999999999999996
      vertex -10.993146506041537 30.524547830482184 17.29414765891924
      vertex -10.8 30.60455173280957 16.371532510892703
    endloop
  endfacet
  facet normal -0.6087614290087157 0.7933533402912392 0
    outer loop
      vertex -10.406497115745559 30.90649711574556 -1.5999999999999996
      vertex -10.8 30.60455173280957 16.371532510892703
      vertex -10.406497115745559 30.90649711574556 16.371532510892703
    endloop
  endfacet
  facet normal -0.9238795325112867 0.38268343236508984 0
    outer loop
      vertex -9.91474093005077 31.75824381430521 -1.5999999999999996
      vertex -10.104551732809567 31.3 16.371532510892703
      vertex -9.91474093005077 31.75824381430521 16.371532510892703
    endloop
  endfacet
  facet normal -0.7933533402912368 0.6087614290087183 1.7787713521486684e-17
    outer loop
      vertex -10.104551732809567 31.3 -1.5999999999999996
      vertex -10.406497115745559 30.90649711574556 16.371532510892703
      vertex -10.263425044686027 31.09295226889528 17.293789943125642
    endloop
  endfacet
  facet normal -0.7933533402912378 0.6087614290087173 0
    outer loop
      vertex -10.104551732809567 31.3 -1.5999999999999996
      vertex -10.263425044686027 31.09295226889528 17.293789943125642
      vertex -10.104551732809567 31.3 16.371532510892703
    endloop
  endfacet
  facet normal 0.13052619222004916 -0.9914448613738107 0
    outer loop
      vertex -12.24175618569479 34.08525906994923 -1.5999999999999996
      vertex -11.804591326859905 34.142812915472284 16.17974010503707
      vertex -12.24175618569479 34.08525906994923 16.221698731441734
    endloop
  endfacet
  facet normal 0.13052619221994124 -0.991444861373825 -2.505142086687479e-16
    outer loop
      vertex -11.75 34.15 -1.5999999999999996
      vertex -11.77672741799303 34.14648126866715 17.312980913284647
      vertex -11.804591326859905 34.142812915472284 16.17974010503707
    endloop
  endfacet
  facet normal -0.1305261922200389 -0.9914448613738123 0
    outer loop
      vertex -11.75 34.15 -1.5999999999999996
      vertex -11.311930165538946 34.09232701217551 16.216545971541386
      vertex -11.75 34.15 17.316511704058072
    endloop
  endfacet
  facet normal -0.1305261922201051 -0.9914448613738034 0
    outer loop
      vertex -11.25824381430521 34.08525906994923 -1.5999999999999996
      vertex -11.25824381430521 34.08525906994923 16.221698731441734
      vertex -11.311930165538946 34.09232701217551 16.216545971541386
    endloop
  endfacet
  facet normal -0.3826834323650903 -0.9238795325112865 0
    outer loop
      vertex -11.25824381430521 34.08525906994923 -1.5999999999999996
      vertex -10.993146506041535 33.975452169517816 17.294147658919243
      vertex -11.25824381430521 34.08525906994923 16.221698731441734
    endloop
  endfacet
  facet normal -0.9914448613738107 0.13052619222004927 -1.0829656553391634e-16
    outer loop
      vertex -9.85 32.25 -1.5999999999999996
      vertex -9.91474093005077 31.75824381430521 16.371532510892703
      vertex -9.890843650206724 31.939761675963574 17.294863430245698
    endloop
  endfacet
  facet normal 0.923879532511288 0.3826834323650868 0
    outer loop
      vertex -13.395448267190433 31.3 -1.5999999999999996
      vertex -13.415590447720746 31.34862752541205 17.303848958466173
      vertex -13.395448267190433 31.3 17.313616697365774
    endloop
  endfacet
  facet normal 0.9238795325112862 0.38268343236509095 -1.2927404383909576e-17
    outer loop
      vertex -13.395448267190433 31.3 -1.5999999999999996
      vertex -13.535109170789505 31.63717124760216 17.29737220266758
      vertex -13.415590447720746 31.34862752541205 17.303848958466173
    endloop
  endfacet
  facet normal 0.7933533402912378 0.6087614290087173 0
    outer loop
      vertex -13.395448267190433 31.3 -1.5999999999999996
      vertex -13.395448267190433 31.3 17.313616697365774
      vertex -13.236574955313973 31.09295226889528 17.293789943125642
    endloop
  endfacet
  facet normal 0.38268343236509245 0.9238795325112855 0
    outer loop
      vertex -12.24175618569479 30.41474093005077 -1.5999999999999996
      vertex -12.506853493958463 30.524547830482184 17.29414765891924
      vertex -12.24175618569479 30.41474093005077 17.31198890020857
    endloop
  endfacet
  facet normal 0.1305261922200648 0.9914448613738086 0
    outer loop
      vertex -12.24175618569479 30.41474093005077 -1.5999999999999996
      vertex -12.24175618569479 30.41474093005077 17.31198890020857
      vertex -12.215622001119636 30.41130029937904 17.306739422532853
    endloop
  endfacet
  facet normal 0.9238795325112781 -0.3826834323651106 0
    outer loop
      vertex -13.395448267190433 33.2 -1.5999999999999996
      vertex -13.395448267190433 33.2 17.31361669736577
      vertex -13.415590447720746 33.15137247458796 17.30384895846617
    endloop
  endfacet
  facet normal 0.7933533402912327 -0.6087614290087239 0
    outer loop
      vertex -13.395448267190433 33.2 -1.5999999999999996
      vertex -13.236574955313973 33.40704773110472 17.293789943125642
      vertex -13.395448267190433 33.2 17.31361669736577
    endloop
  endfacet
  facet normal 0.7933533402912368 -0.6087614290087184 0
    outer loop
      vertex -13.093502884254441 33.59350288425444 -1.5999999999999996
      vertex -13.093502884254441 33.59350288425444 17.31488308242537
      vertex -13.236574955313973 33.40704773110472 17.293789943125642
    endloop
  endfacet
  facet normal 0.6087614290086857 -0.7933533402912619 0
    outer loop
      vertex -13.093502884254441 33.59350288425444 -1.5999999999999996
      vertex -13.030960125760789 33.64149363074927 17.30132582285678
      vertex -13.093502884254441 33.59350288425444 17.31488308242537
    endloop
  endfacet
  facet normal 0.6087614290087262 -0.7933533402912307 -2.1312443394946135e-16
    outer loop
      vertex -13.093502884254441 33.59350288425444 -1.5999999999999996
      vertex -12.783276735369919 33.83154778067031 17.29916759298901
      vertex -13.030960125760789 33.64149363074927 17.30132582285678
    endloop
  endfacet
  facet normal 0.6087614290087061 -0.7933533402912464 0
    outer loop
      vertex -12.7 33.89544826719043 -1.5999999999999996
      vertex -12.7 33.89544826719043 17.315787814957194
      vertex -12.783276735369919 33.83154778067031 17.29916759298901
    endloop
  endfacet
  facet normal 0.3826834323651038 -0.923879532511281 0
    outer loop
      vertex -12.7 33.89544826719043 -1.5999999999999996
      vertex -12.506853493958465 33.975452169517816 17.294147658919243
      vertex -12.7 33.89544826719043 17.315787814957194
    endloop
  endfacet
  facet normal 0.1305261922200496 0.9914448613738106 2.1354884788012305e-17
    outer loop
      vertex -12.24175618569479 30.41474093005077 -1.5999999999999996
      vertex -12.215622001119636 30.41130029937904 17.306739422532853
      vertex -11.905739520469554 30.37050349684288 17.295937937371193
    endloop
  endfacet
  facet normal 0.13052619222003592 0.9914448613738124 0
    outer loop
      vertex -11.75 30.35 -1.5999999999999996
      vertex -11.905739520469554 30.37050349684288 17.295937937371193
      vertex -11.75 30.35 17.316511704058072
    endloop
  endfacet
  facet normal -0.13052619222003592 0.9914448613738124 0
    outer loop
      vertex -11.75 30.35 -1.5999999999999996
      vertex -11.75 30.35 17.316511704058072
      vertex -11.594260479530446 30.37050349684288 17.295937937371193
    endloop
  endfacet
  facet normal -0.1305261922200496 0.9914448613738106 2.1354884788012305e-17
    outer loop
      vertex -11.25824381430521 30.41474093005077 -1.5999999999999996
      vertex -11.594260479530446 30.37050349684288 17.295937937371193
      vertex -11.284377998880364 30.41130029937904 17.306739422532853
    endloop
  endfacet
  facet normal -0.1305261922200648 0.9914448613738086 0
    outer loop
      vertex -11.25824381430521 30.41474093005077 -1.5999999999999996
      vertex -11.284377998880364 30.41130029937904 17.306739422532853
      vertex -11.25824381430521 30.41474093005077 17.31198890020857
    endloop
  endfacet
  facet normal -0.38268343236509245 0.9238795325112855 0
    outer loop
      vertex -11.25824381430521 30.41474093005077 -1.5999999999999996
      vertex -11.25824381430521 30.41474093005077 17.31198890020857
      vertex -10.993146506041537 30.524547830482184 17.29414765891924
    endloop
  endfacet
  facet normal 0.1305261922201155 -0.991444861373802 0
    outer loop
      vertex -11.75 34.15 -1.5999999999999996
      vertex -11.75 34.15 17.316511704058072
      vertex -11.77672741799303 34.14648126866715 17.312980913284647
    endloop
  endfacet
  facet normal -0.3826834323651038 -0.923879532511281 0
    outer loop
      vertex -10.8 33.89544826719043 -1.5999999999999996
      vertex -10.8 33.89544826719043 17.315787814957194
      vertex -10.993146506041535 33.975452169517816 17.294147658919243
    endloop
  endfacet
  facet normal -0.6087614290087061 -0.7933533402912464 0
    outer loop
      vertex -10.8 33.89544826719043 -1.5999999999999996
      vertex -10.716723264630081 33.83154778067031 17.29916759298901
      vertex -10.8 33.89544826719043 17.315787814957194
    endloop
  endfacet
  facet normal -0.6087614290087263 -0.7933533402912307 1.417167107899918e-16
    outer loop
      vertex -10.8 33.89544826719043 -1.5999999999999996
      vertex -10.469039874239211 33.64149363074927 17.30132582285678
      vertex -10.716723264630081 33.83154778067031 17.29916759298901
    endloop
  endfacet
  facet normal -0.6087614290086857 -0.7933533402912619 0
    outer loop
      vertex -10.406497115745559 33.59350288425444 -1.5999999999999996
      vertex -10.406497115745559 33.59350288425444 17.31488308242537
      vertex -10.469039874239211 33.64149363074927 17.30132582285678
    endloop
  endfacet
  facet normal -0.7933533402912368 -0.6087614290087184 0
    outer loop
      vertex -10.406497115745559 33.59350288425444 -1.5999999999999996
      vertex -10.263425044686027 33.40704773110472 17.293789943125642
      vertex -10.406497115745559 33.59350288425444 17.31488308242537
    endloop
  endfacet
  facet normal -0.9238795325112883 -0.38268343236508623 1.659996244752029e-17
    outer loop
      vertex -10.104551732809567 33.2 -1.5999999999999996
      vertex -9.964890829210495 32.86282875239784 17.29737220266758
      vertex -10.084409552279253 33.15137247458795 17.30384895846617
    endloop
  endfacet
  facet normal -0.9914448613738099 0.13052619222005574 0
    outer loop
      vertex -9.85 32.25 -1.5999999999999996
      vertex -9.890843650206724 31.939761675963574 17.294863430245698
      vertex -9.85 32.25 17.31
    endloop
  endfacet
  facet normal -0.9914448613738099 -0.13052619222005574 0
    outer loop
      vertex -9.85 32.25 -1.5999999999999996
      vertex -9.85 32.25 17.31
      vertex -9.890843650206724 32.560238324036426 17.294863430245698
    endloop
  endfacet
  facet normal -0.9238795325112874 -0.3826834323650884 0
    outer loop
      vertex -9.91474093005077 32.74175618569479 -1.5999999999999996
      vertex -9.91474093005077 32.74175618569479 17.316330723192802
      vertex -9.964890829210495 32.86282875239784 17.29737220266758
    endloop
  endfacet
  facet normal -0.9914448613738108 -0.1305261922200487 0
    outer loop
      vertex -9.91474093005077 32.74175618569479 -1.5999999999999996
      vertex -9.890843650206724 32.560238324036426 17.294863430245698
      vertex -9.91474093005077 32.74175618569479 17.316330723192802
    endloop
  endfacet
  facet normal -0.7933533402912327 -0.6087614290087239 0
    outer loop
      vertex -10.104551732809567 33.2 -1.5999999999999996
      vertex -10.104551732809567 33.2 17.313616697365774
      vertex -10.263425044686027 33.40704773110472 17.293789943125642
    endloop
  endfacet
  facet normal -0.923879532511286 -0.3826834323650917 0
    outer loop
      vertex -10.104551732809567 33.2 -1.5999999999999996
      vertex -10.084409552279253 33.15137247458795 17.30384895846617
      vertex -10.104551732809567 33.2 17.313616697365774
    endloop
  endfacet
  facet normal 0.9238795325112873 0.38268343236508834 0
    outer loop
      vertex -13.58525906994923 31.75824381430521 16.371532510892703
      vertex -13.58525906994923 31.75824381430521 17.316330723192802
      vertex -13.535109170789505 31.63717124760216 17.29737220266758
    endloop
  endfacet
  facet normal 0.7933533402912368 0.6087614290087184 0
    outer loop
      vertex -13.093502884254441 30.90649711574556 16.371532510892703
      vertex -13.236574955313973 31.09295226889528 17.293789943125642
      vertex -13.093502884254441 30.90649711574556 17.31488308242537
    endloop
  endfacet
  facet normal 0.3826834323651008 0.9238795325112821 0
    outer loop
      vertex -12.7 30.60455173280957 16.371532510892703
      vertex -12.7 30.60455173280957 17.315787814957194
      vertex -12.506853493958463 30.524547830482184 17.29414765891924
    endloop
  endfacet
  facet normal 0.9238795325112873 -0.38268343236508834 0
    outer loop
      vertex -13.58525906994923 32.74175618569479 16.371532510892703
      vertex -13.535109170789505 32.86282875239784 17.29737220266758
      vertex -13.58525906994923 32.74175618569479 17.316330723192802
    endloop
  endfacet
  facet normal 0.9238795325112896 -0.38268343236508295 -8.303361228378553e-16
    outer loop
      vertex -13.58525906994923 32.74175618569479 16.371532510892703
      vertex -13.415590447720746 33.15137247458796 17.30384895846617
      vertex -13.535109170789505 32.86282875239784 17.29737220266758
    endloop
  endfacet
  facet normal 0.38268343236509034 -0.9238795325112866 0
    outer loop
      vertex -12.24175618569479 34.08525906994923 16.221698731441734
      vertex -12.24175618569479 34.08525906994923 17.311988900208572
      vertex -12.506853493958465 33.975452169517816 17.294147658919243
    endloop
  endfacet
  facet normal -0.3826834323651008 0.9238795325112821 0
    outer loop
      vertex -10.8 30.60455173280957 16.371532510892703
      vertex -10.993146506041537 30.524547830482184 17.29414765891924
      vertex -10.8 30.60455173280957 17.315787814957194
    endloop
  endfacet
  facet normal -0.7933533402912368 0.6087614290087184 0
    outer loop
      vertex -10.406497115745559 30.90649711574556 16.371532510892703
      vertex -10.406497115745559 30.90649711574556 17.31488308242537
      vertex -10.263425044686027 31.09295226889528 17.293789943125642
    endloop
  endfacet
  facet normal -0.7933533402912378 0.6087614290087173 0
    outer loop
      vertex -10.104551732809567 31.3 16.371532510892703
      vertex -10.263425044686027 31.09295226889528 17.293789943125642
      vertex -10.104551732809567 31.3 17.313616697365774
    endloop
  endfacet
  facet normal -0.9914448613738107 0.13052619222004866 0
    outer loop
      vertex -9.91474093005077 31.75824381430521 16.371532510892703
      vertex -9.91474093005077 31.75824381430521 17.316330723192802
      vertex -9.890843650206724 31.939761675963574 17.294863430245698
    endloop
  endfacet
  facet normal -0.13052619222003572 -0.9914448613738125 1.2716684202949333e-15
    outer loop
      vertex -11.311930165538946 34.09232701217551 16.216545971541386
      vertex -11.594260479530446 34.12949650315712 17.295937937371193
      vertex -11.75 34.15 17.316511704058072
    endloop
  endfacet
  facet normal -0.13052619222004805 -0.9914448613738108 -2.0143688689541726e-15
    outer loop
      vertex -11.311930165538946 34.09232701217551 16.216545971541386
      vertex -11.28512533738915 34.088798089602186 17.306713372767806
      vertex -11.594260479530446 34.12949650315712 17.295937937371193
    endloop
  endfacet
  facet normal -0.38268343236509034 -0.9238795325112866 0
    outer loop
      vertex -11.25824381430521 34.08525906994923 16.221698731441734
      vertex -10.993146506041535 33.975452169517816 17.294147658919243
      vertex -11.25824381430521 34.08525906994923 17.311988900208572
    endloop
  endfacet
  facet normal 0.9238795325112867 0.38268343236508984 0
    outer loop
      vertex 9.91474093005077 31.75824381430521 -1.5999999999999996
      vertex 9.91474093005077 31.75824381430521 16.371532510892703
      vertex 10.104551732809567 31.3 -1.5999999999999996
    endloop
  endfacet
  facet normal 0.7933533402912373 0.6087614290087178 0
    outer loop
      vertex 10.104551732809567 31.3 -1.5999999999999996
      vertex 10.104551732809567 31.3 16.371532510892703
      vertex 10.406497115745559 30.90649711574556 -1.5999999999999996
    endloop
  endfacet
  facet normal 0.38268343236509594 0.9238795325112842 0
    outer loop
      vertex 10.8 30.60455173280957 -1.5999999999999996
      vertex 10.8 30.60455173280957 16.371532510892703
      vertex 11.25824381430521 30.41474093005077 -1.5999999999999996
    endloop
  endfacet
  facet normal 0.6087614290087157 0.7933533402912392 0
    outer loop
      vertex 10.8 30.60455173280957 -1.5999999999999996
      vertex 10.406497115745559 30.90649711574556 -1.5999999999999996
      vertex 10.406497115745559 30.90649711574556 16.371532510892703
    endloop
  endfacet
  facet normal 0.1305261922200461 0.9914448613738112 8.514092580722255e-17
    outer loop
      vertex 11.25824381430521 30.41474093005077 -1.5999999999999996
      vertex 11.594260479530446 30.37050349684288 17.295937937371193
      vertex 11.75 30.35 -1.5999999999999996
    endloop
  endfacet
  facet normal -0.1305261922200461 0.9914448613738112 8.514092580722255e-17
    outer loop
      vertex 11.75 30.35 -1.5999999999999996
      vertex 11.905739520469554 30.37050349684288 17.295937937371193
      vertex 12.24175618569479 30.41474093005077 -1.5999999999999996
    endloop
  endfacet
  facet normal 0.382683432365096 -0.9238795325112843 0
    outer loop
      vertex 10.8 33.89544826719043 -1.5999999999999996
      vertex 11.25824381430521 34.08525906994923 -1.5999999999999996
      vertex 11.25824381430521 34.08525906994923 16.221698731441734
    endloop
  endfacet
  facet normal 0.13052619222004608 -0.991444861373811 7.710981285781178e-17
    outer loop
      vertex 11.25824381430521 34.08525906994923 -1.5999999999999996
      vertex 11.75 34.15 -1.5999999999999996
      vertex 11.695408673140095 34.142812915472284 16.179740105037073
    endloop
  endfacet
  facet normal -0.13052619222004608 -0.9914448613738112 1.8099075794296521e-16
    outer loop
      vertex 11.75 34.15 -1.5999999999999996
      vertex 12.24175618569479 34.08525906994923 -1.5999999999999996
      vertex 12.188069834461054 34.09232701217551 16.216545971541386
    endloop
  endfacet
  facet normal 0.9914448613738103 -0.13052619222005313 0
    outer loop
      vertex 9.85 32.25 -1.5999999999999996
      vertex 9.91474093005077 32.74175618569479 -1.5999999999999996
      vertex 9.91474093005077 32.74175618569479 16.371532510892703
    endloop
  endfacet
  facet normal 0.9914448613738102 0.13052619222005313 -1.9065247956898684e-17
    outer loop
      vertex 9.91474093005077 31.75824381430521 -1.5999999999999996
      vertex 9.85 32.25 -1.5999999999999996
      vertex 9.890843650206724 31.93976167596357 17.294863430245698
    endloop
  endfacet
  facet normal 0.9238795325112878 -0.3826834323650874 7.10444205156136e-17
    outer loop
      vertex 9.91474093005077 32.74175618569479 -1.5999999999999996
      vertex 10.104551732809567 33.2 -1.5999999999999996
      vertex 10.084409552279254 33.15137247458796 17.30384895846617
    endloop
  endfacet
  facet normal 0.7933533402912347 -0.6087614290087213 -4.4426402762881465e-17
    outer loop
      vertex 10.104551732809567 33.2 -1.5999999999999996
      vertex 10.406497115745559 33.59350288425444 -1.5999999999999996
      vertex 10.263425044686027 33.40704773110472 17.293789943125642
    endloop
  endfacet
  facet normal 0.6087614290087155 -0.793353340291239 6.662064222674762e-17
    outer loop
      vertex 10.406497115745559 33.59350288425444 -1.5999999999999996
      vertex 10.8 33.89544826719043 -1.5999999999999996
      vertex 10.716723264630081 33.83154778067031 17.29916759298901
    endloop
  endfacet
  facet normal -0.38268343236509605 0.9238795325112842 5.775323015085217e-17
    outer loop
      vertex 12.24175618569479 30.41474093005077 -1.5999999999999996
      vertex 12.506853493958463 30.524547830482184 17.29414765891924
      vertex 12.7 30.60455173280957 -1.5999999999999996
    endloop
  endfacet
  facet normal -0.6087614290087157 0.7933533402912392 0
    outer loop
      vertex 12.7 30.60455173280957 -1.5999999999999996
      vertex 12.7 30.60455173280957 16.371532510892703
      vertex 13.093502884254441 30.90649711574556 -1.5999999999999996
    endloop
  endfacet
  facet normal -0.7933533402912373 0.6087614290087178 0
    outer loop
      vertex 13.093502884254441 30.90649711574556 -1.5999999999999996
      vertex 13.093502884254441 30.90649711574556 16.371532510892703
      vertex 13.395448267190433 31.3 -1.5999999999999996
    endloop
  endfacet
  facet normal -0.9238795325112867 0.38268343236508984 -7.648150545874315e-17
    outer loop
      vertex 13.395448267190433 31.3 -1.5999999999999996
      vertex 13.414699519314311 31.346476633970134 16.371532510892703
      vertex 13.58525906994923 31.75824381430521 -1.5999999999999996
    endloop
  endfacet
  facet normal -0.38268343236509605 -0.9238795325112843 9.329367947445348e-17
    outer loop
      vertex 12.24175618569479 34.08525906994923 -1.5999999999999996
      vertex 12.7 33.89544826719043 -1.5999999999999996
      vertex 12.506853493958465 33.975452169517816 17.294147658919243
    endloop
  endfacet
  facet normal -0.6087614290087157 -0.793353340291239 -1.5691070516659533e-16
    outer loop
      vertex 12.7 33.89544826719043 -1.5999999999999996
      vertex 13.093502884254441 33.59350288425444 -1.5999999999999996
      vertex 13.030960125760789 33.64149363074927 17.30132582285678
    endloop
  endfacet
  facet normal -0.7933533402912347 -0.6087614290087213 -4.4426402762881465e-17
    outer loop
      vertex 13.093502884254441 33.59350288425444 -1.5999999999999996
      vertex 13.395448267190433 33.2 -1.5999999999999996
      vertex 13.236574955313973 33.40704773110472 17.293789943125642
    endloop
  endfacet
  facet normal -0.9914448613738103 0.13052619222005313 -3.5516220728296644e-17
    outer loop
      vertex 13.58525906994923 31.75824381430521 -1.5999999999999996
      vertex 13.591825313540356 31.808119386067673 16.371532510892703
      vertex 13.65 32.25 -1.5999999999999996
    endloop
  endfacet
  facet normal -0.9914448613738103 -0.13052619222005313 0
    outer loop
      vertex 13.65 32.25 -1.5999999999999996
      vertex 13.65 32.25 16.371532510892703
      vertex 13.58525906994923 32.74175618569479 -1.5999999999999996
    endloop
  endfacet
  facet normal -0.9238795325112878 -0.3826834323650873 0
    outer loop
      vertex 13.395448267190433 33.2 -1.5999999999999996
      vertex 13.58525906994923 32.74175618569479 -1.5999999999999996
      vertex 13.58525906994923 32.74175618569479 16.371532510892703
    endloop
  endfacet
  facet normal 0.9238795325112867 0.38268343236508984 0
    outer loop
      vertex 10.104551732809567 31.3 -1.5999999999999996
      vertex 9.91474093005077 31.75824381430521 16.371532510892703
      vertex 10.104551732809567 31.3 16.371532510892703
    endloop
  endfacet
  facet normal 0.9914448613738106 0.13052619222005118 0
    outer loop
      vertex 9.91474093005077 31.75824381430521 -1.5999999999999996
      vertex 9.890843650206724 31.93976167596357 17.294863430245698
      vertex 9.91474093005077 31.75824381430521 16.371532510892703
    endloop
  endfacet
  facet normal 0.7933533402912369 0.6087614290087184 0
    outer loop
      vertex 10.406497115745559 30.90649711574556 -1.5999999999999996
      vertex 10.263425044686027 31.09295226889528 17.293789943125642
      vertex 10.406497115745559 30.90649711574556 16.371532510892703
    endloop
  endfacet
  facet normal 0.7933533402912377 0.6087614290087173 1.752377660408823e-17
    outer loop
      vertex 10.406497115745559 30.90649711574556 -1.5999999999999996
      vertex 10.104551732809567 31.3 16.371532510892703
      vertex 10.263425044686027 31.09295226889528 17.293789943125642
    endloop
  endfacet
  facet normal 0.6087614290087157 0.7933533402912392 0
    outer loop
      vertex 10.8 30.60455173280957 -1.5999999999999996
      vertex 10.406497115745559 30.90649711574556 16.371532510892703
      vertex 10.8 30.60455173280957 16.371532510892703
    endloop
  endfacet
  facet normal 0.3826834323651004 0.9238795325112823 1.2841418954344617e-16
    outer loop
      vertex 11.25824381430521 30.41474093005077 -1.5999999999999996
      vertex 10.8 30.60455173280957 16.371532510892703
      vertex 10.993146506041537 30.524547830482184 17.29414765891924
    endloop
  endfacet
  facet normal 0.9914448613738102 -0.13052619222005313 0
    outer loop
      vertex 9.85 32.25 -1.5999999999999996
      vertex 9.91474093005077 32.74175618569479 16.371532510892703
      vertex 9.85 32.25 17.31
    endloop
  endfacet
  facet normal 0.923879532511289 -0.3826834323650846 0
    outer loop
      vertex 9.91474093005077 32.74175618569479 -1.5999999999999996
      vertex 10.084409552279254 33.15137247458796 17.30384895846617
      vertex 9.91474093005077 32.74175618569479 16.371532510892703
    endloop
  endfacet
  facet normal 0.13052619222004916 -0.9914448613738107 0
    outer loop
      vertex 11.25824381430521 34.08525906994923 -1.5999999999999996
      vertex 11.695408673140095 34.142812915472284 16.179740105037073
      vertex 11.25824381430521 34.08525906994923 16.221698731441734
    endloop
  endfacet
  facet normal 0.3826834323650909 -0.9238795325112862 1.5486190459458416e-16
    outer loop
      vertex 10.8 33.89544826719043 -1.5999999999999996
      vertex 11.25824381430521 34.08525906994923 16.221698731441734
      vertex 10.993146506041535 33.975452169517816 17.294147658919243
    endloop
  endfacet
  facet normal 0.13052619221994124 -0.991444861373825 -2.505142086687479e-16
    outer loop
      vertex 11.75 34.15 -1.5999999999999996
      vertex 11.72327258200697 34.14648126866715 17.312980913284647
      vertex 11.695408673140095 34.142812915472284 16.179740105037073
    endloop
  endfacet
  facet normal -0.1305261922200389 -0.9914448613738123 0
    outer loop
      vertex 11.75 34.15 -1.5999999999999996
      vertex 12.188069834461054 34.09232701217551 16.216545971541386
      vertex 11.75 34.15 17.316511704058072
    endloop
  endfacet
  facet normal -0.3826834323651008 0.9238795325112822 0
    outer loop
      vertex 12.7 30.60455173280957 -1.5999999999999996
      vertex 12.506853493958463 30.524547830482184 17.29414765891924
      vertex 12.7 30.60455173280957 16.371532510892703
    endloop
  endfacet
  facet normal -0.6087614290087157 0.7933533402912392 0
    outer loop
      vertex 13.093502884254441 30.90649711574556 -1.5999999999999996
      vertex 12.7 30.60455173280957 16.371532510892703
      vertex 13.093502884254441 30.90649711574556 16.371532510892703
    endloop
  endfacet
  facet normal -0.9238795325112972 0.3826834323650647 0
    outer loop
      vertex 13.395448267190433 31.3 -1.5999999999999996
      vertex 13.395448267190433 31.3 16.371532510892703
      vertex 13.414699519314311 31.346476633970134 16.371532510892703
    endloop
  endfacet
  facet normal -0.7933533402912368 0.6087614290087183 1.7787713521486684e-17
    outer loop
      vertex 13.395448267190433 31.3 -1.5999999999999996
      vertex 13.093502884254441 30.90649711574556 16.371532510892703
      vertex 13.236574955313973 31.09295226889528 17.293789943125642
    endloop
  endfacet
  facet normal -0.7933533402912378 0.6087614290087173 0
    outer loop
      vertex 13.395448267190433 31.3 -1.5999999999999996
      vertex 13.236574955313973 31.09295226889528 17.293789943125642
      vertex 13.395448267190433 31.3 16.371532510892703
    endloop
  endfacet
  facet normal -0.9238795325112849 0.3826834323650944 4.517431523798312e-17
    outer loop
      vertex 13.58525906994923 31.75824381430521 -1.5999999999999996
      vertex 13.414699519314311 31.346476633970134 16.371532510892703
      vertex 13.535109170789505 31.63717124760216 17.29737220266758
    endloop
  endfacet
  facet normal -0.9914448613738152 0.13052619222001488 7.248490194405208e-17
    outer loop
      vertex 13.58525906994923 31.75824381430521 -1.5999999999999996
      vertex 13.588777188086947 31.78496657461883 17.31317034371958
      vertex 13.591825313540356 31.808119386067673 16.371532510892703
    endloop
  endfacet
  facet normal -0.1305261922201051 -0.9914448613738034 0
    outer loop
      vertex 12.24175618569479 34.08525906994923 -1.5999999999999996
      vertex 12.24175618569479 34.08525906994923 16.221698731441734
      vertex 12.188069834461054 34.09232701217551 16.216545971541386
    endloop
  endfacet
  facet normal -0.3826834323650903 -0.9238795325112865 0
    outer loop
      vertex 12.24175618569479 34.08525906994923 -1.5999999999999996
      vertex 12.506853493958465 33.975452169517816 17.294147658919243
      vertex 12.24175618569479 34.08525906994923 16.221698731441734
    endloop
  endfacet
  facet normal -0.9914448613738099 0.13052619222005454 0
    outer loop
      vertex 13.65 32.25 -1.5999999999999996
      vertex 13.591825313540356 31.808119386067673 16.371532510892703
      vertex 13.65 32.25 16.371532510892703
    endloop
  endfacet
  facet normal -0.9914448613738103 -0.13052619222005313 0
    outer loop
      vertex 13.58525906994923 32.74175618569479 -1.5999999999999996
      vertex 13.65 32.25 16.371532510892703
      vertex 13.58525906994923 32.74175618569479 16.371532510892703
    endloop
  endfacet
  facet normal -0.9238795325112874 -0.38268343236508817 -2.4655409561022733e-17
    outer loop
      vertex 13.395448267190433 33.2 -1.5999999999999996
      vertex 13.58525906994923 32.74175618569479 16.371532510892703
      vertex 13.535109170789505 32.86282875239784 17.29737220266758
    endloop
  endfacet
  facet normal 0.38268343236509245 0.9238795325112855 0
    outer loop
      vertex 11.25824381430521 30.41474093005077 -1.5999999999999996
      vertex 10.993146506041537 30.524547830482184 17.29414765891924
      vertex 11.25824381430521 30.41474093005077 17.31198890020857
    endloop
  endfacet
  facet normal 0.1305261922200648 0.9914448613738086 0
    outer loop
      vertex 11.25824381430521 30.41474093005077 -1.5999999999999996
      vertex 11.25824381430521 30.41474093005077 17.31198890020857
      vertex 11.284377998880364 30.41130029937904 17.306739422532853
    endloop
  endfacet
  facet normal 0.1305261922200496 0.9914448613738106 2.1354884788012305e-17
    outer loop
      vertex 11.25824381430521 30.41474093005077 -1.5999999999999996
      vertex 11.284377998880364 30.41130029937904 17.306739422532853
      vertex 11.594260479530446 30.37050349684288 17.295937937371193
    endloop
  endfacet
  facet normal 0.13052619222003592 0.9914448613738124 0
    outer loop
      vertex 11.75 30.35 -1.5999999999999996
      vertex 11.594260479530446 30.37050349684288 17.295937937371193
      vertex 11.75 30.35 17.316511704058072
    endloop
  endfacet
  facet normal -0.13052619222003592 0.9914448613738124 0
    outer loop
      vertex 11.75 30.35 -1.5999999999999996
      vertex 11.75 30.35 17.316511704058072
      vertex 11.905739520469554 30.37050349684288 17.295937937371193
    endloop
  endfacet
  facet normal -0.1305261922200496 0.9914448613738106 2.1354884788012305e-17
    outer loop
      vertex 12.24175618569479 30.41474093005077 -1.5999999999999996
      vertex 11.905739520469554 30.37050349684288 17.295937937371193
      vertex 12.215622001119636 30.41130029937904 17.306739422532853
    endloop
  endfacet
  facet normal 0.9914448613738102 0.1305261922200543 0
    outer loop
      vertex 9.85 32.25 -1.5999999999999996
      vertex 9.85 32.25 17.31
      vertex 9.890843650206724 31.93976167596357 17.294863430245698
    endloop
  endfacet
  facet normal 0.9238795325112781 -0.3826834323651106 0
    outer loop
      vertex 10.104551732809567 33.2 -1.5999999999999996
      vertex 10.104551732809567 33.2 17.31361669736577
      vertex 10.084409552279254 33.15137247458796 17.30384895846617
    endloop
  endfacet
  facet normal 0.7933533402912327 -0.6087614290087239 0
    outer loop
      vertex 10.104551732809567 33.2 -1.5999999999999996
      vertex 10.263425044686027 33.40704773110472 17.293789943125642
      vertex 10.104551732809567 33.2 17.31361669736577
    endloop
  endfacet
  facet normal 0.7933533402912368 -0.6087614290087184 0
    outer loop
      vertex 10.406497115745559 33.59350288425444 -1.5999999999999996
      vertex 10.406497115745559 33.59350288425444 17.31488308242537
      vertex 10.263425044686027 33.40704773110472 17.293789943125642
    endloop
  endfacet
  facet normal 0.6087614290086857 -0.7933533402912619 0
    outer loop
      vertex 10.406497115745559 33.59350288425444 -1.5999999999999996
      vertex 10.469039874239211 33.64149363074927 17.30132582285678
      vertex 10.406497115745559 33.59350288425444 17.31488308242537
    endloop
  endfacet
  facet normal 0.6087614290087262 -0.7933533402912307 -2.1312443394946135e-16
    outer loop
      vertex 10.406497115745559 33.59350288425444 -1.5999999999999996
      vertex 10.716723264630081 33.83154778067031 17.29916759298901
      vertex 10.469039874239211 33.64149363074927 17.30132582285678
    endloop
  endfacet
  facet normal 0.6087614290087061 -0.7933533402912464 0
    outer loop
      vertex 10.8 33.89544826719043 -1.5999999999999996
      vertex 10.8 33.89544826719043 17.315787814957194
      vertex 10.716723264630081 33.83154778067031 17.29916759298901
    endloop
  endfacet
  facet normal 0.3826834323651038 -0.923879532511281 0
    outer loop
      vertex 10.8 33.89544826719043 -1.5999999999999996
      vertex 10.993146506041535 33.975452169517816 17.294147658919243
      vertex 10.8 33.89544826719043 17.315787814957194
    endloop
  endfacet
  facet normal 0.1305261922201155 -0.991444861373802 0
    outer loop
      vertex 11.75 34.15 -1.5999999999999996
      vertex 11.75 34.15 17.316511704058072
      vertex 11.72327258200697 34.14648126866715 17.312980913284647
    endloop
  endfacet
  facet normal -0.1305261922200648 0.9914448613738086 0
    outer loop
      vertex 12.24175618569479 30.41474093005077 -1.5999999999999996
      vertex 12.215622001119636 30.41130029937904 17.306739422532853
      vertex 12.24175618569479 30.41474093005077 17.31198890020857
    endloop
  endfacet
  facet normal -0.38268343236509245 0.9238795325112855 0
    outer loop
      vertex 12.24175618569479 30.41474093005077 -1.5999999999999996
      vertex 12.24175618569479 30.41474093005077 17.31198890020857
      vertex 12.506853493958463 30.524547830482184 17.29414765891924
    endloop
  endfacet
  facet normal -0.9238795325112874 0.3826834323650884 0
    outer loop
      vertex 13.58525906994923 31.75824381430521 -1.5999999999999996
      vertex 13.535109170789505 31.63717124760216 17.29737220266758
      vertex 13.58525906994923 31.75824381430521 17.316330723192802
    endloop
  endfacet
  facet normal -0.9914448613738086 0.13052619222006528 0
    outer loop
      vertex 13.58525906994923 31.75824381430521 -1.5999999999999996
      vertex 13.58525906994923 31.75824381430521 17.316330723192802
      vertex 13.588777188086947 31.78496657461883 17.31317034371958
    endloop
  endfacet
  facet normal -0.3826834323651038 -0.923879532511281 0
    outer loop
      vertex 12.7 33.89544826719043 -1.5999999999999996
      vertex 12.7 33.89544826719043 17.315787814957194
      vertex 12.506853493958465 33.975452169517816 17.294147658919243
    endloop
  endfacet
  facet normal -0.6087614290087061 -0.7933533402912464 0
    outer loop
      vertex 12.7 33.89544826719043 -1.5999999999999996
      vertex 12.783276735369919 33.83154778067031 17.29916759298901
      vertex 12.7 33.89544826719043 17.315787814957194
    endloop
  endfacet
  facet normal -0.6087614290086857 -0.7933533402912619 0
    outer loop
      vertex 13.093502884254441 33.59350288425444 -1.5999999999999996
      vertex 13.093502884254441 33.59350288425444 17.31488308242537
      vertex 13.030960125760789 33.64149363074927 17.30132582285678
    endloop
  endfacet
  facet normal -0.6087614290087263 -0.7933533402912307 1.417167107899918e-16
    outer loop
      vertex 12.7 33.89544826719043 -1.5999999999999996
      vertex 13.030960125760789 33.64149363074927 17.30132582285678
      vertex 12.783276735369919 33.83154778067031 17.29916759298901
    endloop
  endfacet
  facet normal -0.7933533402912368 -0.6087614290087184 0
    outer loop
      vertex 13.093502884254441 33.59350288425444 -1.5999999999999996
      vertex 13.236574955313973 33.40704773110472 17.293789943125642
      vertex 13.093502884254441 33.59350288425444 17.31488308242537
    endloop
  endfacet
  facet normal -0.923879532511286 -0.3826834323650917 0
    outer loop
      vertex 13.395448267190433 33.2 -1.5999999999999996
      vertex 13.415590447720747 33.15137247458795 17.30384895846617
      vertex 13.395448267190433 33.2 17.313616697365774
    endloop
  endfacet
  facet normal -0.7933533402912327 -0.6087614290087239 0
    outer loop
      vertex 13.395448267190433 33.2 -1.5999999999999996
      vertex 13.395448267190433 33.2 17.313616697365774
      vertex 13.236574955313973 33.40704773110472 17.293789943125642
    endloop
  endfacet
  facet normal -0.9238795325112883 -0.38268343236508623 1.659996244752029e-17
    outer loop
      vertex 13.395448267190433 33.2 -1.5999999999999996
      vertex 13.535109170789505 32.86282875239784 17.29737220266758
      vertex 13.415590447720747 33.15137247458795 17.30384895846617
    endloop
  endfacet
  facet normal 0.9914448613738104 0.13052619222005116 0
    outer loop
      vertex 9.91474093005077 31.75824381430521 16.371532510892703
      vertex 9.890843650206724 31.93976167596357 17.294863430245698
      vertex 9.91474093005077 31.75824381430521 17.316330723192802
    endloop
  endfacet
  facet normal 0.7933533402912378 0.6087614290087173 0
    outer loop
      vertex 10.104551732809567 31.3 16.371532510892703
      vertex 10.104551732809567 31.3 17.313616697365774
      vertex 10.263425044686027 31.09295226889528 17.293789943125642
    endloop
  endfacet
  facet normal 0.7933533402912368 0.6087614290087184 0
    outer loop
      vertex 10.406497115745559 30.90649711574556 16.371532510892703
      vertex 10.263425044686027 31.09295226889528 17.293789943125642
      vertex 10.406497115745559 30.90649711574556 17.31488308242537
    endloop
  endfacet
  facet normal 0.3826834323651008 0.9238795325112821 0
    outer loop
      vertex 10.8 30.60455173280957 16.371532510892703
      vertex 10.8 30.60455173280957 17.315787814957194
      vertex 10.993146506041537 30.524547830482184 17.29414765891924
    endloop
  endfacet
  facet normal 0.9914448613738099 -0.1305261922200558 -1.4246217588746098e-15
    outer loop
      vertex 9.91474093005077 32.74175618569479 16.371532510892703
      vertex 9.890843650206724 32.560238324036426 17.294863430245698
      vertex 9.85 32.25 17.31
    endloop
  endfacet
  facet normal 0.9914448613738107 -0.13052619222004866 0
    outer loop
      vertex 9.91474093005077 32.74175618569479 16.371532510892703
      vertex 9.91474093005077 32.74175618569479 17.316330723192802
      vertex 9.890843650206724 32.560238324036426 17.294863430245698
    endloop
  endfacet
  facet normal 0.923879532511287 -0.38268343236508934 2.4892432452185567e-15
    outer loop
      vertex 9.91474093005077 32.74175618569479 16.371532510892703
      vertex 10.084409552279254 33.15137247458796 17.30384895846617
      vertex 10.002362724814837 32.95329391097368 17.29940281603851
    endloop
  endfacet
  facet normal 0.38268343236509034 -0.9238795325112866 0
    outer loop
      vertex 11.25824381430521 34.08525906994923 16.221698731441734
      vertex 11.25824381430521 34.08525906994923 17.311988900208572
      vertex 10.993146506041535 33.975452169517816 17.294147658919243
    endloop
  endfacet
  facet normal -0.13052619222003572 -0.9914448613738125 1.2716684202949333e-15
    outer loop
      vertex 12.188069834461054 34.09232701217551 16.216545971541386
      vertex 11.905739520469554 34.12949650315712 17.295937937371193
      vertex 11.75 34.15 17.316511704058072
    endloop
  endfacet
  facet normal -0.13052619222004805 -0.9914448613738108 -2.0143688689541726e-15
    outer loop
      vertex 12.188069834461054 34.09232701217551 16.216545971541386
      vertex 12.21487466261085 34.088798089602186 17.306713372767806
      vertex 11.905739520469554 34.12949650315712 17.295937937371193
    endloop
  endfacet
  facet normal -0.3826834323651008 0.9238795325112821 0
    outer loop
      vertex 12.7 30.60455173280957 16.371532510892703
      vertex 12.506853493958463 30.524547830482184 17.29414765891924
      vertex 12.7 30.60455173280957 17.315787814957194
    endloop
  endfacet
  facet normal -0.7933533402912368 0.6087614290087184 0
    outer loop
      vertex 13.093502884254441 30.90649711574556 16.371532510892703
      vertex 13.093502884254441 30.90649711574556 17.31488308242537
      vertex 13.236574955313973 31.09295226889528 17.293789943125642
    endloop
  endfacet
  facet normal -0.7933533402912378 0.6087614290087173 0
    outer loop
      vertex 13.395448267190433 31.3 16.371532510892703
      vertex 13.236574955313973 31.09295226889528 17.293789943125642
      vertex 13.395448267190433 31.3 17.313616697365774
    endloop
  endfacet
  facet normal -0.923879532511299 0.38268343236506047 -3.973790658003874e-16
    outer loop
      vertex 13.414699519314311 31.346476633970134 16.371532510892703
      vertex 13.40580630270728 31.325006509824316 17.30859367682988
      vertex 13.415590447720744 31.34862752541205 17.30384895846617
    endloop
  endfacet
  facet normal -0.9238795325112843 0.3826834323650959 -4.929650604640896e-16
    outer loop
      vertex 13.414699519314311 31.346476633970134 16.371532510892703
      vertex 13.415590447720744 31.34862752541205 17.30384895846617
      vertex 13.535109170789505 31.63717124760216 17.29737220266758
    endloop
  endfacet
  facet normal -0.38268343236509034 -0.9238795325112866 0
    outer loop
      vertex 12.24175618569479 34.08525906994923 16.221698731441734
      vertex 12.506853493958465 33.975452169517816 17.294147658919243
      vertex 12.24175618569479 34.08525906994923 17.311988900208572
    endloop
  endfacet
  facet normal -0.9238795325112873 -0.38268343236508834 0
    outer loop
      vertex 13.58525906994923 32.74175618569479 16.371532510892703
      vertex 13.58525906994923 32.74175618569479 17.316330723192802
      vertex 13.535109170789505 32.86282875239784 17.29737220266758
    endloop
  endfacet
  facet normal 0.13052619222004608 0.9914448613738112 1.807944556024631e-16
    outer loop
      vertex 11.25824381430521 -34.08525906994923 -1.5999999999999996
      vertex 11.311930165538946 -34.09232701217551 16.216545971541386
      vertex 11.75 -34.15 -1.5999999999999996
    endloop
  endfacet
  facet normal -0.13052619222004608 0.991444861373811 7.701145850467681e-17
    outer loop
      vertex 11.75 -34.15 -1.5999999999999996
      vertex 11.804591326859905 -34.142812915472284 16.179740105037073
      vertex 12.24175618569479 -34.08525906994923 -1.5999999999999996
    endloop
  endfacet
  facet normal 0.7933533402912347 0.6087614290087213 -4.4426402762881465e-17
    outer loop
      vertex 10.104551732809567 -33.2 -1.5999999999999996
      vertex 10.263425044686027 -33.40704773110472 17.293789943125642
      vertex 10.406497115745559 -33.59350288425444 -1.5999999999999996
    endloop
  endfacet
  facet normal 0.9238795325112878 0.3826834323650873 0
    outer loop
      vertex 10.104551732809567 -33.2 -1.5999999999999996
      vertex 9.91474093005077 -32.74175618569479 -1.5999999999999996
      vertex 9.91474093005077 -32.74175618569479 16.371532510892703
    endloop
  endfacet
  facet normal 0.9914448613738102 0.13052619222005313 -3.8311152052610766e-17
    outer loop
      vertex 9.91474093005077 -32.74175618569479 -1.5999999999999996
      vertex 9.85 -32.25 -1.5999999999999996
      vertex 9.88493039355935 -32.51532268053753 17.29705487056176
    endloop
  endfacet
  facet normal 0.6087614290087157 0.793353340291239 -1.5691070516659533e-16
    outer loop
      vertex 10.406497115745559 -33.59350288425444 -1.5999999999999996
      vertex 10.469039874239211 -33.64149363074927 17.30132582285678
      vertex 10.8 -33.89544826719043 -1.5999999999999996
    endloop
  endfacet
  facet normal 0.38268343236509605 0.9238795325112843 9.329367947445348e-17
    outer loop
      vertex 10.8 -33.89544826719043 -1.5999999999999996
      vertex 10.993146506041535 -33.975452169517816 17.294147658919243
      vertex 11.25824381430521 -34.08525906994923 -1.5999999999999996
    endloop
  endfacet
  facet normal 0.9914448613738103 -0.13052619222005313 0
    outer loop
      vertex 9.85 -32.25 -1.5999999999999996
      vertex 9.91474093005077 -31.75824381430521 -1.5999999999999996
      vertex 9.91474093005077 -31.75824381430521 16.371532510892703
    endloop
  endfacet
  facet normal 0.9238795325112867 -0.38268343236508984 0
    outer loop
      vertex 9.91474093005077 -31.75824381430521 -1.5999999999999996
      vertex 10.104551732809567 -31.3 -1.5999999999999996
      vertex 10.104551732809567 -31.3 16.371532510892703
    endloop
  endfacet
  facet normal 0.7933533402912373 -0.6087614290087178 0
    outer loop
      vertex 10.104551732809567 -31.3 -1.5999999999999996
      vertex 10.406497115745559 -30.90649711574556 -1.5999999999999996
      vertex 10.406497115745559 -30.90649711574556 16.371532510892703
    endloop
  endfacet
  facet normal 0.6087614290087157 -0.7933533402912392 0
    outer loop
      vertex 10.406497115745559 -30.90649711574556 -1.5999999999999996
      vertex 10.8 -30.60455173280957 -1.5999999999999996
      vertex 10.8 -30.60455173280957 16.371532510892703
    endloop
  endfacet
  facet normal 0.38268343236509594 -0.9238795325112842 0
    outer loop
      vertex 10.8 -30.60455173280957 -1.5999999999999996
      vertex 11.25824381430521 -30.41474093005077 -1.5999999999999996
      vertex 11.25824381430521 -30.41474093005077 16.371532510892703
    endloop
  endfacet
  facet normal 0.1305261922200461 -0.991444861373811 0
    outer loop
      vertex 11.25824381430521 -30.41474093005077 -1.5999999999999996
      vertex 11.75 -30.35 -1.5999999999999996
      vertex 11.75 -30.35 16.371532510892703
    endloop
  endfacet
  facet normal -0.1305261922200461 -0.9914448613738112 8.514092580722255e-17
    outer loop
      vertex 11.75 -30.35 -1.5999999999999996
      vertex 12.24175618569479 -30.41474093005077 -1.5999999999999996
      vertex 11.905739520469554 -30.37050349684288 17.295937937371193
    endloop
  endfacet
  facet normal -0.382683432365096 0.9238795325112843 0
    outer loop
      vertex 12.24175618569479 -34.08525906994923 -1.5999999999999996
      vertex 12.24175618569479 -34.08525906994923 16.221698731441734
      vertex 12.7 -33.89544826719043 -1.5999999999999996
    endloop
  endfacet
  facet normal -0.6087614290087155 0.793353340291239 6.662064222674762e-17
    outer loop
      vertex 12.7 -33.89544826719043 -1.5999999999999996
      vertex 12.783276735369919 -33.83154778067031 17.29916759298901
      vertex 13.093502884254441 -33.59350288425444 -1.5999999999999996
    endloop
  endfacet
  facet normal -0.7933533402912347 0.6087614290087213 -4.4426402762881465e-17
    outer loop
      vertex 13.093502884254441 -33.59350288425444 -1.5999999999999996
      vertex 13.236574955313973 -33.40704773110472 17.293789943125642
      vertex 13.395448267190433 -33.2 -1.5999999999999996
    endloop
  endfacet
  facet normal -0.9914448613738103 0.13052619222005313 0
    outer loop
      vertex 13.58525906994923 -32.74175618569479 -1.5999999999999996
      vertex 13.58525906994923 -32.74175618569479 16.371532510892703
      vertex 13.65 -32.25 -1.5999999999999996
    endloop
  endfacet
  facet normal -0.9914448613738103 -0.13052619222005313 0
    outer loop
      vertex 13.65 -32.25 -1.5999999999999996
      vertex 13.65 -32.25 16.371532510892703
      vertex 13.58525906994923 -31.75824381430521 -1.5999999999999996
    endloop
  endfacet
  facet normal -0.9238795325112878 0.3826834323650874 7.011936295681655e-17
    outer loop
      vertex 13.395448267190433 -33.2 -1.5999999999999996
      vertex 13.415590447720746 -33.15137247458796 17.30384895846617
      vertex 13.58525906994923 -32.74175618569479 -1.5999999999999996
    endloop
  endfacet
  facet normal -0.38268343236509594 -0.9238795325112842 0
    outer loop
      vertex 12.24175618569479 -30.41474093005077 -1.5999999999999996
      vertex 12.7 -30.60455173280957 -1.5999999999999996
      vertex 12.7 -30.60455173280957 16.371532510892703
    endloop
  endfacet
  facet normal -0.7933533402912373 -0.6087614290087178 0
    outer loop
      vertex 13.093502884254441 -30.90649711574556 -1.5999999999999996
      vertex 13.395448267190433 -31.3 -1.5999999999999996
      vertex 13.395448267190433 -31.3 16.371532510892703
    endloop
  endfacet
  facet normal -0.6087614290087157 -0.793353340291239 -8.88173802829785e-18
    outer loop
      vertex 12.7 -30.60455173280957 -1.5999999999999996
      vertex 13.093502884254441 -30.90649711574556 -1.5999999999999996
      vertex 13.030960125760789 -30.85850636925073 17.30132582285678
    endloop
  endfacet
  facet normal -0.9238795325112867 -0.38268343236508984 0
    outer loop
      vertex 13.395448267190433 -31.3 -1.5999999999999996
      vertex 13.58525906994923 -31.75824381430521 -1.5999999999999996
      vertex 13.58525906994923 -31.75824381430521 16.371532510892703
    endloop
  endfacet
  facet normal 0.9914448613738106 0.13052619222005002 0
    outer loop
      vertex 9.91474093005077 -32.74175618569479 -1.5999999999999996
      vertex 9.88493039355935 -32.51532268053753 17.29705487056176
      vertex 9.91474093005077 -32.74175618569479 16.371532510892703
    endloop
  endfacet
  facet normal 0.9238795325112874 0.38268343236508817 -2.4655409561022733e-17
    outer loop
      vertex 10.104551732809567 -33.2 -1.5999999999999996
      vertex 9.91474093005077 -32.74175618569479 16.371532510892703
      vertex 9.964890829210495 -32.86282875239784 17.29737220266758
    endloop
  endfacet
  facet normal 0.9914448613738104 -0.1305261922200515 -4.720619523273357e-17
    outer loop
      vertex 9.85 -32.25 -1.5999999999999996
      vertex 9.91474093005077 -31.75824381430521 16.371532510892703
      vertex 9.890843650206724 -31.93976167596357 17.294863430245698
    endloop
  endfacet
  facet normal 0.1305261922201051 0.9914448613738034 0
    outer loop
      vertex 11.25824381430521 -34.08525906994923 -1.5999999999999996
      vertex 11.25824381430521 -34.08525906994923 16.221698731441734
      vertex 11.311930165538946 -34.09232701217551 16.216545971541386
    endloop
  endfacet
  facet normal 0.3826834323650903 0.9238795325112865 0
    outer loop
      vertex 11.25824381430521 -34.08525906994923 -1.5999999999999996
      vertex 10.993146506041535 -33.975452169517816 17.294147658919243
      vertex 11.25824381430521 -34.08525906994923 16.221698731441734
    endloop
  endfacet
  facet normal -0.13052619222004916 0.9914448613738107 0
    outer loop
      vertex 12.24175618569479 -34.08525906994923 -1.5999999999999996
      vertex 11.804591326859905 -34.142812915472284 16.179740105037073
      vertex 12.24175618569479 -34.08525906994923 16.221698731441734
    endloop
  endfacet
  facet normal 0.1305261922200389 0.9914448613738123 0
    outer loop
      vertex 11.75 -34.15 -1.5999999999999996
      vertex 11.311930165538946 -34.09232701217551 16.216545971541386
      vertex 11.75 -34.15 17.316511704058072
    endloop
  endfacet
  facet normal -0.13052619221994124 0.991444861373825 -2.505142086687479e-16
    outer loop
      vertex 11.75 -34.15 -1.5999999999999996
      vertex 11.77672741799303 -34.14648126866715 17.312980913284647
      vertex 11.804591326859905 -34.142812915472284 16.179740105037073
    endloop
  endfacet
  facet normal 0.9238795325112867 -0.38268343236508984 0
    outer loop
      vertex 9.91474093005077 -31.75824381430521 -1.5999999999999996
      vertex 10.104551732809567 -31.3 16.371532510892703
      vertex 9.91474093005077 -31.75824381430521 16.371532510892703
    endloop
  endfacet
  facet normal 0.7933533402912378 -0.6087614290087173 0
    outer loop
      vertex 10.104551732809567 -31.3 -1.5999999999999996
      vertex 10.263425044686027 -31.09295226889528 17.293789943125642
      vertex 10.104551732809567 -31.3 16.371532510892703
    endloop
  endfacet
  facet normal 0.7933533402912368 -0.6087614290087183 1.7787713521486684e-17
    outer loop
      vertex 10.104551732809567 -31.3 -1.5999999999999996
      vertex 10.406497115745559 -30.90649711574556 16.371532510892703
      vertex 10.263425044686027 -31.09295226889528 17.293789943125642
    endloop
  endfacet
  facet normal 0.6087614290087157 -0.7933533402912392 0
    outer loop
      vertex 10.406497115745559 -30.90649711574556 -1.5999999999999996
      vertex 10.8 -30.60455173280957 16.371532510892703
      vertex 10.406497115745559 -30.90649711574556 16.371532510892703
    endloop
  endfacet
  facet normal 0.3826834323651008 -0.9238795325112822 0
    outer loop
      vertex 10.8 -30.60455173280957 -1.5999999999999996
      vertex 10.993146506041537 -30.524547830482184 17.29414765891924
      vertex 10.8 -30.60455173280957 16.371532510892703
    endloop
  endfacet
  facet normal 0.1305261922200461 -0.991444861373811 0
    outer loop
      vertex 11.25824381430521 -30.41474093005077 -1.5999999999999996
      vertex 11.75 -30.35 16.371532510892703
      vertex 11.25824381430521 -30.41474093005077 16.371532510892703
    endloop
  endfacet
  facet normal 0.38268343236509283 -0.9238795325112855 9.640176553340964e-17
    outer loop
      vertex 10.8 -30.60455173280957 -1.5999999999999996
      vertex 11.25824381430521 -30.41474093005077 16.371532510892703
      vertex 10.993146506041537 -30.524547830482184 17.29414765891924
    endloop
  endfacet
  facet normal -0.13052619222003592 -0.9914448613738125 0
    outer loop
      vertex 11.75 -30.35 -1.5999999999999996
      vertex 11.905739520469554 -30.37050349684288 17.295937937371193
      vertex 11.75 -30.35 16.371532510892703
    endloop
  endfacet
  facet normal -0.3826834323650909 0.9238795325112862 1.5486190459458416e-16
    outer loop
      vertex 12.7 -33.89544826719043 -1.5999999999999996
      vertex 12.24175618569479 -34.08525906994923 16.221698731441734
      vertex 12.506853493958465 -33.975452169517816 17.294147658919243
    endloop
  endfacet
  facet normal -0.9914448613738103 0.13052619222005313 0
    outer loop
      vertex 13.65 -32.25 -1.5999999999999996
      vertex 13.58525906994923 -32.74175618569479 16.371532510892703
      vertex 13.65 -32.25 16.371532510892703
    endloop
  endfacet
  facet normal -0.923879532511289 0.3826834323650846 0
    outer loop
      vertex 13.58525906994923 -32.74175618569479 -1.5999999999999996
      vertex 13.415590447720746 -33.15137247458796 17.30384895846617
      vertex 13.58525906994923 -32.74175618569479 16.371532510892703
    endloop
  endfacet
  facet normal -0.9914448613738102 -0.13052619222005424 -2.9380142373738284e-17
    outer loop
      vertex 13.58525906994923 -31.75824381430521 -1.5999999999999996
      vertex 13.65 -32.25 16.371532510892703
      vertex 13.609156349793276 -31.93976167596357 17.294863430245698
    endloop
  endfacet
  facet normal -0.3826834323651004 -0.9238795325112823 1.2841418954344617e-16
    outer loop
      vertex 12.24175618569479 -30.41474093005077 -1.5999999999999996
      vertex 12.7 -30.60455173280957 16.371532510892703
      vertex 12.506853493958463 -30.524547830482184 17.29414765891924
    endloop
  endfacet
  facet normal -0.7933533402912377 -0.6087614290087173 1.752377660408823e-17
    outer loop
      vertex 13.093502884254441 -30.90649711574556 -1.5999999999999996
      vertex 13.395448267190433 -31.3 16.371532510892703
      vertex 13.236574955313973 -31.09295226889528 17.293789943125642
    endloop
  endfacet
  facet normal -0.6087614290087159 -0.7933533402912388 0
    outer loop
      vertex 12.7 -30.60455173280957 -1.5999999999999996
      vertex 13.030960125760789 -30.85850636925073 17.30132582285678
      vertex 12.7 -30.60455173280957 16.371532510892703
    endloop
  endfacet
  facet normal -0.9238795325112867 -0.38268343236508984 0
    outer loop
      vertex 13.395448267190433 -31.3 -1.5999999999999996
      vertex 13.58525906994923 -31.75824381430521 16.371532510892703
      vertex 13.395448267190433 -31.3 16.371532510892703
    endloop
  endfacet
  facet normal -0.9914448613738106 -0.13052619222005118 0
    outer loop
      vertex 13.58525906994923 -31.75824381430521 -1.5999999999999996
      vertex 13.609156349793276 -31.93976167596357 17.294863430245698
      vertex 13.58525906994923 -31.75824381430521 16.371532510892703
    endloop
  endfacet
  facet normal 0.9238795325112781 0.3826834323651106 0
    outer loop
      vertex 10.104551732809567 -33.2 -1.5999999999999996
      vertex 10.084409552279254 -33.15137247458796 17.30384895846617
      vertex 10.104551732809567 -33.2 17.31361669736577
    endloop
  endfacet
  facet normal 0.7933533402912327 0.6087614290087239 0
    outer loop
      vertex 10.104551732809567 -33.2 -1.5999999999999996
      vertex 10.104551732809567 -33.2 17.31361669736577
      vertex 10.263425044686027 -33.40704773110472 17.293789943125642
    endloop
  endfacet
  facet normal 0.7933533402912368 0.6087614290087184 0
    outer loop
      vertex 10.406497115745559 -33.59350288425444 -1.5999999999999996
      vertex 10.263425044686027 -33.40704773110472 17.293789943125642
      vertex 10.406497115745559 -33.59350288425444 17.31488308242537
    endloop
  endfacet
  facet normal 0.9238795325112896 0.382683432365083 8.329361688268838e-17
    outer loop
      vertex 10.104551732809567 -33.2 -1.5999999999999996
      vertex 9.964890829210495 -32.86282875239784 17.29737220266758
      vertex 10.084409552279254 -33.15137247458796 17.30384895846617
    endloop
  endfacet
  facet normal 0.9914448613738098 0.13052619222005582 0
    outer loop
      vertex 9.85 -32.25 -1.5999999999999996
      vertex 9.85 -32.25 17.31
      vertex 9.88493039355935 -32.51532268053753 17.29705487056176
    endloop
  endfacet
  facet normal 0.9914448613738102 -0.1305261922200543 0
    outer loop
      vertex 9.85 -32.25 -1.5999999999999996
      vertex 9.890843650206724 -31.93976167596357 17.294863430245698
      vertex 9.85 -32.25 17.31
    endloop
  endfacet
  facet normal 0.6087614290087263 0.7933533402912307 1.417167107899918e-16
    outer loop
      vertex 10.8 -33.89544826719043 -1.5999999999999996
      vertex 10.469039874239211 -33.64149363074927 17.30132582285678
      vertex 10.716723264630081 -33.83154778067031 17.29916759298901
    endloop
  endfacet
  facet normal 0.6087614290086857 0.7933533402912619 0
    outer loop
      vertex 10.406497115745559 -33.59350288425444 -1.5999999999999996
      vertex 10.406497115745559 -33.59350288425444 17.31488308242537
      vertex 10.469039874239211 -33.64149363074927 17.30132582285678
    endloop
  endfacet
  facet normal 0.6087614290087061 0.7933533402912464 0
    outer loop
      vertex 10.8 -33.89544826719043 -1.5999999999999996
      vertex 10.716723264630081 -33.83154778067031 17.29916759298901
      vertex 10.8 -33.89544826719043 17.315787814957194
    endloop
  endfacet
  facet normal 0.3826834323651038 0.923879532511281 0
    outer loop
      vertex 10.8 -33.89544826719043 -1.5999999999999996
      vertex 10.8 -33.89544826719043 17.315787814957194
      vertex 10.993146506041535 -33.975452169517816 17.294147658919243
    endloop
  endfacet
  facet normal -0.1305261922201155 0.991444861373802 0
    outer loop
      vertex 11.75 -34.15 -1.5999999999999996
      vertex 11.75 -34.15 17.316511704058072
      vertex 11.77672741799303 -34.14648126866715 17.312980913284647
    endloop
  endfacet
  facet normal -0.1305261922200496 -0.9914448613738106 2.1354884788012305e-17
    outer loop
      vertex 12.24175618569479 -30.41474093005077 -1.5999999999999996
      vertex 12.215622001119636 -30.41130029937904 17.306739422532853
      vertex 11.905739520469554 -30.37050349684288 17.295937937371193
    endloop
  endfacet
  facet normal -0.3826834323651038 0.923879532511281 0
    outer loop
      vertex 12.7 -33.89544826719043 -1.5999999999999996
      vertex 12.506853493958465 -33.975452169517816 17.294147658919243
      vertex 12.7 -33.89544826719043 17.315787814957194
    endloop
  endfacet
  facet normal -0.6087614290087061 0.7933533402912464 0
    outer loop
      vertex 12.7 -33.89544826719043 -1.5999999999999996
      vertex 12.7 -33.89544826719043 17.315787814957194
      vertex 12.783276735369919 -33.83154778067031 17.29916759298901
    endloop
  endfacet
  facet normal -0.6087614290087262 0.7933533402912307 -2.1312443394946135e-16
    outer loop
      vertex 13.093502884254441 -33.59350288425444 -1.5999999999999996
      vertex 12.783276735369919 -33.83154778067031 17.29916759298901
      vertex 13.030960125760789 -33.64149363074927 17.30132582285678
    endloop
  endfacet
  facet normal -0.6087614290086857 0.7933533402912619 0
    outer loop
      vertex 13.093502884254441 -33.59350288425444 -1.5999999999999996
      vertex 13.030960125760789 -33.64149363074927 17.30132582285678
      vertex 13.093502884254441 -33.59350288425444 17.31488308242537
    endloop
  endfacet
  facet normal -0.7933533402912368 0.6087614290087184 0
    outer loop
      vertex 13.093502884254441 -33.59350288425444 -1.5999999999999996
      vertex 13.093502884254441 -33.59350288425444 17.31488308242537
      vertex 13.236574955313973 -33.40704773110472 17.293789943125642
    endloop
  endfacet
  facet normal -0.7933533402912327 0.6087614290087239 0
    outer loop
      vertex 13.395448267190433 -33.2 -1.5999999999999996
      vertex 13.236574955313973 -33.40704773110472 17.293789943125642
      vertex 13.395448267190433 -33.2 17.31361669736577
    endloop
  endfacet
  facet normal -0.9238795325112781 0.3826834323651106 0
    outer loop
      vertex 13.395448267190433 -33.2 -1.5999999999999996
      vertex 13.395448267190433 -33.2 17.31361669736577
      vertex 13.415590447720746 -33.15137247458796 17.30384895846617
    endloop
  endfacet
  facet normal -0.1305261922200648 -0.9914448613738086 0
    outer loop
      vertex 12.24175618569479 -30.41474093005077 -1.5999999999999996
      vertex 12.24175618569479 -30.41474093005077 17.31198890020857
      vertex 12.215622001119636 -30.41130029937904 17.306739422532853
    endloop
  endfacet
  facet normal -0.38268343236509245 -0.9238795325112855 0
    outer loop
      vertex 12.24175618569479 -30.41474093005077 -1.5999999999999996
      vertex 12.506853493958463 -30.524547830482184 17.29414765891924
      vertex 12.24175618569479 -30.41474093005077 17.31198890020857
    endloop
  endfacet
  facet normal -0.6087614290087141 -0.7933533402912403 0
    outer loop
      vertex 13.093502884254441 -30.90649711574556 -1.5999999999999996
      vertex 13.093502884254441 -30.90649711574556 17.31488308242537
      vertex 13.030960125760789 -30.85850636925073 17.30132582285678
    endloop
  endfacet
  facet normal -0.7933533402912368 -0.6087614290087184 0
    outer loop
      vertex 13.093502884254441 -30.90649711574556 -1.5999999999999996
      vertex 13.236574955313973 -31.09295226889528 17.293789943125642
      vertex 13.093502884254441 -30.90649711574556 17.31488308242537
    endloop
  endfacet
  facet normal 0.9238795325112873 0.38268343236508834 0
    outer loop
      vertex 9.91474093005077 -32.74175618569479 16.371532510892703
      vertex 9.91474093005077 -32.74175618569479 17.316330723192802
      vertex 9.964890829210495 -32.86282875239784 17.29737220266758
    endloop
  endfacet
  facet normal 0.38268343236509034 0.9238795325112866 0
    outer loop
      vertex 11.25824381430521 -34.08525906994923 16.221698731441734
      vertex 10.993146506041535 -33.975452169517816 17.294147658919243
      vertex 11.25824381430521 -34.08525906994923 17.311988900208572
    endloop
  endfacet
  facet normal 0.13052619222004805 0.9914448613738108 -2.0143688689541726e-15
    outer loop
      vertex 11.311930165538946 -34.09232701217551 16.216545971541386
      vertex 11.28512533738915 -34.088798089602186 17.306713372767806
      vertex 11.594260479530446 -34.12949650315712 17.295937937371193
    endloop
  endfacet
  facet normal 0.13052619222003572 0.9914448613738125 1.2716684202949333e-15
    outer loop
      vertex 11.311930165538946 -34.09232701217551 16.216545971541386
      vertex 11.594260479530446 -34.12949650315712 17.295937937371193
      vertex 11.75 -34.15 17.316511704058072
    endloop
  endfacet
  facet normal 0.9914448613738104 -0.13052619222005116 0
    outer loop
      vertex 9.91474093005077 -31.75824381430521 16.371532510892703
      vertex 9.91474093005077 -31.75824381430521 17.316330723192802
      vertex 9.890843650206724 -31.93976167596357 17.294863430245698
    endloop
  endfacet
  facet normal 0.7933533402912378 -0.6087614290087173 0
    outer loop
      vertex 10.104551732809567 -31.3 16.371532510892703
      vertex 10.263425044686027 -31.09295226889528 17.293789943125642
      vertex 10.104551732809567 -31.3 17.313616697365774
    endloop
  endfacet
  facet normal 0.7933533402912368 -0.6087614290087184 0
    outer loop
      vertex 10.406497115745559 -30.90649711574556 16.371532510892703
      vertex 10.406497115745559 -30.90649711574556 17.31488308242537
      vertex 10.263425044686027 -31.09295226889528 17.293789943125642
    endloop
  endfacet
  facet normal 0.3826834323651008 -0.9238795325112821 0
    outer loop
      vertex 10.8 -30.60455173280957 16.371532510892703
      vertex 10.993146506041537 -30.524547830482184 17.29414765891924
      vertex 10.8 -30.60455173280957 17.315787814957194
    endloop
  endfacet
  facet normal 0.3826834323650925 -0.9238795325112856 0
    outer loop
      vertex 11.25824381430521 -30.41474093005077 16.371532510892703
      vertex 11.25824381430521 -30.41474093005077 17.31198890020857
      vertex 10.993146506041537 -30.524547830482184 17.29414765891924
    endloop
  endfacet
  facet normal 0.1305261922200648 -0.9914448613738087 0
    outer loop
      vertex 11.25824381430521 -30.41474093005077 16.371532510892703
      vertex 11.284377998880364 -30.41130029937904 17.306739422532853
      vertex 11.25824381430521 -30.41474093005077 17.31198890020857
    endloop
  endfacet
  facet normal 0.1305261922200526 -0.9914448613738104 3.46847231517508e-16
    outer loop
      vertex 11.25824381430521 -30.41474093005077 16.371532510892703
      vertex 11.485332975227577 -30.384844074840313 17.299734792291662
      vertex 11.284377998880364 -30.41130029937904 17.306739422532853
    endloop
  endfacet
  facet normal -0.13052619222003592 -0.9914448613738125 0
    outer loop
      vertex 11.75 -30.35 16.371532510892703
      vertex 11.905739520469554 -30.37050349684288 17.295937937371193
      vertex 11.75 -30.35 17.316511704058072
    endloop
  endfacet
  facet normal -0.38268343236509034 0.9238795325112866 0
    outer loop
      vertex 12.24175618569479 -34.08525906994923 16.221698731441734
      vertex 12.24175618569479 -34.08525906994923 17.311988900208572
      vertex 12.506853493958465 -33.975452169517816 17.294147658919243
    endloop
  endfacet
  facet normal -0.9238795325112896 0.38268343236508295 -8.303361228378553e-16
    outer loop
      vertex 13.58525906994923 -32.74175618569479 16.371532510892703
      vertex 13.415590447720746 -33.15137247458796 17.30384895846617
      vertex 13.535109170789505 -32.86282875239784 17.29737220266758
    endloop
  endfacet
  facet normal -0.9238795325112873 0.38268343236508834 0
    outer loop
      vertex 13.58525906994923 -32.74175618569479 16.371532510892703
      vertex 13.535109170789505 -32.86282875239784 17.29737220266758
      vertex 13.58525906994923 -32.74175618569479 17.316330723192802
    endloop
  endfacet
  facet normal -0.9914448613738102 -0.13052619222005427 0
    outer loop
      vertex 13.65 -32.25 16.371532510892703
      vertex 13.65 -32.25 17.31
      vertex 13.609156349793276 -31.93976167596357 17.294863430245698
    endloop
  endfacet
  facet normal -0.3826834323651008 -0.9238795325112821 0
    outer loop
      vertex 12.7 -30.60455173280957 16.371532510892703
      vertex 12.7 -30.60455173280957 17.315787814957194
      vertex 12.506853493958463 -30.524547830482184 17.29414765891924
    endloop
  endfacet
  facet normal -0.7933533402912378 -0.6087614290087173 0
    outer loop
      vertex 13.395448267190433 -31.3 16.371532510892703
      vertex 13.395448267190433 -31.3 17.31361669736577
      vertex 13.236574955313973 -31.09295226889528 17.293789943125642
    endloop
  endfacet
  facet normal -0.6087614290087141 -0.7933533402912402 -1.0350543746580197e-15
    outer loop
      vertex 12.7 -30.60455173280957 16.371532510892703
      vertex 13.030960125760789 -30.85850636925073 17.30132582285678
      vertex 12.881773537957617 -30.744031474184865 17.300025861041984
    endloop
  endfacet
  facet normal -0.9914448613738104 -0.13052619222005116 0
    outer loop
      vertex 13.58525906994923 -31.75824381430521 16.371532510892703
      vertex 13.609156349793276 -31.93976167596357 17.294863430245698
      vertex 13.58525906994923 -31.75824381430521 17.316330723192802
    endloop
  endfacet
  facet normal 0.6866411125108506 0.17388114478419572 0.7058961184893987
    outer loop
      vertex 8.818995319452304 31.760901823863733 18.381532510892704
      vertex 9.91474093005077 31.75824381430521 17.316330723192802
      vertex 9.890843650206724 31.93976167596357 17.294863430245698
    endloop
  endfacet
  facet normal 0.6486563269227988 0.28452704519012784 0.705896118489398
    outer loop
      vertex 8.9394733169237 31.28514497098868 18.381532510892704
      vertex 10.084409552279254 31.34862752541205 17.303848958466173
      vertex 9.964890829210495 31.63717124760216 17.29737220266758
    endloop
  endfacet
  facet normal 0.6866411125108552 0.17388114478417946 0.705896118489398
    outer loop
      vertex 9.91474093005077 31.75824381430521 17.316330723192802
      vertex 8.9394733169237 31.28514497098868 18.381532510892704
      vertex 9.964890829210495 31.63717124760216 17.29737220266758
    endloop
  endfacet
  facet normal 0.5929778876571418 0.38741178950991545 0.7058961184893986
    outer loop
      vertex 9.136615155813155 30.835706848115706 18.381532510892704
      vertex 9.405043320666184 30.42484695563905 18.381532510892704
      vertex 10.263425044686027 31.09295226889528 17.293789943125642
    endloop
  endfacet
  facet normal 0.6486563269228007 0.2845270451901199 0.7058961184893995
    outer loop
      vertex 8.9394733169237 31.28514497098868 18.381532510892704
      vertex 9.136615155813155 30.835706848115706 18.381532510892704
      vertex 10.084409552279254 31.34862752541205 17.303848958466173
    endloop
  endfacet
  facet normal 0.6866411125108511 0.17388114478419106 0.7058961184893991
    outer loop
      vertex 8.818995319452304 31.760901823863733 18.381532510892704
      vertex 8.9394733169237 31.28514497098868 18.381532510892704
      vertex 9.91474093005077 31.75824381430521 17.316330723192802
    endloop
  endfacet
  facet normal 0.7058961184893983 0.05849222002285542 0.7058961184893988
    outer loop
      vertex 9.890843650206724 31.93976167596357 17.294863430245698
      vertex 9.85 32.25 17.31
      vertex 8.818995319452304 31.760901823863733 18.381532510892704
    endloop
  endfacet
  facet normal 0.705896118489398 -0.058492220022856055 0.7058961184893988
    outer loop
      vertex 9.85 32.25 17.31
      vertex 9.890843650206724 32.560238324036426 17.294863430245698
      vertex 8.818995319452304 32.73909817613627 18.381532510892704
    endloop
  endfacet
  facet normal 0.6866411125108508 -0.1738811447841919 0.7058961184893993
    outer loop
      vertex 8.9394733169237 33.21485502901132 18.381532510892704
      vertex 9.890843650206724 32.560238324036426 17.294863430245698
      vertex 9.91474093005077 32.74175618569479 17.316330723192802
    endloop
  endfacet
  facet normal 0.6866411125108556 -0.1738811447841796 0.7058961184893976
    outer loop
      vertex 9.91474093005077 32.74175618569479 17.316330723192802
      vertex 9.964890829210495 32.86282875239784 17.29737220266758
      vertex 8.9394733169237 33.21485502901132 18.381532510892704
    endloop
  endfacet
  facet normal 0.6486563269228097 -0.2845270451901072 0.7058961184893963
    outer loop
      vertex 9.136615155813155 33.6642931518843 18.381532510892704
      vertex 9.964890829210495 32.86282875239784 17.29737220266758
      vertex 10.002362724814837 32.95329391097368 17.29940281603851
    endloop
  endfacet
  facet normal 0.6486563269228028 -0.2845270451901181 0.7058961184893981
    outer loop
      vertex 10.002362724814837 32.95329391097368 17.29940281603851
      vertex 10.084409552279254 33.15137247458796 17.30384895846617
      vertex 9.136615155813155 33.6642931518843 18.381532510892704
    endloop
  endfacet
  facet normal 0.7058961184893978 0.058492220022856596 0.705896118489399
    outer loop
      vertex 8.778467489107292 32.25 18.381532510892704
      vertex 8.818995319452304 31.760901823863733 18.381532510892704
      vertex 9.85 32.25 17.31
    endloop
  endfacet
  facet normal 0.7058961184893978 -0.058492220022856596 0.705896118489399
    outer loop
      vertex 8.778467489107292 32.25 18.381532510892704
      vertex 9.85 32.25 17.31
      vertex 8.818995319452304 32.73909817613627 18.381532510892704
    endloop
  endfacet
  facet normal 0.6866411125108509 -0.1738811447841923 0.705896118489399
    outer loop
      vertex 8.9394733169237 33.21485502901132 18.381532510892704
      vertex 8.818995319452304 32.73909817613627 18.381532510892704
      vertex 9.890843650206724 32.560238324036426 17.294863430245698
    endloop
  endfacet
  facet normal 0.6486563269228044 -0.28452704519011474 0.705896118489398
    outer loop
      vertex 9.136615155813155 33.6642931518843 18.381532510892704
      vertex 8.9394733169237 33.21485502901132 18.381532510892704
      vertex 9.964890829210495 32.86282875239784 17.29737220266758
    endloop
  endfacet
  facet normal 0.5929778876571402 -0.3874117895099178 0.7058961184893985
    outer loop
      vertex 9.405043320666184 34.07515304436095 18.381532510892704
      vertex 9.136615155813155 33.6642931518843 18.381532510892704
      vertex 10.104551732809567 33.2 17.31361669736577
    endloop
  endfacet
  facet normal 0.5211245573941873 0.47972895011903716 0.7058961184893984
    outer loop
      vertex 10.406497115745559 30.90649711574556 17.31488308242537
      vertex 9.737435790885602 30.063772480393666 18.381532510892704
      vertex 10.469039874239211 30.85850636925073 17.30132582285678
    endloop
  endfacet
  facet normal 0.4350563076758372 0.558960355528966 0.7058961184893986
    outer loop
      vertex 10.71672326463008 30.66845221932969 17.29916759298901
      vertex 10.469039874239211 30.85850636925073 17.30132582285678
      vertex 9.737435790885602 30.063772480393666 18.381532510892704
    endloop
  endfacet
  facet normal 0.5929778876571439 0.3874117895099102 0.7058961184893997
    outer loop
      vertex 9.136615155813155 30.835706848115706 18.381532510892704
      vertex 10.263425044686027 31.09295226889528 17.293789943125642
      vertex 10.104551732809567 31.3 17.313616697365774
    endloop
  endfacet
  facet normal 0.5929778876571462 0.3874117895099061 0.7058961184894
    outer loop
      vertex 10.104551732809567 31.3 17.313616697365774
      vertex 10.084409552279254 31.34862752541205 17.303848958466173
      vertex 9.136615155813155 30.835706848115706 18.381532510892704
    endloop
  endfacet
  facet normal 0.5211245573941796 0.47972895011904576 0.7058961184893984
    outer loop
      vertex 9.405043320666184 30.42484695563905 18.381532510892704
      vertex 10.406497115745559 30.90649711574556 17.31488308242537
      vertex 10.263425044686027 31.09295226889528 17.293789943125642
    endloop
  endfacet
  facet normal 0.3371208559912616 0.6229447795409465 0.7058961184893996
    outer loop
      vertex 10.124725766366323 29.762332592813344 18.381532510892704
      vertex 10.993146506041537 30.524547830482184 17.29414765891924
      vertex 10.8 30.60455173280957 17.315787814957194
    endloop
  endfacet
  facet normal 0.33712085599125535 0.6229447795409507 0.7058961184893988
    outer loop
      vertex 10.8 30.60455173280957 17.315787814957194
      vertex 10.71672326463008 30.66845221932969 17.29916759298901
      vertex 10.124725766366323 29.762332592813344 18.381532510892704
    endloop
  endfacet
  facet normal 0.22998962616370355 0.6699368938629089 0.7058961184893976
    outer loop
      vertex 11.25824381430521 30.41474093005077 17.31198890020857
      vertex 10.993146506041537 30.524547830482184 17.29414765891924
      vertex 10.55634898616685 29.52874978723613 18.381532510892704
    endloop
  endfacet
  facet normal 0.5211245573941815 0.47972895011904265 0.7058961184893991
    outer loop
      vertex 9.405043320666184 30.42484695563905 18.381532510892704
      vertex 9.737435790885602 30.063772480393666 18.381532510892704
      vertex 10.406497115745559 30.90649711574556 17.31488308242537
    endloop
  endfacet
  facet normal 0.4350563076758379 0.5589603555289653 0.7058961184893989
    outer loop
      vertex 9.737435790885602 30.063772480393666 18.381532510892704
      vertex 10.124725766366323 29.762332592813344 18.381532510892704
      vertex 10.71672326463008 30.66845221932969 17.29916759298901
    endloop
  endfacet
  facet normal 0.33712085599125435 0.6229447795409525 0.7058961184893978
    outer loop
      vertex 10.124725766366323 29.762332592813344 18.381532510892704
      vertex 10.55634898616685 29.52874978723613 18.381532510892704
      vertex 10.993146506041537 30.524547830482184 17.29414765891924
    endloop
  endfacet
  facet normal 0.229989626163708 0.6699368938629064 0.7058961184893985
    outer loop
      vertex 11.25824381430521 30.41474093005077 17.31198890020857
      vertex 10.55634898616685 29.52874978723613 18.381532510892704
      vertex 11.020531894008782 29.369395593693245 18.381532510892704
    endloop
  endfacet
  facet normal 0 0.7083153746048454 0.7058961184893974
    outer loop
      vertex 11.504612790200724 29.288616779179154 18.381532510892704
      vertex 11.995387209799276 29.288616779179154 18.381532510892704
      vertex 11.905739520469554 30.37050349684288 17.295937937371193
    endloop
  endfacet
  facet normal 0.22998962616366364 0.6699368938629189 0.7058961184894008
    outer loop
      vertex 11.25824381430521 30.41474093005077 17.31198890020857
      vertex 11.020531894008782 29.369395593693245 18.381532510892704
      vertex 11.284377998880364 30.41130029937904 17.306739422532853
    endloop
  endfacet
  facet normal 0.11658487887264236 0.6986548761154187 0.7058961184893995
    outer loop
      vertex 11.020531894008782 29.369395593693245 18.381532510892704
      vertex 11.594260479530446 30.37050349684288 17.295937937371193
      vertex 11.284377998880364 30.41130029937904 17.306739422532853
    endloop
  endfacet
  facet normal -1.8145448169678468e-14 0.7083153746048462 0.7058961184893967
    outer loop
      vertex 11.75 30.35 17.316511704058072
      vertex 11.594260479530446 30.37050349684288 17.295937937371193
      vertex 11.504612790200724 29.288616779179154 18.381532510892704
    endloop
  endfacet
  facet normal 1.928472872985864e-14 0.7083153746048418 0.7058961184894011
    outer loop
      vertex 11.75 30.35 17.316511704058072
      vertex 11.504612790200724 29.288616779179154 18.381532510892704
      vertex 11.905739520469554 30.37050349684288 17.295937937371193
    endloop
  endfacet
  facet normal -0.11658487887264248 0.6986548761154212 0.7058961184893968
    outer loop
      vertex 11.995387209799276 29.288616779179154 18.381532510892704
      vertex 12.215622001119636 30.41130029937904 17.306739422532853
      vertex 11.905739520469554 30.37050349684288 17.295937937371193
    endloop
  endfacet
  facet normal 0.11658487887263153 0.6986548761154225 0.7058961184893974
    outer loop
      vertex 11.020531894008782 29.369395593693245 18.381532510892704
      vertex 11.504612790200724 29.288616779179154 18.381532510892704
      vertex 11.594260479530446 30.37050349684288 17.295937937371193
    endloop
  endfacet
  facet normal 0.592977887657134 -0.38741178950992894 0.7058961184893978
    outer loop
      vertex 10.104551732809567 33.2 17.31361669736577
      vertex 9.136615155813155 33.6642931518843 18.381532510892704
      vertex 10.084409552279254 33.15137247458796 17.30384895846617
    endloop
  endfacet
  facet normal 0.592977887657136 -0.38741178950992244 0.7058961184893998
    outer loop
      vertex 9.405043320666184 34.07515304436095 18.381532510892704
      vertex 10.104551732809567 33.2 17.31361669736577
      vertex 10.263425044686027 33.40704773110472 17.293789943125642
    endloop
  endfacet
  facet normal 0.5211245573941787 -0.47972895011904504 0.7058961184893993
    outer loop
      vertex 10.406497115745559 33.59350288425444 17.31488308242537
      vertex 9.737435790885602 34.436227519606334 18.381532510892704
      vertex 10.263425044686027 33.40704773110472 17.293789943125642
    endloop
  endfacet
  facet normal 0.5211245573941714 -0.47972895011905187 0.7058961184894
    outer loop
      vertex 9.737435790885602 34.436227519606334 18.381532510892704
      vertex 10.406497115745559 33.59350288425444 17.31488308242537
      vertex 10.469039874239211 33.64149363074927 17.30132582285678
    endloop
  endfacet
  facet normal 0.43505630767584474 -0.558960355528959 0.7058961184893997
    outer loop
      vertex 10.124725766366323 34.73766740718666 18.381532510892704
      vertex 10.469039874239211 33.64149363074927 17.30132582285678
      vertex 10.716723264630081 33.83154778067031 17.29916759298901
    endloop
  endfacet
  facet normal 0.33712085599124114 -0.6229447795409577 0.7058961184893995
    outer loop
      vertex 10.8 33.89544826719043 17.315787814957194
      vertex 10.124725766366323 34.73766740718666 18.381532510892704
      vertex 10.716723264630081 33.83154778067031 17.29916759298901
    endloop
  endfacet
  facet normal 0.5211245573941788 -0.479728950119045 0.7058961184893993
    outer loop
      vertex 9.737435790885602 34.436227519606334 18.381532510892704
      vertex 9.405043320666184 34.07515304436095 18.381532510892704
      vertex 10.263425044686027 33.40704773110472 17.293789943125642
    endloop
  endfacet
  facet normal 0.337120855991254 -0.6229447795409517 0.7058961184893987
    outer loop
      vertex 10.8 33.89544826719043 17.315787814957194
      vertex 10.993146506041535 33.975452169517816 17.294147658919243
      vertex 10.55634898616685 34.97125021276387 18.381532510892704
    endloop
  endfacet
  facet normal 0.4350563076758436 -0.5589603555289594 0.7058961184893999
    outer loop
      vertex 10.124725766366323 34.73766740718666 18.381532510892704
      vertex 9.737435790885602 34.436227519606334 18.381532510892704
      vertex 10.469039874239211 33.64149363074927 17.30132582285678
    endloop
  endfacet
  facet normal 0.33712085599124536 -0.622944779540955 0.7058961184894
    outer loop
      vertex 10.8 33.89544826719043 17.315787814957194
      vertex 10.55634898616685 34.97125021276387 18.381532510892704
      vertex 10.124725766366323 34.73766740718666 18.381532510892704
    endloop
  endfacet
  facet normal 0.22998962616370344 -0.6699368938629079 0.7058961184893986
    outer loop
      vertex 11.020531894008782 35.13060440630675 18.381532510892704
      vertex 10.55634898616685 34.97125021276387 18.381532510892704
      vertex 10.993146506041535 33.975452169517816 17.294147658919243
    endloop
  endfacet
  facet normal 0.22998962616370133 -0.6699368938629081 0.7058961184893989
    outer loop
      vertex 11.020531894008782 35.13060440630675 18.381532510892704
      vertex 10.993146506041535 33.975452169517816 17.294147658919243
      vertex 11.25824381430521 34.08525906994923 17.311988900208572
    endloop
  endfacet
  facet normal 0.22998962616368324 -0.6699368938629132 0.7058961184893998
    outer loop
      vertex 11.25824381430521 34.08525906994923 17.311988900208572
      vertex 11.284377998880363 34.08869970062096 17.306739422532853
      vertex 11.020531894008782 35.13060440630675 18.381532510892704
    endloop
  endfacet
  facet normal 0.11658487887264983 -0.6986548761154213 0.7058961184893955
    outer loop
      vertex 11.284377998880363 34.08869970062096 17.306739422532853
      vertex 11.594260479530446 34.12949650315712 17.295937937371193
      vertex 11.504612790200722 35.21138322082084 18.381532510892704
    endloop
  endfacet
  facet normal -2.1852566708570527e-14 -0.7083153746048475 0.7058961184893954
    outer loop
      vertex 11.72327258200697 34.14648126866715 17.312980913284647
      vertex 11.504612790200722 35.21138322082084 18.381532510892704
      vertex 11.594260479530446 34.12949650315712 17.295937937371193
    endloop
  endfacet
  facet normal 1.1310555632984111e-15 -0.7083153746048452 0.7058961184893977
    outer loop
      vertex 11.72327258200697 34.14648126866715 17.312980913284647
      vertex 11.75 34.15 17.316511704058072
      vertex 11.504612790200722 35.21138322082084 18.381532510892704
    endloop
  endfacet
  facet normal 1.7843503311070536e-14 -0.7083153746048474 0.7058961184893956
    outer loop
      vertex 11.75 34.15 17.316511704058072
      vertex 11.905739520469554 34.12949650315712 17.295937937371193
      vertex 11.995387209799276 35.21138322082084 18.381532510892704
    endloop
  endfacet
  facet normal -0.11658487887264293 -0.6986548761154223 0.7058961184893957
    outer loop
      vertex 11.905739520469554 34.12949650315712 17.295937937371193
      vertex 12.21487466261085 34.088798089602186 17.306713372767806
      vertex 11.995387209799276 35.21138322082084 18.381532510892704
    endloop
  endfacet
  facet normal -0.1165848788722742 -0.6986548761154152 0.7058961184894637
    outer loop
      vertex 12.21487466261085 34.088798089602186 17.306713372767806
      vertex 12.215622001119637 34.088699700620964 17.306739422532857
      vertex 11.995387209799276 35.21138322082084 18.381532510892704
    endloop
  endfacet
  facet normal 0.11658487887263153 -0.698654876115421 0.7058961184893989
    outer loop
      vertex 11.284377998880363 34.08869970062096 17.306739422532853
      vertex 11.504612790200722 35.21138322082084 18.381532510892704
      vertex 11.020531894008782 35.13060440630675 18.381532510892704
    endloop
  endfacet
  facet normal 0 -0.7083153746048453 0.7058961184893976
    outer loop
      vertex 11.75 34.15 17.316511704058072
      vertex 11.995387209799276 35.21138322082084 18.381532510892704
      vertex 11.504612790200722 35.21138322082084 18.381532510892704
    endloop
  endfacet
  facet normal -0.22998962616366364 0.6699368938629189 0.7058961184894008
    outer loop
      vertex 12.24175618569479 30.41474093005077 17.31198890020857
      vertex 12.215622001119636 30.41130029937904 17.306739422532853
      vertex 12.479468105991218 29.369395593693245 18.381532510892704
    endloop
  endfacet
  facet normal -0.22998962616370305 0.6699368938629078 0.7058961184893987
    outer loop
      vertex 12.24175618569479 30.41474093005077 17.31198890020857
      vertex 12.479468105991218 29.369395593693245 18.381532510892704
      vertex 12.506853493958463 30.524547830482184 17.29414765891924
    endloop
  endfacet
  facet normal -0.3371208559912623 0.6229447795409486 0.7058961184893976
    outer loop
      vertex 12.94365101383315 29.52874978723613 18.381532510892704
      vertex 12.7 30.60455173280957 17.315787814957194
      vertex 12.506853493958463 30.524547830482184 17.29414765891924
    endloop
  endfacet
  facet normal -0.4350563076758344 0.5589603555289665 0.7058961184894
    outer loop
      vertex 13.375274233633675 29.76233259281334 18.381532510892704
      vertex 13.030960125760789 30.85850636925073 17.30132582285678
      vertex 12.783276735369919 30.66845221932969 17.29916759298901
    endloop
  endfacet
  facet normal -0.3371208559912595 0.6229447795409472 0.7058961184894003
    outer loop
      vertex 12.7 30.60455173280957 17.315787814957194
      vertex 13.375274233633675 29.76233259281334 18.381532510892704
      vertex 12.783276735369919 30.66845221932969 17.29916759298901
    endloop
  endfacet
  facet normal -0.5211245573941873 0.47972895011903716 0.7058961184893984
    outer loop
      vertex 13.093502884254441 30.90649711574556 17.31488308242537
      vertex 13.030960125760789 30.85850636925073 17.30132582285678
      vertex 13.762564209114398 30.063772480393666 18.381532510892704
    endloop
  endfacet
  facet normal -0.11658487887263128 0.6986548761154211 0.7058961184893991
    outer loop
      vertex 11.995387209799276 29.288616779179154 18.381532510892704
      vertex 12.479468105991218 29.369395593693245 18.381532510892704
      vertex 12.215622001119636 30.41130029937904 17.306739422532853
    endloop
  endfacet
  facet normal -0.22998962616370827 0.669936893862907 0.7058961184893976
    outer loop
      vertex 12.479468105991218 29.369395593693245 18.381532510892704
      vertex 12.94365101383315 29.52874978723613 18.381532510892704
      vertex 12.506853493958463 30.524547830482184 17.29414765891924
    endloop
  endfacet
  facet normal -0.3371208559912508 0.6229447795409528 0.7058961184893991
    outer loop
      vertex 12.94365101383315 29.52874978723613 18.381532510892704
      vertex 13.375274233633675 29.76233259281334 18.381532510892704
      vertex 12.7 30.60455173280957 17.315787814957194
    endloop
  endfacet
  facet normal -0.43505630767583986 0.5589603555289638 0.7058961184893988
    outer loop
      vertex 13.375274233633675 29.76233259281334 18.381532510892704
      vertex 13.762564209114398 30.063772480393666 18.381532510892704
      vertex 13.030960125760789 30.85850636925073 17.30132582285678
    endloop
  endfacet
  facet normal -0.5211245573941795 0.4797289501190456 0.7058961184893985
    outer loop
      vertex 13.093502884254441 30.90649711574556 17.31488308242537
      vertex 14.094956679333816 30.42484695563905 18.381532510892704
      vertex 13.236574955313973 31.09295226889528 17.293789943125642
    endloop
  endfacet
  facet normal -0.5929778876571451 0.3874117895099108 0.7058961184893984
    outer loop
      vertex 13.395448267190433 31.3 17.313616697365774
      vertex 13.236574955313973 31.09295226889528 17.293789943125642
      vertex 14.094956679333816 30.42484695563905 18.381532510892704
    endloop
  endfacet
  facet normal -0.5929778876571683 0.38741178950987015 0.705896118489401
    outer loop
      vertex 13.40580630270728 31.325006509824316 17.30859367682988
      vertex 14.363384844186845 30.835706848115706 18.381532510892704
      vertex 13.415590447720744 31.34862752541205 17.30384895846617
    endloop
  endfacet
  facet normal -0.6486563269227995 0.2845270451901236 0.7058961184893989
    outer loop
      vertex 13.535109170789505 31.63717124760216 17.29737220266758
      vertex 13.415590447720744 31.34862752541205 17.30384895846617
      vertex 14.363384844186845 30.835706848115706 18.381532510892704
    endloop
  endfacet
  facet normal -0.5929778876571007 0.38741178950998695 0.7058961184893939
    outer loop
      vertex 13.395448267190433 31.3 17.313616697365774
      vertex 14.363384844186845 30.835706848115706 18.381532510892704
      vertex 13.40580630270728 31.325006509824316 17.30859367682988
    endloop
  endfacet
  facet normal -0.6866411125108552 0.17388114478417946 0.705896118489398
    outer loop
      vertex 13.58525906994923 31.75824381430521 17.316330723192802
      vertex 13.535109170789505 31.63717124760216 17.29737220266758
      vertex 14.5605266830763 31.28514497098868 18.381532510892704
    endloop
  endfacet
  facet normal -0.6866411125108216 0.17388114478427172 0.705896118489408
    outer loop
      vertex 13.588777188086947 31.78496657461883 17.31317034371958
      vertex 13.58525906994923 31.75824381430521 17.316330723192802
      vertex 14.5605266830763 31.28514497098868 18.381532510892704
    endloop
  endfacet
  facet normal -0.6866411125108536 0.1738811447841824 0.7058961184893989
    outer loop
      vertex 13.588777188086947 31.78496657461883 17.31317034371958
      vertex 14.681004680547696 31.760901823863737 18.381532510892704
      vertex 13.609156349793276 31.93976167596357 17.294863430245698
    endloop
  endfacet
  facet normal -0.5211245573941815 0.47972895011904265 0.7058961184893991
    outer loop
      vertex 13.762564209114398 30.063772480393666 18.381532510892704
      vertex 14.094956679333816 30.42484695563905 18.381532510892704
      vertex 13.093502884254441 30.90649711574556 17.31488308242537
    endloop
  endfacet
  facet normal -0.5929778876571413 0.38741178950991495 0.7058961184893993
    outer loop
      vertex 13.395448267190433 31.3 17.313616697365774
      vertex 14.094956679333816 30.42484695563905 18.381532510892704
      vertex 14.363384844186845 30.835706848115706 18.381532510892704
    endloop
  endfacet
  facet normal -0.6486563269228017 0.28452704519012034 0.7058961184893984
    outer loop
      vertex 14.363384844186845 30.835706848115706 18.381532510892704
      vertex 14.5605266830763 31.28514497098868 18.381532510892704
      vertex 13.535109170789505 31.63717124760216 17.29737220266758
    endloop
  endfacet
  facet normal -0.6866411125108526 0.17388114478419 0.705896118489398
    outer loop
      vertex 13.588777188086947 31.78496657461883 17.31317034371958
      vertex 14.5605266830763 31.28514497098868 18.381532510892704
      vertex 14.681004680547696 31.760901823863737 18.381532510892704
    endloop
  endfacet
  facet normal -0.3371208559912534 -0.6229447795409496 0.7058961184894008
    outer loop
      vertex 12.7 33.89544826719043 17.315787814957194
      vertex 13.375274233633677 34.73766740718666 18.381532510892704
      vertex 12.506853493958465 33.975452169517816 17.294147658919243
    endloop
  endfacet
  facet normal -0.33712085599124114 -0.6229447795409577 0.7058961184893995
    outer loop
      vertex 12.7 33.89544826719043 17.315787814957194
      vertex 12.783276735369919 33.83154778067031 17.29916759298901
      vertex 13.375274233633677 34.73766740718666 18.381532510892704
    endloop
  endfacet
  facet normal -0.43505630767584424 -0.5589603555289587 0.7058961184894
    outer loop
      vertex 13.762564209114398 34.436227519606334 18.381532510892704
      vertex 12.783276735369919 33.83154778067031 17.29916759298901
      vertex 13.030960125760789 33.64149363074927 17.30132582285678
    endloop
  endfacet
  facet normal -0.5211245573941716 -0.4797289501190517 0.7058961184894001
    outer loop
      vertex 13.093502884254441 33.59350288425444 17.31488308242537
      vertex 13.762564209114398 34.436227519606334 18.381532510892704
      vertex 13.030960125760789 33.64149363074927 17.30132582285678
    endloop
  endfacet
  facet normal -0.2299896261637656 -0.6699368938628877 0.7058961184893975
    outer loop
      vertex 12.24175618569479 34.08525906994923 17.311988900208572
      vertex 12.479468105991218 35.13060440630676 18.381532510892704
      vertex 12.215622001119637 34.088699700620964 17.306739422532857
    endloop
  endfacet
  facet normal -0.22998962616370178 -0.6699368938629086 0.7058961184893984
    outer loop
      vertex 12.24175618569479 34.08525906994923 17.311988900208572
      vertex 12.506853493958465 33.975452169517816 17.294147658919243
      vertex 12.94365101383315 34.97125021276387 18.381532510892704
    endloop
  endfacet
  facet normal -0.1165848788726212 -0.698654876115422 0.7058961184893997
    outer loop
      vertex 12.479468105991218 35.13060440630676 18.381532510892704
      vertex 11.995387209799276 35.21138322082084 18.381532510892704
      vertex 12.215622001119637 34.088699700620964 17.306739422532857
    endloop
  endfacet
  facet normal -0.22998962616371196 -0.6699368938629028 0.7058961184894004
    outer loop
      vertex 12.94365101383315 34.97125021276387 18.381532510892704
      vertex 12.479468105991218 35.13060440630676 18.381532510892704
      vertex 12.24175618569479 34.08525906994923 17.311988900208572
    endloop
  endfacet
  facet normal -0.33712085599124586 -0.6229447795409557 0.705896118489399
    outer loop
      vertex 13.375274233633677 34.73766740718666 18.381532510892704
      vertex 12.94365101383315 34.97125021276387 18.381532510892704
      vertex 12.506853493958465 33.975452169517816 17.294147658919243
    endloop
  endfacet
  facet normal -0.4350563076758437 -0.5589603555289595 0.7058961184893997
    outer loop
      vertex 13.762564209114398 34.436227519606334 18.381532510892704
      vertex 13.375274233633677 34.73766740718666 18.381532510892704
      vertex 12.783276735369919 33.83154778067031 17.29916759298901
    endloop
  endfacet
  facet normal -0.7058961184893983 0.05849222002285544 0.7058961184893987
    outer loop
      vertex 13.65 32.25 17.31
      vertex 13.609156349793276 31.93976167596357 17.294863430245698
      vertex 14.681004680547696 31.760901823863737 18.381532510892704
    endloop
  endfacet
  facet normal -0.7058961184893978 -0.05849222002285604 0.705896118489399
    outer loop
      vertex 13.609156349793276 32.560238324036426 17.294863430245698
      vertex 13.65 32.25 17.31
      vertex 14.721532510892708 32.25 18.381532510892704
    endloop
  endfacet
  facet normal -0.6866411125108509 -0.1738811447841923 0.705896118489399
    outer loop
      vertex 13.58525906994923 32.74175618569479 17.316330723192802
      vertex 13.609156349793276 32.560238324036426 17.294863430245698
      vertex 14.681004680547696 32.73909817613627 18.381532510892704
    endloop
  endfacet
  facet normal -0.6866411125108551 -0.17388114478417932 0.7058961184893983
    outer loop
      vertex 13.58525906994923 32.74175618569479 17.316330723192802
      vertex 14.5605266830763 33.214855029011325 18.381532510892704
      vertex 13.535109170789505 32.86282875239784 17.29737220266758
    endloop
  endfacet
  facet normal -0.5929778876571415 -0.3874117895099147 0.7058961184893991
    outer loop
      vertex 13.395448267190433 33.2 17.313616697365774
      vertex 14.363384844186847 33.664293151884294 18.381532510892704
      vertex 13.236574955313973 33.40704773110472 17.293789943125642
    endloop
  endfacet
  facet normal -0.5211245573941788 -0.47972895011904515 0.7058961184893994
    outer loop
      vertex 13.093502884254441 33.59350288425444 17.31488308242537
      vertex 13.236574955313973 33.40704773110472 17.293789943125642
      vertex 14.094956679333816 34.07515304436095 18.381532510892704
    endloop
  endfacet
  facet normal -0.6486563269228025 -0.2845270451901168 0.7058961184893988
    outer loop
      vertex 14.5605266830763 33.214855029011325 18.381532510892704
      vertex 13.415590447720747 33.15137247458795 17.30384895846617
      vertex 13.535109170789505 32.86282875239784 17.29737220266758
    endloop
  endfacet
  facet normal -0.5929778876571261 -0.3874117895099421 0.7058961184893972
    outer loop
      vertex 13.395448267190433 33.2 17.313616697365774
      vertex 13.415590447720747 33.15137247458795 17.30384895846617
      vertex 14.363384844186847 33.664293151884294 18.381532510892704
    endloop
  endfacet
  facet normal -0.5211245573941786 -0.47972895011904504 0.7058961184893993
    outer loop
      vertex 13.093502884254441 33.59350288425444 17.31488308242537
      vertex 14.094956679333816 34.07515304436095 18.381532510892704
      vertex 13.762564209114398 34.436227519606334 18.381532510892704
    endloop
  endfacet
  facet normal -0.5929778876571417 -0.3874117895099146 0.7058961184893991
    outer loop
      vertex 13.236574955313973 33.40704773110472 17.293789943125642
      vertex 14.363384844186847 33.664293151884294 18.381532510892704
      vertex 14.094956679333816 34.07515304436095 18.381532510892704
    endloop
  endfacet
  facet normal -0.6866411125108512 -0.1738811447841898 0.7058961184893994
    outer loop
      vertex 13.58525906994923 32.74175618569479 17.316330723192802
      vertex 14.681004680547696 32.73909817613627 18.381532510892704
      vertex 14.5605266830763 33.214855029011325 18.381532510892704
    endloop
  endfacet
  facet normal -0.7058961184893978 0.05849222002285701 0.705896118489399
    outer loop
      vertex 14.681004680547696 31.760901823863737 18.381532510892704
      vertex 14.721532510892708 32.25 18.381532510892704
      vertex 13.65 32.25 17.31
    endloop
  endfacet
  facet normal -0.7058961184893978 -0.05849222002285662 0.705896118489399
    outer loop
      vertex 13.609156349793276 32.560238324036426 17.294863430245698
      vertex 14.721532510892708 32.25 18.381532510892704
      vertex 14.681004680547696 32.73909817613627 18.381532510892704
    endloop
  endfacet
  facet normal -0.6486563269228017 -0.28452704519012 0.7058961184893983
    outer loop
      vertex 14.5605266830763 33.214855029011325 18.381532510892704
      vertex 14.363384844186847 33.664293151884294 18.381532510892704
      vertex 13.415590447720747 33.15137247458795 17.30384895846617
    endloop
  endfacet
  facet normal 0.6486563269228036 0.2845270451901139 0.705896118489399
    outer loop
      vertex 8.9394733169237 -33.214855029011325 18.381532510892704
      vertex 10.084409552279254 -33.15137247458796 17.30384895846617
      vertex 9.964890829210495 -32.86282875239784 17.29737220266758
    endloop
  endfacet
  facet normal 0.6866411125108508 0.1738811447841924 0.705896118489399
    outer loop
      vertex 8.818995319452304 -32.73909817613627 18.381532510892704
      vertex 9.91474093005077 -32.74175618569479 17.316330723192802
      vertex 9.890843650206724 -32.560238324036426 17.294863430245698
    endloop
  endfacet
  facet normal 0.7058961184893994 0.05849222002284556 0.7058961184893985
    outer loop
      vertex 9.88493039355935 -32.51532268053753 17.29705487056176
      vertex 8.818995319452304 -32.73909817613627 18.381532510892704
      vertex 9.890843650206724 -32.560238324036426 17.294863430245698
    endloop
  endfacet
  facet normal 0.6866411125108551 0.17388114478417932 0.7058961184893983
    outer loop
      vertex 9.91474093005077 -32.74175618569479 17.316330723192802
      vertex 8.9394733169237 -33.214855029011325 18.381532510892704
      vertex 9.964890829210495 -32.86282875239784 17.29737220266758
    endloop
  endfacet
  facet normal 0.7058961184893975 0.0584922200228578 0.7058961184893994
    outer loop
      vertex 9.88493039355935 -32.51532268053753 17.29705487056176
      vertex 9.85 -32.25 17.31
      vertex 8.818995319452304 -32.73909817613627 18.381532510892704
    endloop
  endfacet
  facet normal 0.7058961184893988 -0.05849222002285552 0.7058961184893983
    outer loop
      vertex 9.85 -32.25 17.31
      vertex 9.890843650206724 -31.93976167596357 17.294863430245698
      vertex 8.818995319452306 -31.760901823863733 18.381532510892704
    endloop
  endfacet
  facet normal 0.6486563269228023 0.28452704519012023 0.7058961184893978
    outer loop
      vertex 8.9394733169237 -33.214855029011325 18.381532510892704
      vertex 9.136615155813153 -33.664293151884294 18.381532510892704
      vertex 10.084409552279254 -33.15137247458796 17.30384895846617
    endloop
  endfacet
  facet normal 0.5929778876571415 0.3874117895099145 0.7058961184893991
    outer loop
      vertex 9.136615155813153 -33.664293151884294 18.381532510892704
      vertex 9.405043320666184 -34.07515304436095 18.381532510892704
      vertex 10.263425044686027 -33.40704773110472 17.293789943125642
    endloop
  endfacet
  facet normal 0.6866411125108512 0.1738811447841898 0.7058961184893994
    outer loop
      vertex 8.818995319452304 -32.73909817613627 18.381532510892704
      vertex 8.9394733169237 -33.214855029011325 18.381532510892704
      vertex 9.91474093005077 -32.74175618569479 17.316330723192802
    endloop
  endfacet
  facet normal 0.7058961184893978 0.058492220022856596 0.705896118489399
    outer loop
      vertex 8.778467489107292 -32.25 18.381532510892704
      vertex 8.818995319452304 -32.73909817613627 18.381532510892704
      vertex 9.85 -32.25 17.31
    endloop
  endfacet
  facet normal 0.7058961184893977 -0.05849222002285929 0.7058961184893989
    outer loop
      vertex 9.85 -32.25 17.31
      vertex 8.818995319452306 -31.760901823863733 18.381532510892704
      vertex 8.778467489107292 -32.25 18.381532510892704
    endloop
  endfacet
  facet normal 0.6866411125108491 -0.17388114478419514 0.7058961184894
    outer loop
      vertex 8.9394733169237 -31.285144970988675 18.381532510892704
      vertex 9.890843650206724 -31.93976167596357 17.294863430245698
      vertex 9.91474093005077 -31.75824381430521 17.316330723192802
    endloop
  endfacet
  facet normal 0.6866411125108551 -0.17388114478417932 0.7058961184893983
    outer loop
      vertex 9.91474093005077 -31.75824381430521 17.316330723192802
      vertex 9.964890829210495 -31.63717124760216 17.29737220266758
      vertex 8.9394733169237 -31.285144970988675 18.381532510892704
    endloop
  endfacet
  facet normal 0.6486563269227974 -0.2845270451901274 0.7058961184893993
    outer loop
      vertex 9.964890829210495 -31.63717124760216 17.29737220266758
      vertex 10.084409552279254 -31.34862752541205 17.303848958466173
      vertex 9.136615155813155 -30.83570684811571 18.381532510892704
    endloop
  endfacet
  facet normal 0.6866411125108527 -0.1738811447841876 0.7058961184893985
    outer loop
      vertex 8.9394733169237 -31.285144970988675 18.381532510892704
      vertex 8.818995319452306 -31.760901823863733 18.381532510892704
      vertex 9.890843650206724 -31.93976167596357 17.294863430245698
    endloop
  endfacet
  facet normal 0.6486563269227997 -0.28452704519012395 0.7058961184893986
    outer loop
      vertex 9.136615155813155 -30.83570684811571 18.381532510892704
      vertex 8.9394733169237 -31.285144970988675 18.381532510892704
      vertex 9.964890829210495 -31.63717124760216 17.29737220266758
    endloop
  endfacet
  facet normal 0.5929778876571432 -0.387411789509913 0.7058961184893988
    outer loop
      vertex 9.405043320666184 -30.42484695563905 18.381532510892704
      vertex 9.136615155813155 -30.83570684811571 18.381532510892704
      vertex 10.104551732809567 -31.3 17.313616697365774
    endloop
  endfacet
  facet normal 0.22998962616370178 0.6699368938629086 0.7058961184893984
    outer loop
      vertex 11.25824381430521 -34.08525906994923 17.311988900208572
      vertex 10.993146506041535 -33.975452169517816 17.294147658919243
      vertex 10.55634898616685 -34.97125021276387 18.381532510892704
    endloop
  endfacet
  facet normal 0.4350563076758382 0.5589603555289657 0.7058961184893983
    outer loop
      vertex 9.737435790885602 -34.436227519606334 18.381532510892704
      vertex 10.124725766366323 -34.737667407186656 18.381532510892704
      vertex 10.716723264630081 -33.83154778067031 17.29916759298901
    endloop
  endfacet
  facet normal 0.33712085599125396 0.6229447795409517 0.7058961184893987
    outer loop
      vertex 10.124725766366323 -34.737667407186656 18.381532510892704
      vertex 10.55634898616685 -34.97125021276387 18.381532510892704
      vertex 10.993146506041535 -33.975452169517816 17.294147658919243
    endloop
  endfacet
  facet normal 0.22998962616370336 0.6699368938629077 0.7058961184893987
    outer loop
      vertex 10.55634898616685 -34.97125021276387 18.381532510892704
      vertex 11.020531894008782 -35.13060440630675 18.381532510892704
      vertex 11.25824381430521 -34.08525906994923 17.311988900208572
    endloop
  endfacet
  facet normal 0.5211245573941788 0.47972895011904515 0.7058961184893994
    outer loop
      vertex 10.406497115745559 -33.59350288425444 17.31488308242537
      vertex 10.263425044686027 -33.40704773110472 17.293789943125642
      vertex 9.405043320666184 -34.07515304436095 18.381532510892704
    endloop
  endfacet
  facet normal 0.5929778876571377 0.3874117895099242 0.7058961184893973
    outer loop
      vertex 9.136615155813153 -33.664293151884294 18.381532510892704
      vertex 10.263425044686027 -33.40704773110472 17.293789943125642
      vertex 10.104551732809567 -33.2 17.31361669736577
    endloop
  endfacet
  facet normal 0.5929778876571348 0.3874117895099291 0.705896118489397
    outer loop
      vertex 10.104551732809567 -33.2 17.31361669736577
      vertex 10.084409552279254 -33.15137247458796 17.30384895846617
      vertex 9.136615155813153 -33.664293151884294 18.381532510892704
    endloop
  endfacet
  facet normal 0.5211245573941728 0.479728950119054 0.7058961184893977
    outer loop
      vertex 10.406497115745559 -33.59350288425444 17.31488308242537
      vertex 9.405043320666184 -34.07515304436095 18.381532510892704
      vertex 10.469039874239211 -33.64149363074927 17.30132582285678
    endloop
  endfacet
  facet normal 0.43505630767584424 0.5589603555289587 0.7058961184894
    outer loop
      vertex 9.737435790885602 -34.436227519606334 18.381532510892704
      vertex 10.716723264630081 -33.83154778067031 17.29916759298901
      vertex 10.469039874239211 -33.64149363074927 17.30132582285678
    endloop
  endfacet
  facet normal 0.337120855991254 0.6229447795409517 0.7058961184893986
    outer loop
      vertex 10.8 -33.89544826719043 17.315787814957194
      vertex 10.124725766366323 -34.737667407186656 18.381532510892704
      vertex 10.993146506041535 -33.975452169517816 17.294147658919243
    endloop
  endfacet
  facet normal 0.33712085599124264 0.6229447795409592 0.7058961184893975
    outer loop
      vertex 10.8 -33.89544826719043 17.315787814957194
      vertex 10.716723264630081 -33.83154778067031 17.29916759298901
      vertex 10.124725766366323 -34.737667407186656 18.381532510892704
    endloop
  endfacet
  facet normal 0.5211245573941786 0.4797289501190447 0.7058961184893996
    outer loop
      vertex 9.405043320666184 -34.07515304436095 18.381532510892704
      vertex 9.737435790885602 -34.436227519606334 18.381532510892704
      vertex 10.469039874239211 -33.64149363074927 17.30132582285678
    endloop
  endfacet
  facet normal 0.2299896261637654 0.6699368938628899 0.7058961184893953
    outer loop
      vertex 11.25824381430521 -34.08525906994923 17.311988900208572
      vertex 11.020531894008782 -35.13060440630675 18.381532510892704
      vertex 11.284377998880363 -34.088699700620964 17.306739422532857
    endloop
  endfacet
  facet normal 0.11658487887227398 0.6986548761154129 0.705896118489466
    outer loop
      vertex 11.28512533738915 -34.088798089602186 17.306713372767806
      vertex 11.284377998880363 -34.088699700620964 17.306739422532857
      vertex 11.504612790200724 -35.21138322082085 18.381532510892704
    endloop
  endfacet
  facet normal 0.11658487887264274 0.6986548761154201 0.705896118489398
    outer loop
      vertex 11.594260479530446 -34.12949650315712 17.295937937371193
      vertex 11.28512533738915 -34.088798089602186 17.306713372767806
      vertex 11.504612790200724 -35.21138322082085 18.381532510892704
    endloop
  endfacet
  facet normal -1.84473930282864e-14 0.708315374604845 0.7058961184893978
    outer loop
      vertex 11.75 -34.15 17.316511704058072
      vertex 11.594260479530446 -34.12949650315712 17.295937937371193
      vertex 11.504612790200724 -35.21138322082085 18.381532510892704
    endloop
  endfacet
  facet normal -5.23636834860374e-16 0.7083153746048428 0.7058961184894001
    outer loop
      vertex 11.77672741799303 -34.14648126866715 17.312980913284647
      vertex 11.75 -34.15 17.316511704058072
      vertex 11.995387209799276 -35.21138322082085 18.381532510892704
    endloop
  endfacet
  facet normal 2.2460064591652246e-14 0.7083153746048453 0.7058961184893977
    outer loop
      vertex 11.77672741799303 -34.14648126866715 17.312980913284647
      vertex 11.995387209799276 -35.21138322082085 18.381532510892704
      vertex 11.905739520469554 -34.12949650315712 17.295937937371193
    endloop
  endfacet
  facet normal -0.11658487887264966 0.6986548761154192 0.7058961184893977
    outer loop
      vertex 12.215622001119637 -34.08869970062096 17.306739422532853
      vertex 11.905739520469554 -34.12949650315712 17.295937937371193
      vertex 11.995387209799276 -35.21138322082085 18.381532510892704
    endloop
  endfacet
  facet normal 0.1165848788726414 0.6986548761154202 0.7058961184893983
    outer loop
      vertex 11.504612790200724 -35.21138322082085 18.381532510892704
      vertex 11.284377998880363 -34.088699700620964 17.306739422532857
      vertex 11.020531894008782 -35.13060440630675 18.381532510892704
    endloop
  endfacet
  facet normal 0 0.7083153746048428 0.7058961184894
    outer loop
      vertex 11.75 -34.15 17.316511704058072
      vertex 11.504612790200724 -35.21138322082085 18.381532510892704
      vertex 11.995387209799276 -35.21138322082085 18.381532510892704
    endloop
  endfacet
  facet normal 0.5929778876571469 -0.38741178950990623 0.7058961184893994
    outer loop
      vertex 10.104551732809567 -31.3 17.313616697365774
      vertex 9.136615155813155 -30.83570684811571 18.381532510892704
      vertex 10.084409552279254 -31.34862752541205 17.303848958466173
    endloop
  endfacet
  facet normal 0.5929778876571451 -0.3874117895099106 0.7058961184893985
    outer loop
      vertex 9.405043320666184 -30.42484695563905 18.381532510892704
      vertex 10.104551732809567 -31.3 17.313616697365774
      vertex 10.263425044686027 -31.09295226889528 17.293789943125642
    endloop
  endfacet
  facet normal 0.5211245573941788 -0.479728950119045 0.7058961184893994
    outer loop
      vertex 9.737435790885602 -30.063772480393666 18.381532510892704
      vertex 10.263425044686027 -31.09295226889528 17.293789943125642
      vertex 10.406497115745559 -30.90649711574556 17.31488308242537
    endloop
  endfacet
  facet normal 0.5211245573941873 -0.47972895011903716 0.7058961184893984
    outer loop
      vertex 10.406497115745559 -30.90649711574556 17.31488308242537
      vertex 10.469039874239211 -30.85850636925073 17.30132582285678
      vertex 9.737435790885602 -30.063772480393666 18.381532510892704
    endloop
  endfacet
  facet normal 0.43505630767583703 -0.5589603555289657 0.7058961184893989
    outer loop
      vertex 10.124725766366323 -29.762332592813344 18.381532510892704
      vertex 10.469039874239211 -30.85850636925073 17.30132582285678
      vertex 10.71672326463008 -30.66845221932969 17.29916759298901
    endloop
  endfacet
  facet normal 0.33712085599125535 -0.6229447795409507 0.7058961184893988
    outer loop
      vertex 10.8 -30.60455173280957 17.315787814957194
      vertex 10.124725766366323 -29.762332592813344 18.381532510892704
      vertex 10.71672326463008 -30.66845221932969 17.29916759298901
    endloop
  endfacet
  facet normal 0.33712085599126246 -0.6229447795409485 0.7058961184893974
    outer loop
      vertex 10.8 -30.60455173280957 17.315787814957194
      vertex 10.993146506041537 -30.524547830482184 17.29414765891924
      vertex 10.55634898616685 -29.52874978723613 18.381532510892704
    endloop
  endfacet
  facet normal 0.5211245573941817 -0.4797289501190429 0.7058961184893986
    outer loop
      vertex 9.737435790885602 -30.063772480393666 18.381532510892704
      vertex 9.405043320666184 -30.42484695563905 18.381532510892704
      vertex 10.263425044686027 -31.09295226889528 17.293789943125642
    endloop
  endfacet
  facet normal 0.43505630767583797 -0.5589603555289654 0.7058961184893987
    outer loop
      vertex 10.124725766366323 -29.762332592813344 18.381532510892704
      vertex 9.737435790885602 -30.063772480393666 18.381532510892704
      vertex 10.469039874239211 -30.85850636925073 17.30132582285678
    endloop
  endfacet
  facet normal 0.3371208559912539 -0.6229447795409517 0.7058961184893987
    outer loop
      vertex 10.55634898616685 -29.52874978723613 18.381532510892704
      vertex 10.124725766366323 -29.762332592813344 18.381532510892704
      vertex 10.8 -30.60455173280957 17.315787814957194
    endloop
  endfacet
  facet normal 0.22998962616370827 -0.669936893862907 0.7058961184893976
    outer loop
      vertex 11.020531894008782 -29.369395593693245 18.381532510892704
      vertex 10.55634898616685 -29.52874978723613 18.381532510892704
      vertex 10.993146506041537 -30.524547830482184 17.29414765891924
    endloop
  endfacet
  facet normal 0.229989626163703 -0.6699368938629078 0.7058961184893987
    outer loop
      vertex 11.020531894008782 -29.369395593693245 18.381532510892704
      vertex 10.993146506041537 -30.524547830482184 17.29414765891924
      vertex 11.25824381430521 -30.41474093005077 17.31198890020857
    endloop
  endfacet
  facet normal 0.22998962616366364 -0.6699368938629189 0.7058961184894008
    outer loop
      vertex 11.25824381430521 -30.41474093005077 17.31198890020857
      vertex 11.284377998880364 -30.41130029937904 17.306739422532853
      vertex 11.020531894008782 -29.369395593693245 18.381532510892704
    endloop
  endfacet
  facet normal 0.11658487887265052 -0.6986548761154214 0.7058961184893955
    outer loop
      vertex 11.284377998880364 -30.41130029937904 17.306739422532853
      vertex 11.485332975227577 -30.384844074840313 17.299734792291662
      vertex 11.504612790200724 -29.288616779179154 18.381532510892704
    endloop
  endfacet
  facet normal 0.11658487887262797 -0.6986548761154231 0.7058961184893975
    outer loop
      vertex 11.485332975227577 -30.384844074840313 17.299734792291662
      vertex 11.594260479530446 -30.37050349684288 17.295937937371193
      vertex 11.504612790200724 -29.288616779179154 18.381532510892704
    endloop
  endfacet
  facet normal -1.8145448169678468e-14 -0.7083153746048462 0.7058961184893967
    outer loop
      vertex 11.75 -30.35 17.316511704058072
      vertex 11.504612790200724 -29.288616779179154 18.381532510892704
      vertex 11.594260479530446 -30.37050349684288 17.295937937371193
    endloop
  endfacet
  facet normal 1.8145448169678468e-14 -0.7083153746048462 0.7058961184893967
    outer loop
      vertex 11.75 -30.35 17.316511704058072
      vertex 11.905739520469554 -30.37050349684288 17.295937937371193
      vertex 11.995387209799276 -29.288616779179154 18.381532510892704
    endloop
  endfacet
  facet normal 0.11658487887263128 -0.6986548761154211 0.7058961184893991
    outer loop
      vertex 11.504612790200724 -29.288616779179154 18.381532510892704
      vertex 11.020531894008782 -29.369395593693245 18.381532510892704
      vertex 11.284377998880364 -30.41130029937904 17.306739422532853
    endloop
  endfacet
  facet normal -0.11658487887263153 -0.6986548761154225 0.7058961184893974
    outer loop
      vertex 12.479468105991218 -29.369395593693245 18.381532510892704
      vertex 11.995387209799276 -29.288616779179154 18.381532510892704
      vertex 11.905739520469554 -30.37050349684288 17.295937937371193
    endloop
  endfacet
  facet normal 0 -0.7083153746048442 0.7058961184893989
    outer loop
      vertex 11.995387209799276 -29.288616779179154 18.381532510892704
      vertex 11.504612790200724 -29.288616779179154 18.381532510892704
      vertex 11.75 -30.35 17.316511704058072
    endloop
  endfacet
  facet normal -0.22998962616368335 0.6699368938629109 0.7058961184894019
    outer loop
      vertex 12.24175618569479 -34.08525906994923 17.311988900208572
      vertex 12.215622001119637 -34.08869970062096 17.306739422532853
      vertex 12.479468105991218 -35.13060440630676 18.381532510892704
    endloop
  endfacet
  facet normal -0.22998962616370058 0.669936893862906 0.7058961184894009
    outer loop
      vertex 12.24175618569479 -34.08525906994923 17.311988900208572
      vertex 12.479468105991218 -35.13060440630676 18.381532510892704
      vertex 12.506853493958465 -33.975452169517816 17.294147658919243
    endloop
  endfacet
  facet normal -0.33712085599125463 0.6229447795409537 0.7058961184893967
    outer loop
      vertex 12.7 -33.89544826719043 17.315787814957194
      vertex 12.506853493958465 -33.975452169517816 17.294147658919243
      vertex 12.94365101383315 -34.97125021276386 18.381532510892704
    endloop
  endfacet
  facet normal -0.11658487887263101 0.6986548761154188 0.7058961184894011
    outer loop
      vertex 12.215622001119637 -34.08869970062096 17.306739422532853
      vertex 11.995387209799276 -35.21138322082085 18.381532510892704
      vertex 12.479468105991218 -35.13060440630676 18.381532510892704
    endloop
  endfacet
  facet normal -0.22998962616372223 0.6699368938629029 0.7058961184893972
    outer loop
      vertex 12.479468105991218 -35.13060440630676 18.381532510892704
      vertex 12.94365101383315 -34.97125021276386 18.381532510892704
      vertex 12.506853493958465 -33.975452169517816 17.294147658919243
    endloop
  endfacet
  facet normal -0.33712085599123787 0.6229447795409598 0.7058961184893991
    outer loop
      vertex 12.7 -33.89544826719043 17.315787814957194
      vertex 12.94365101383315 -34.97125021276386 18.381532510892704
      vertex 13.375274233633677 -34.73766740718666 18.381532510892704
    endloop
  endfacet
  facet normal -0.4350563076758436 0.5589603555289594 0.7058961184893999
    outer loop
      vertex 13.375274233633677 -34.73766740718666 18.381532510892704
      vertex 13.762564209114398 -34.436227519606334 18.381532510892704
      vertex 13.030960125760789 -33.64149363074927 17.30132582285678
    endloop
  endfacet
  facet normal -0.43505630767584474 0.558960355528959 0.7058961184893997
    outer loop
      vertex 13.375274233633677 -34.73766740718666 18.381532510892704
      vertex 13.030960125760789 -33.64149363074927 17.30132582285678
      vertex 12.783276735369919 -33.83154778067031 17.29916759298901
    endloop
  endfacet
  facet normal -0.33712085599124114 0.6229447795409577 0.7058961184893995
    outer loop
      vertex 12.7 -33.89544826719043 17.315787814957194
      vertex 13.375274233633677 -34.73766740718666 18.381532510892704
      vertex 12.783276735369919 -33.83154778067031 17.29916759298901
    endloop
  endfacet
  facet normal -0.5211245573941787 0.47972895011904504 0.7058961184893993
    outer loop
      vertex 13.093502884254441 -33.59350288425444 17.31488308242537
      vertex 13.762564209114398 -34.436227519606334 18.381532510892704
      vertex 13.236574955313973 -33.40704773110472 17.293789943125642
    endloop
  endfacet
  facet normal -0.5211245573941716 0.4797289501190517 0.7058961184894001
    outer loop
      vertex 13.093502884254441 -33.59350288425444 17.31488308242537
      vertex 13.030960125760789 -33.64149363074927 17.30132582285678
      vertex 13.762564209114398 -34.436227519606334 18.381532510892704
    endloop
  endfacet
  facet normal -0.592977887657136 0.38741178950992244 0.7058961184893997
    outer loop
      vertex 13.395448267190433 -33.2 17.31361669736577
      vertex 13.236574955313973 -33.40704773110472 17.293789943125642
      vertex 14.094956679333816 -34.07515304436095 18.381532510892704
    endloop
  endfacet
  facet normal -0.5929778876571308 0.3874117895099282 0.7058961184894009
    outer loop
      vertex 13.395448267190433 -33.2 17.31361669736577
      vertex 14.094956679333816 -34.07515304436095 18.381532510892704
      vertex 13.415590447720746 -33.15137247458796 17.30384895846617
    endloop
  endfacet
  facet normal -0.6486563269228048 0.28452704519011474 0.7058961184893976
    outer loop
      vertex 13.535109170789505 -32.86282875239784 17.29737220266758
      vertex 13.415590447720746 -33.15137247458796 17.30384895846617
      vertex 14.363384844186847 -33.664293151884294 18.381532510892704
    endloop
  endfacet
  facet normal -0.6866411125108551 0.17388114478417932 0.7058961184893983
    outer loop
      vertex 13.58525906994923 -32.74175618569479 17.316330723192802
      vertex 13.535109170789505 -32.86282875239784 17.29737220266758
      vertex 14.5605266830763 -33.214855029011325 18.381532510892704
    endloop
  endfacet
  facet normal -0.6866411125108504 0.17388114478419228 0.7058961184893996
    outer loop
      vertex 13.58525906994923 -32.74175618569479 17.316330723192802
      vertex 14.5605266830763 -33.214855029011325 18.381532510892704
      vertex 13.609156349793276 -32.560238324036426 17.294863430245698
    endloop
  endfacet
  facet normal -0.705896118489398 0.058492220022856055 0.7058961184893988
    outer loop
      vertex 13.65 -32.25 17.31
      vertex 13.609156349793276 -32.560238324036426 17.294863430245698
      vertex 14.681004680547696 -32.73909817613627 18.381532510892704
    endloop
  endfacet
  facet normal -0.7058961184893979 -0.05849222002285537 0.7058961184893993
    outer loop
      vertex 13.609156349793276 -31.93976167596357 17.294863430245698
      vertex 13.65 -32.25 17.31
      vertex 14.721532510892708 -32.25 18.381532510892704
    endloop
  endfacet
  facet normal -0.5211245573941788 0.479728950119045 0.7058961184893993
    outer loop
      vertex 13.762564209114398 -34.436227519606334 18.381532510892704
      vertex 14.094956679333816 -34.07515304436095 18.381532510892704
      vertex 13.236574955313973 -33.40704773110472 17.293789943125642
    endloop
  endfacet
  facet normal -0.5929778876571429 0.3874117895099154 0.7058961184893976
    outer loop
      vertex 13.415590447720746 -33.15137247458796 17.30384895846617
      vertex 14.094956679333816 -34.07515304436095 18.381532510892704
      vertex 14.363384844186847 -33.664293151884294 18.381532510892704
    endloop
  endfacet
  facet normal -0.6486563269228014 0.28452704519011984 0.7058961184893987
    outer loop
      vertex 14.363384844186847 -33.664293151884294 18.381532510892704
      vertex 14.5605266830763 -33.214855029011325 18.381532510892704
      vertex 13.535109170789505 -32.86282875239784 17.29737220266758
    endloop
  endfacet
  facet normal -0.6866411125108515 0.17388114478418987 0.7058961184893993
    outer loop
      vertex 14.5605266830763 -33.214855029011325 18.381532510892704
      vertex 14.681004680547696 -32.73909817613627 18.381532510892704
      vertex 13.609156349793276 -32.560238324036426 17.294863430245698
    endloop
  endfacet
  facet normal -0.7058961184893978 0.058492220022856596 0.705896118489399
    outer loop
      vertex 14.681004680547696 -32.73909817613627 18.381532510892704
      vertex 14.721532510892708 -32.25 18.381532510892704
      vertex 13.65 -32.25 17.31
    endloop
  endfacet
  facet normal -0.7058961184893981 -0.05849222002285661 0.7058961184893988
    outer loop
      vertex 14.721532510892708 -32.25 18.381532510892704
      vertex 14.681004680547696 -31.760901823863733 18.381532510892704
      vertex 13.609156349793276 -31.93976167596357 17.294863430245698
    endloop
  endfacet
  facet normal -0.11658487887264236 -0.6986548761154187 0.7058961184893995
    outer loop
      vertex 12.479468105991218 -29.369395593693245 18.381532510892704
      vertex 11.905739520469554 -30.37050349684288 17.295937937371193
      vertex 12.215622001119636 -30.41130029937904 17.306739422532853
    endloop
  endfacet
  facet normal -0.22998962616366364 -0.6699368938629189 0.7058961184894008
    outer loop
      vertex 12.24175618569479 -30.41474093005077 17.31198890020857
      vertex 12.479468105991218 -29.369395593693245 18.381532510892704
      vertex 12.215622001119636 -30.41130029937904 17.306739422532853
    endloop
  endfacet
  facet normal -0.22998962616370355 -0.6699368938629089 0.7058961184893976
    outer loop
      vertex 12.24175618569479 -30.41474093005077 17.31198890020857
      vertex 12.506853493958463 -30.524547830482184 17.29414765891924
      vertex 12.94365101383315 -29.52874978723613 18.381532510892704
    endloop
  endfacet
  facet normal -0.3371208559912614 -0.6229447795409455 0.7058961184894006
    outer loop
      vertex 13.375274233633677 -29.76233259281334 18.381532510892704
      vertex 12.506853493958463 -30.524547830482184 17.29414765891924
      vertex 12.7 -30.60455173280957 17.315787814957194
    endloop
  endfacet
  facet normal -0.3371208559912593 -0.622944779540947 0.7058961184894005
    outer loop
      vertex 12.7 -30.60455173280957 17.315787814957194
      vertex 12.783276735369919 -30.66845221932969 17.29916759298901
      vertex 13.375274233633677 -29.76233259281334 18.381532510892704
    endloop
  endfacet
  facet normal -0.4350563076758355 -0.558960355528968 0.7058961184893983
    outer loop
      vertex 13.762564209114396 -30.063772480393666 18.381532510892704
      vertex 12.881773537957617 -30.744031474184865 17.300025861041984
      vertex 13.030960125760789 -30.85850636925073 17.30132582285678
    endloop
  endfacet
  facet normal -0.43505630767583564 -0.5589603555289675 0.7058961184893983
    outer loop
      vertex 13.762564209114396 -30.063772480393666 18.381532510892704
      vertex 12.783276735369919 -30.66845221932969 17.29916759298901
      vertex 12.881773537957617 -30.744031474184865 17.300025861041984
    endloop
  endfacet
  facet normal -0.5211245573941875 -0.47972895011903754 0.7058961184893979
    outer loop
      vertex 13.093502884254441 -30.90649711574556 17.31488308242537
      vertex 13.762564209114396 -30.063772480393666 18.381532510892704
      vertex 13.030960125760789 -30.85850636925073 17.30132582285678
    endloop
  endfacet
  facet normal -0.229989626163708 -0.6699368938629064 0.7058961184893985
    outer loop
      vertex 12.24175618569479 -30.41474093005077 17.31198890020857
      vertex 12.94365101383315 -29.52874978723613 18.381532510892704
      vertex 12.479468105991218 -29.369395593693245 18.381532510892704
    endloop
  endfacet
  facet normal -0.33712085599125025 -0.6229447795409545 0.7058961184893979
    outer loop
      vertex 13.375274233633677 -29.76233259281334 18.381532510892704
      vertex 12.94365101383315 -29.52874978723613 18.381532510892704
      vertex 12.506853493958463 -30.524547830482184 17.29414765891924
    endloop
  endfacet
  facet normal -0.43505630767584164 -0.558960355528961 0.7058961184893998
    outer loop
      vertex 13.762564209114396 -30.063772480393666 18.381532510892704
      vertex 13.375274233633677 -29.76233259281334 18.381532510892704
      vertex 12.783276735369919 -30.66845221932969 17.29916759298901
    endloop
  endfacet
  facet normal -0.52112455739418 -0.4797289501190458 0.705896118489398
    outer loop
      vertex 13.093502884254441 -30.90649711574556 17.31488308242537
      vertex 13.236574955313973 -31.09295226889528 17.293789943125642
      vertex 14.094956679333814 -30.42484695563905 18.381532510892704
    endloop
  endfacet
  facet normal -0.5929778876571398 -0.38741178950991895 0.7058961184893984
    outer loop
      vertex 13.395448267190433 -31.3 17.31361669736577
      vertex 14.363384844186847 -30.835706848115706 18.381532510892704
      vertex 13.236574955313973 -31.09295226889528 17.293789943125642
    endloop
  endfacet
  facet normal -0.6486563269228017 -0.2845270451901204 0.7058961184893984
    outer loop
      vertex 13.415590447720746 -31.34862752541205 17.30384895846617
      vertex 13.535109170789505 -31.63717124760216 17.29737220266758
      vertex 14.5605266830763 -31.28514497098868 18.381532510892704
    endloop
  endfacet
  facet normal -0.6866411125108506 -0.17388114478419558 0.7058961184893986
    outer loop
      vertex 13.58525906994923 -31.75824381430521 17.316330723192802
      vertex 13.609156349793276 -31.93976167596357 17.294863430245698
      vertex 14.681004680547696 -31.760901823863733 18.381532510892704
    endloop
  endfacet
  facet normal -0.6866411125108552 -0.17388114478417946 0.705896118489398
    outer loop
      vertex 13.58525906994923 -31.75824381430521 17.316330723192802
      vertex 14.5605266830763 -31.28514497098868 18.381532510892704
      vertex 13.535109170789505 -31.63717124760216 17.29737220266758
    endloop
  endfacet
  facet normal -0.5929778876571469 -0.3874117895099063 0.7058961184893994
    outer loop
      vertex 13.395448267190433 -31.3 17.31361669736577
      vertex 13.415590447720746 -31.34862752541205 17.30384895846617
      vertex 14.363384844186847 -30.835706848115706 18.381532510892704
    endloop
  endfacet
  facet normal -0.5211245573941816 -0.47972895011904293 0.7058961184893985
    outer loop
      vertex 13.093502884254441 -30.90649711574556 17.31488308242537
      vertex 14.094956679333814 -30.42484695563905 18.381532510892704
      vertex 13.762564209114396 -30.063772480393666 18.381532510892704
    endloop
  endfacet
  facet normal -0.5929778876571398 -0.3874117895099194 0.7058961184893984
    outer loop
      vertex 13.236574955313973 -31.09295226889528 17.293789943125642
      vertex 14.363384844186847 -30.835706848115706 18.381532510892704
      vertex 14.094956679333814 -30.42484695563905 18.381532510892704
    endloop
  endfacet
  facet normal -0.6866411125108511 -0.17388114478419106 0.7058961184893991
    outer loop
      vertex 13.58525906994923 -31.75824381430521 17.316330723192802
      vertex 14.681004680547696 -31.760901823863733 18.381532510892704
      vertex 14.5605266830763 -31.28514497098868 18.381532510892704
    endloop
  endfacet
  facet normal -0.6486563269228023 -0.284527045190118 0.7058961184893987
    outer loop
      vertex 14.5605266830763 -31.28514497098868 18.381532510892704
      vertex 14.363384844186847 -30.835706848115706 18.381532510892704
      vertex 13.415590447720746 -31.34862752541205 17.30384895846617
    endloop
  endfacet
  facet normal 0.5929778876571462 0.3874117895099061 0.7058961184894
    outer loop
      vertex -13.395448267190433 31.3 17.313616697365774
      vertex -13.415590447720746 31.34862752541205 17.303848958466173
      vertex -14.363384844186845 30.835706848115706 18.381532510892704
    endloop
  endfacet
  facet normal 0.6866411125108527 0.1738811447841779 0.7058961184894009
    outer loop
      vertex -13.58525906994923 31.75824381430521 17.316330723192802
      vertex -14.681004680547696 31.760901823863733 18.381532510892704
      vertex -13.535109170789505 31.63717124760216 17.29737220266758
    endloop
  endfacet
  facet normal 0.6866411125108506 0.17388114478419558 0.7058961184893986
    outer loop
      vertex -13.58525906994923 31.75824381430521 17.316330723192802
      vertex -13.609156349793276 31.93976167596357 17.294863430245698
      vertex -14.681004680547696 31.760901823863733 18.381532510892704
    endloop
  endfacet
  facet normal 0.6486563269227988 0.28452704519012784 0.705896118489398
    outer loop
      vertex -14.5605266830763 31.28514497098868 18.381532510892704
      vertex -13.415590447720746 31.34862752541205 17.303848958466173
      vertex -13.535109170789505 31.63717124760216 17.29737220266758
    endloop
  endfacet
  facet normal 0.5929778876571441 0.3874117895099099 0.7058961184893997
    outer loop
      vertex -13.395448267190433 31.3 17.313616697365774
      vertex -14.363384844186845 30.835706848115706 18.381532510892704
      vertex -13.236574955313973 31.09295226889528 17.293789943125642
    endloop
  endfacet
  facet normal 0.5211245573941795 0.4797289501190456 0.7058961184893985
    outer loop
      vertex -13.093502884254441 30.90649711574556 17.31488308242537
      vertex -13.236574955313973 31.09295226889528 17.293789943125642
      vertex -14.094956679333816 30.42484695563905 18.381532510892704
    endloop
  endfacet
  facet normal 0.6486563269228007 0.2845270451901199 0.7058961184893995
    outer loop
      vertex -14.5605266830763 31.28514497098868 18.381532510892704
      vertex -14.363384844186845 30.835706848115706 18.381532510892704
      vertex -13.415590447720746 31.34862752541205 17.303848958466173
    endloop
  endfacet
  facet normal 0.6866411125108518 0.17388114478419112 0.7058961184893984
    outer loop
      vertex -13.535109170789505 31.63717124760216 17.29737220266758
      vertex -14.681004680547696 31.760901823863733 18.381532510892704
      vertex -14.5605266830763 31.28514497098868 18.381532510892704
    endloop
  endfacet
  facet normal 0.5929778876571419 0.38741178950991545 0.7058961184893987
    outer loop
      vertex -13.236574955313973 31.09295226889528 17.293789943125642
      vertex -14.363384844186845 30.835706848115706 18.381532510892704
      vertex -14.094956679333816 30.42484695563905 18.381532510892704
    endloop
  endfacet
  facet normal 0.5211245573941813 0.47972895011904276 0.705896118489399
    outer loop
      vertex -13.093502884254441 30.90649711574556 17.31488308242537
      vertex -14.094956679333816 30.42484695563905 18.381532510892704
      vertex -13.762564209114398 30.063772480393666 18.381532510892704
    endloop
  endfacet
  facet normal 0.5211245573941873 0.47972895011903716 0.7058961184893984
    outer loop
      vertex -13.093502884254441 30.90649711574556 17.31488308242537
      vertex -13.762564209114398 30.063772480393666 18.381532510892704
      vertex -13.030960125760789 30.85850636925073 17.30132582285678
    endloop
  endfacet
  facet normal 0.4350563076758372 0.558960355528966 0.7058961184893986
    outer loop
      vertex -12.78327673536992 30.66845221932969 17.29916759298901
      vertex -13.030960125760789 30.85850636925073 17.30132582285678
      vertex -13.762564209114398 30.063772480393666 18.381532510892704
    endloop
  endfacet
  facet normal 0.33712085599125535 0.6229447795409507 0.7058961184893988
    outer loop
      vertex -12.7 30.60455173280957 17.315787814957194
      vertex -12.78327673536992 30.66845221932969 17.29916759298901
      vertex -13.375274233633677 29.762332592813344 18.381532510892704
    endloop
  endfacet
  facet normal 0.33712085599126185 0.6229447795409465 0.7058961184893996
    outer loop
      vertex -12.7 30.60455173280957 17.315787814957194
      vertex -13.375274233633677 29.762332592813344 18.381532510892704
      vertex -12.506853493958463 30.524547830482184 17.29414765891924
    endloop
  endfacet
  facet normal 0.22998962616370355 0.6699368938629089 0.7058961184893976
    outer loop
      vertex -12.24175618569479 30.41474093005077 17.31198890020857
      vertex -12.506853493958463 30.524547830482184 17.29414765891924
      vertex -12.94365101383315 29.52874978723613 18.381532510892704
    endloop
  endfacet
  facet normal 0.11658487887264228 0.6986548761154187 0.7058961184893995
    outer loop
      vertex -11.905739520469554 30.37050349684288 17.295937937371193
      vertex -12.215622001119636 30.41130029937904 17.306739422532853
      vertex -12.479468105991218 29.369395593693245 18.381532510892704
    endloop
  endfacet
  facet normal 0.22998962616366364 0.6699368938629189 0.7058961184894008
    outer loop
      vertex -12.24175618569479 30.41474093005077 17.31198890020857
      vertex -12.479468105991218 29.369395593693245 18.381532510892704
      vertex -12.215622001119636 30.41130029937904 17.306739422532853
    endloop
  endfacet
  facet normal 0.4350563076758379 0.5589603555289653 0.7058961184893989
    outer loop
      vertex -13.762564209114398 30.063772480393666 18.381532510892704
      vertex -13.375274233633677 29.762332592813344 18.381532510892704
      vertex -12.78327673536992 30.66845221932969 17.29916759298901
    endloop
  endfacet
  facet normal 0.33712085599125435 0.6229447795409525 0.7058961184893978
    outer loop
      vertex -13.375274233633677 29.762332592813344 18.381532510892704
      vertex -12.94365101383315 29.52874978723613 18.381532510892704
      vertex -12.506853493958463 30.524547830482184 17.29414765891924
    endloop
  endfacet
  facet normal 0.229989626163708 0.6699368938629064 0.7058961184893985
    outer loop
      vertex -12.24175618569479 30.41474093005077 17.31198890020857
      vertex -12.94365101383315 29.52874978723613 18.381532510892704
      vertex -12.479468105991218 29.369395593693245 18.381532510892704
    endloop
  endfacet
  facet normal 0.7058961184893979 0.058492220022855645 0.705896118489399
    outer loop
      vertex -14.721532510892708 32.25 18.381532510892704
      vertex -13.609156349793276 31.93976167596357 17.294863430245698
      vertex -13.65 32.25 17.31
    endloop
  endfacet
  facet normal 0.705896118489398 -0.058492220022856055 0.7058961184893988
    outer loop
      vertex -13.65 32.25 17.31
      vertex -13.609156349793276 32.560238324036426 17.294863430245698
      vertex -14.681004680547696 32.73909817613627 18.381532510892704
    endloop
  endfacet
  facet normal 0.6866411125108504 -0.1738811447841919 0.7058961184893997
    outer loop
      vertex -14.5605266830763 33.214855029011325 18.381532510892704
      vertex -13.609156349793276 32.560238324036426 17.294863430245698
      vertex -13.58525906994923 32.74175618569479 17.316330723192802
    endloop
  endfacet
  facet normal 0.6866411125108551 -0.17388114478417932 0.7058961184893983
    outer loop
      vertex -13.58525906994923 32.74175618569479 17.316330723192802
      vertex -13.535109170789505 32.86282875239784 17.29737220266758
      vertex -14.5605266830763 33.214855029011325 18.381532510892704
    endloop
  endfacet
  facet normal 0.6486563269228048 -0.28452704519011474 0.7058961184893976
    outer loop
      vertex -14.363384844186847 33.664293151884294 18.381532510892704
      vertex -13.535109170789505 32.86282875239784 17.29737220266758
      vertex -13.415590447720746 33.15137247458796 17.30384895846617
    endloop
  endfacet
  facet normal 0.592977887657136 -0.38741178950992244 0.7058961184893997
    outer loop
      vertex -13.395448267190433 33.2 17.31361669736577
      vertex -13.236574955313973 33.40704773110472 17.293789943125642
      vertex -14.094956679333816 34.07515304436095 18.381532510892704
    endloop
  endfacet
  facet normal 0.5929778876571308 -0.3874117895099282 0.7058961184894009
    outer loop
      vertex -13.395448267190433 33.2 17.31361669736577
      vertex -14.094956679333816 34.07515304436095 18.381532510892704
      vertex -13.415590447720746 33.15137247458796 17.30384895846617
    endloop
  endfacet
  facet normal 0.7058961184893981 0.05849222002285661 0.7058961184893988
    outer loop
      vertex -14.721532510892708 32.25 18.381532510892704
      vertex -14.681004680547696 31.760901823863733 18.381532510892704
      vertex -13.609156349793276 31.93976167596357 17.294863430245698
    endloop
  endfacet
  facet normal 0.7058961184893978 -0.058492220022856596 0.705896118489399
    outer loop
      vertex -14.681004680547696 32.73909817613627 18.381532510892704
      vertex -14.721532510892708 32.25 18.381532510892704
      vertex -13.65 32.25 17.31
    endloop
  endfacet
  facet normal 0.6866411125108515 -0.17388114478418987 0.7058961184893993
    outer loop
      vertex -14.5605266830763 33.214855029011325 18.381532510892704
      vertex -14.681004680547696 32.73909817613627 18.381532510892704
      vertex -13.609156349793276 32.560238324036426 17.294863430245698
    endloop
  endfacet
  facet normal 0.6486563269228014 -0.28452704519011984 0.7058961184893987
    outer loop
      vertex -14.363384844186847 33.664293151884294 18.381532510892704
      vertex -14.5605266830763 33.214855029011325 18.381532510892704
      vertex -13.535109170789505 32.86282875239784 17.29737220266758
    endloop
  endfacet
  facet normal 0.5929778876571429 -0.3874117895099154 0.7058961184893976
    outer loop
      vertex -13.415590447720746 33.15137247458796 17.30384895846617
      vertex -14.094956679333816 34.07515304436095 18.381532510892704
      vertex -14.363384844186847 33.664293151884294 18.381532510892704
    endloop
  endfacet
  facet normal 0.5211245573941788 -0.479728950119045 0.7058961184893993
    outer loop
      vertex -13.762564209114398 34.436227519606334 18.381532510892704
      vertex -14.094956679333816 34.07515304436095 18.381532510892704
      vertex -13.236574955313973 33.40704773110472 17.293789943125642
    endloop
  endfacet
  facet normal 0.5211245573941787 -0.47972895011904504 0.7058961184893993
    outer loop
      vertex -13.093502884254441 33.59350288425444 17.31488308242537
      vertex -13.762564209114398 34.436227519606334 18.381532510892704
      vertex -13.236574955313973 33.40704773110472 17.293789943125642
    endloop
  endfacet
  facet normal 0.5211245573941716 -0.4797289501190517 0.7058961184894001
    outer loop
      vertex -13.093502884254441 33.59350288425444 17.31488308242537
      vertex -13.030960125760789 33.64149363074927 17.30132582285678
      vertex -13.762564209114398 34.436227519606334 18.381532510892704
    endloop
  endfacet
  facet normal 0.4350563076758457 -0.5589603555289604 0.7058961184893979
    outer loop
      vertex -13.375274233633677 34.737667407186656 18.381532510892704
      vertex -13.030960125760789 33.64149363074927 17.30132582285678
      vertex -12.783276735369919 33.83154778067031 17.29916759298901
    endloop
  endfacet
  facet normal 0.33712085599124264 -0.6229447795409592 0.7058961184893975
    outer loop
      vertex -12.7 33.89544826719043 17.315787814957194
      vertex -13.375274233633677 34.737667407186656 18.381532510892704
      vertex -12.783276735369919 33.83154778067031 17.29916759298901
    endloop
  endfacet
  facet normal 0.337120855991254 -0.6229447795409517 0.7058961184893987
    outer loop
      vertex -12.7 33.89544826719043 17.315787814957194
      vertex -12.506853493958465 33.975452169517816 17.294147658919243
      vertex -12.94365101383315 34.97125021276387 18.381532510892704
    endloop
  endfacet
  facet normal 0.2299896261637016 -0.6699368938629082 0.7058961184893988
    outer loop
      vertex -12.24175618569479 34.08525906994923 17.311988900208572
      vertex -12.479468105991218 35.13060440630675 18.381532510892704
      vertex -12.506853493958465 33.975452169517816 17.294147658919243
    endloop
  endfacet
  facet normal 0.22998962616368324 -0.6699368938629132 0.7058961184893998
    outer loop
      vertex -12.24175618569479 34.08525906994923 17.311988900208572
      vertex -12.215622001119637 34.08869970062096 17.306739422532853
      vertex -12.479468105991218 35.13060440630675 18.381532510892704
    endloop
  endfacet
  facet normal 0.4350563076758374 -0.5589603555289646 0.7058961184893997
    outer loop
      vertex -13.375274233633677 34.737667407186656 18.381532510892704
      vertex -13.762564209114398 34.436227519606334 18.381532510892704
      vertex -13.030960125760789 33.64149363074927 17.30132582285678
    endloop
  endfacet
  facet normal 0.33712085599125396 -0.6229447795409516 0.7058961184893987
    outer loop
      vertex -12.7 33.89544826719043 17.315787814957194
      vertex -12.94365101383315 34.97125021276387 18.381532510892704
      vertex -13.375274233633677 34.737667407186656 18.381532510892704
    endloop
  endfacet
  facet normal 0.22998962616370344 -0.6699368938629079 0.7058961184893986
    outer loop
      vertex -12.479468105991218 35.13060440630675 18.381532510892704
      vertex -12.94365101383315 34.97125021276387 18.381532510892704
      vertex -12.506853493958465 33.975452169517816 17.294147658919243
    endloop
  endfacet
  facet normal 0.1165848788726416 -0.6986548761154188 0.7058961184893994
    outer loop
      vertex -11.995387209799278 35.21138322082085 18.381532510892704
      vertex -12.479468105991218 35.13060440630675 18.381532510892704
      vertex -12.215622001119637 34.08869970062096 17.306739422532853
    endloop
  endfacet
  facet normal 0 0.7083153746048454 0.7058961184893974
    outer loop
      vertex -11.594260479530446 30.37050349684288 17.295937937371193
      vertex -11.995387209799276 29.288616779179154 18.381532510892704
      vertex -11.504612790200724 29.288616779179154 18.381532510892704
    endloop
  endfacet
  facet normal -1.8145448169678468e-14 0.7083153746048462 0.7058961184893967
    outer loop
      vertex -11.75 30.35 17.316511704058072
      vertex -11.905739520469554 30.37050349684288 17.295937937371193
      vertex -11.995387209799276 29.288616779179154 18.381532510892704
    endloop
  endfacet
  facet normal 1.928472872985864e-14 0.7083153746048418 0.7058961184894011
    outer loop
      vertex -11.75 30.35 17.316511704058072
      vertex -11.995387209799276 29.288616779179154 18.381532510892704
      vertex -11.594260479530446 30.37050349684288 17.295937937371193
    endloop
  endfacet
  facet normal -0.11658487887264248 0.6986548761154212 0.7058961184893968
    outer loop
      vertex -11.504612790200724 29.288616779179154 18.381532510892704
      vertex -11.284377998880364 30.41130029937904 17.306739422532853
      vertex -11.594260479530446 30.37050349684288 17.295937937371193
    endloop
  endfacet
  facet normal -0.22998962616366364 0.6699368938629189 0.7058961184894008
    outer loop
      vertex -11.25824381430521 30.41474093005077 17.31198890020857
      vertex -11.284377998880364 30.41130029937904 17.306739422532853
      vertex -11.020531894008782 29.369395593693245 18.381532510892704
    endloop
  endfacet
  facet normal -0.22998962616370305 0.6699368938629078 0.7058961184893987
    outer loop
      vertex -11.25824381430521 30.41474093005077 17.31198890020857
      vertex -11.020531894008782 29.369395593693245 18.381532510892704
      vertex -10.993146506041537 30.524547830482184 17.29414765891924
    endloop
  endfacet
  facet normal 0.11658487887263153 0.6986548761154225 0.7058961184893974
    outer loop
      vertex -12.479468105991218 29.369395593693245 18.381532510892704
      vertex -11.995387209799276 29.288616779179154 18.381532510892704
      vertex -11.905739520469554 30.37050349684288 17.295937937371193
    endloop
  endfacet
  facet normal -0.11658487887263128 0.6986548761154211 0.7058961184893991
    outer loop
      vertex -11.504612790200724 29.288616779179154 18.381532510892704
      vertex -11.020531894008782 29.369395593693245 18.381532510892704
      vertex -11.284377998880364 30.41130029937904 17.306739422532853
    endloop
  endfacet
  facet normal -0.33712085599126246 0.6229447795409485 0.7058961184893974
    outer loop
      vertex -10.8 30.60455173280957 17.315787814957194
      vertex -10.993146506041537 30.524547830482184 17.29414765891924
      vertex -10.55634898616685 29.52874978723613 18.381532510892704
    endloop
  endfacet
  facet normal -0.3371208559912595 0.6229447795409472 0.7058961184894003
    outer loop
      vertex -10.8 30.60455173280957 17.315787814957194
      vertex -10.124725766366325 29.76233259281334 18.381532510892704
      vertex -10.716723264630081 30.66845221932969 17.29916759298901
    endloop
  endfacet
  facet normal -0.4350563076758345 0.5589603555289666 0.7058961184893999
    outer loop
      vertex -10.469039874239211 30.85850636925073 17.30132582285678
      vertex -10.716723264630081 30.66845221932969 17.29916759298901
      vertex -10.124725766366325 29.76233259281334 18.381532510892704
    endloop
  endfacet
  facet normal -0.5211245573941873 0.47972895011903716 0.7058961184893984
    outer loop
      vertex -10.406497115745559 30.90649711574556 17.31488308242537
      vertex -10.469039874239211 30.85850636925073 17.30132582285678
      vertex -9.737435790885602 30.063772480393666 18.381532510892704
    endloop
  endfacet
  facet normal -0.5211245573941787 0.47972895011904504 0.7058961184893993
    outer loop
      vertex -10.406497115745559 30.90649711574556 17.31488308242537
      vertex -9.737435790885602 30.063772480393666 18.381532510892704
      vertex -10.263425044686027 31.09295226889528 17.293789943125642
    endloop
  endfacet
  facet normal -0.5929778876571451 0.3874117895099108 0.7058961184893984
    outer loop
      vertex -10.104551732809567 31.3 17.313616697365774
      vertex -10.263425044686027 31.09295226889528 17.293789943125642
      vertex -9.405043320666184 30.42484695563905 18.381532510892704
    endloop
  endfacet
  facet normal -0.5929778876571469 0.38741178950990623 0.7058961184893994
    outer loop
      vertex -10.104551732809567 31.3 17.313616697365774
      vertex -9.136615155813155 30.83570684811571 18.381532510892704
      vertex -10.084409552279254 31.34862752541205 17.303848958466173
    endloop
  endfacet
  facet normal -0.22998962616370827 0.669936893862907 0.7058961184893976
    outer loop
      vertex -11.020531894008782 29.369395593693245 18.381532510892704
      vertex -10.55634898616685 29.52874978723613 18.381532510892704
      vertex -10.993146506041537 30.524547830482184 17.29414765891924
    endloop
  endfacet
  facet normal -0.3371208559912509 0.6229447795409528 0.7058961184893991
    outer loop
      vertex -10.8 30.60455173280957 17.315787814957194
      vertex -10.55634898616685 29.52874978723613 18.381532510892704
      vertex -10.124725766366325 29.76233259281334 18.381532510892704
    endloop
  endfacet
  facet normal -0.43505630767584 0.5589603555289638 0.7058961184893988
    outer loop
      vertex -10.469039874239211 30.85850636925073 17.30132582285678
      vertex -10.124725766366325 29.76233259281334 18.381532510892704
      vertex -9.737435790885602 30.063772480393666 18.381532510892704
    endloop
  endfacet
  facet normal -0.5211245573941817 0.4797289501190429 0.7058961184893986
    outer loop
      vertex -9.737435790885602 30.063772480393666 18.381532510892704
      vertex -9.405043320666184 30.42484695563905 18.381532510892704
      vertex -10.263425044686027 31.09295226889528 17.293789943125642
    endloop
  endfacet
  facet normal 0.11658487887264964 -0.6986548761154191 0.7058961184893978
    outer loop
      vertex -12.215622001119637 34.08869970062096 17.306739422532853
      vertex -11.905739520469554 34.12949650315712 17.295937937371193
      vertex -11.995387209799278 35.21138322082085 18.381532510892704
    endloop
  endfacet
  facet normal -2.246006459165224e-14 -0.7083153746048452 0.7058961184893977
    outer loop
      vertex -11.77672741799303 34.14648126866715 17.312980913284647
      vertex -11.995387209799278 35.21138322082085 18.381532510892704
      vertex -11.905739520469554 34.12949650315712 17.295937937371193
    endloop
  endfacet
  facet normal 5.236368348603739e-16 -0.708315374604843 0.7058961184894001
    outer loop
      vertex -11.77672741799303 34.14648126866715 17.312980913284647
      vertex -11.75 34.15 17.316511704058072
      vertex -11.995387209799278 35.21138322082085 18.381532510892704
    endloop
  endfacet
  facet normal 1.8447393028286396e-14 -0.7083153746048451 0.705896118489398
    outer loop
      vertex -11.75 34.15 17.316511704058072
      vertex -11.594260479530446 34.12949650315712 17.295937937371193
      vertex -11.504612790200722 35.21138322082085 18.381532510892704
    endloop
  endfacet
  facet normal -0.11658487887264268 -0.6986548761154198 0.7058961184893983
    outer loop
      vertex -11.594260479530446 34.12949650315712 17.295937937371193
      vertex -11.28512533738915 34.088798089602186 17.306713372767806
      vertex -11.020531894008782 35.13060440630675 18.381532510892704
    endloop
  endfacet
  facet normal -0.11658487887228196 -0.6986548761154955 0.7058961184893829
    outer loop
      vertex -11.28512533738915 34.088798089602186 17.306713372767806
      vertex -11.284377998880363 34.088699700620964 17.306739422532857
      vertex -11.020531894008782 35.13060440630675 18.381532510892704
    endloop
  endfacet
  facet normal -0.2299896261637654 -0.6699368938628899 0.7058961184893953
    outer loop
      vertex -11.25824381430521 34.08525906994923 17.311988900208572
      vertex -11.020531894008782 35.13060440630675 18.381532510892704
      vertex -11.284377998880363 34.088699700620964 17.306739422532857
    endloop
  endfacet
  facet normal 0 -0.7083153746048428 0.7058961184894
    outer loop
      vertex -11.75 34.15 17.316511704058072
      vertex -11.504612790200722 35.21138322082085 18.381532510892704
      vertex -11.995387209799278 35.21138322082085 18.381532510892704
    endloop
  endfacet
  facet normal -0.1165848788726418 -0.6986548761154201 0.7058961184893981
    outer loop
      vertex -11.020531894008782 35.13060440630675 18.381532510892704
      vertex -11.504612790200722 35.21138322082085 18.381532510892704
      vertex -11.594260479530446 34.12949650315712 17.295937937371193
    endloop
  endfacet
  facet normal -0.337120855991254 -0.6229447795409517 0.7058961184893986
    outer loop
      vertex -10.8 33.89544826719043 17.315787814957194
      vertex -10.124725766366323 34.737667407186656 18.381532510892704
      vertex -10.993146506041535 33.975452169517816 17.294147658919243
    endloop
  endfacet
  facet normal -0.33712085599124264 -0.6229447795409592 0.7058961184893975
    outer loop
      vertex -10.8 33.89544826719043 17.315787814957194
      vertex -10.716723264630081 33.83154778067031 17.29916759298901
      vertex -10.124725766366323 34.737667407186656 18.381532510892704
    endloop
  endfacet
  facet normal -0.43505630767584424 -0.5589603555289587 0.7058961184894
    outer loop
      vertex -9.737435790885602 34.436227519606334 18.381532510892704
      vertex -10.716723264630081 33.83154778067031 17.29916759298901
      vertex -10.469039874239211 33.64149363074927 17.30132582285678
    endloop
  endfacet
  facet normal -0.5211245573941728 -0.479728950119054 0.7058961184893977
    outer loop
      vertex -10.406497115745559 33.59350288425444 17.31488308242537
      vertex -9.405043320666184 34.07515304436095 18.381532510892704
      vertex -10.469039874239211 33.64149363074927 17.30132582285678
    endloop
  endfacet
  facet normal -0.5929778876571261 -0.3874117895099421 0.7058961184893972
    outer loop
      vertex -10.104551732809567 33.2 17.313616697365774
      vertex -10.084409552279253 33.15137247458795 17.30384895846617
      vertex -9.136615155813153 33.664293151884294 18.381532510892704
    endloop
  endfacet
  facet normal -0.5929778876571415 -0.3874117895099147 0.7058961184893991
    outer loop
      vertex -10.104551732809567 33.2 17.313616697365774
      vertex -9.136615155813153 33.664293151884294 18.381532510892704
      vertex -10.263425044686027 33.40704773110472 17.293789943125642
    endloop
  endfacet
  facet normal -0.5211245573941788 -0.47972895011904515 0.7058961184893994
    outer loop
      vertex -10.406497115745559 33.59350288425444 17.31488308242537
      vertex -10.263425044686027 33.40704773110472 17.293789943125642
      vertex -9.405043320666184 34.07515304436095 18.381532510892704
    endloop
  endfacet
  facet normal -0.5211245573941785 -0.4797289501190449 0.7058961184893996
    outer loop
      vertex -10.469039874239211 33.64149363074927 17.30132582285678
      vertex -9.405043320666184 34.07515304436095 18.381532510892704
      vertex -9.737435790885602 34.436227519606334 18.381532510892704
    endloop
  endfacet
  facet normal -0.22998962616370178 -0.6699368938629086 0.7058961184893984
    outer loop
      vertex -11.25824381430521 34.08525906994923 17.311988900208572
      vertex -10.993146506041535 33.975452169517816 17.294147658919243
      vertex -10.55634898616685 34.97125021276387 18.381532510892704
    endloop
  endfacet
  facet normal -0.22998962616370347 -0.6699368938629076 0.7058961184893987
    outer loop
      vertex -11.25824381430521 34.08525906994923 17.311988900208572
      vertex -10.55634898616685 34.97125021276387 18.381532510892704
      vertex -11.020531894008782 35.13060440630675 18.381532510892704
    endloop
  endfacet
  facet normal -0.33712085599125396 -0.6229447795409517 0.7058961184893987
    outer loop
      vertex -10.124725766366323 34.737667407186656 18.381532510892704
      vertex -10.55634898616685 34.97125021276387 18.381532510892704
      vertex -10.993146506041535 33.975452169517816 17.294147658919243
    endloop
  endfacet
  facet normal -0.4350563076758382 -0.5589603555289657 0.7058961184893983
    outer loop
      vertex -9.737435790885602 34.436227519606334 18.381532510892704
      vertex -10.124725766366323 34.737667407186656 18.381532510892704
      vertex -10.716723264630081 33.83154778067031 17.29916759298901
    endloop
  endfacet
  facet normal -0.6486563269227974 0.2845270451901274 0.7058961184893993
    outer loop
      vertex -9.964890829210495 31.63717124760216 17.29737220266758
      vertex -10.084409552279254 31.34862752541205 17.303848958466173
      vertex -9.136615155813155 30.83570684811571 18.381532510892704
    endloop
  endfacet
  facet normal -0.6866411125108551 0.17388114478417932 0.7058961184893983
    outer loop
      vertex -9.91474093005077 31.75824381430521 17.316330723192802
      vertex -9.964890829210495 31.63717124760216 17.29737220266758
      vertex -8.9394733169237 31.285144970988675 18.381532510892704
    endloop
  endfacet
  facet normal -0.6866411125108504 0.17388114478419228 0.7058961184893996
    outer loop
      vertex -9.91474093005077 31.75824381430521 17.316330723192802
      vertex -8.9394733169237 31.285144970988675 18.381532510892704
      vertex -9.890843650206724 31.939761675963574 17.294863430245698
    endloop
  endfacet
  facet normal -0.5929778876571433 0.38741178950991295 0.7058961184893988
    outer loop
      vertex -10.104551732809567 31.3 17.313616697365774
      vertex -9.405043320666184 30.42484695563905 18.381532510892704
      vertex -9.136615155813155 30.83570684811571 18.381532510892704
    endloop
  endfacet
  facet normal -0.6486563269227997 0.28452704519012395 0.7058961184893986
    outer loop
      vertex -9.136615155813155 30.83570684811571 18.381532510892704
      vertex -8.9394733169237 31.285144970988675 18.381532510892704
      vertex -9.964890829210495 31.63717124760216 17.29737220266758
    endloop
  endfacet
  facet normal -0.686641112510852 0.17388114478418867 0.7058961184893989
    outer loop
      vertex -8.9394733169237 31.285144970988675 18.381532510892704
      vertex -8.818995319452304 31.760901823863737 18.381532510892704
      vertex -9.890843650206724 31.939761675963574 17.294863430245698
    endloop
  endfacet
  facet normal -0.705896118489398 0.058492220022856076 0.7058961184893988
    outer loop
      vertex -9.890843650206724 31.939761675963574 17.294863430245698
      vertex -8.818995319452304 31.760901823863737 18.381532510892704
      vertex -9.85 32.25 17.31
    endloop
  endfacet
  facet normal -0.7058961184893978 -0.05849222002285604 0.705896118489399
    outer loop
      vertex -9.890843650206724 32.560238324036426 17.294863430245698
      vertex -9.85 32.25 17.31
      vertex -8.778467489107292 32.25 18.381532510892704
    endloop
  endfacet
  facet normal -0.6866411125108551 -0.17388114478417932 0.7058961184893983
    outer loop
      vertex -9.91474093005077 32.74175618569479 17.316330723192802
      vertex -8.9394733169237 33.214855029011325 18.381532510892704
      vertex -9.964890829210495 32.86282875239784 17.29737220266758
    endloop
  endfacet
  facet normal -0.6866411125108509 -0.1738811447841923 0.705896118489399
    outer loop
      vertex -9.91474093005077 32.74175618569479 17.316330723192802
      vertex -9.890843650206724 32.560238324036426 17.294863430245698
      vertex -8.818995319452304 32.73909817613627 18.381532510892704
    endloop
  endfacet
  facet normal -0.6486563269228025 -0.2845270451901168 0.7058961184893988
    outer loop
      vertex -8.9394733169237 33.214855029011325 18.381532510892704
      vertex -10.084409552279253 33.15137247458795 17.30384895846617
      vertex -9.964890829210495 32.86282875239784 17.29737220266758
    endloop
  endfacet
  facet normal -0.7058961184893978 0.05849222002285701 0.705896118489399
    outer loop
      vertex -8.818995319452304 31.760901823863737 18.381532510892704
      vertex -8.778467489107292 32.25 18.381532510892704
      vertex -9.85 32.25 17.31
    endloop
  endfacet
  facet normal -0.7058961184893978 -0.05849222002285662 0.705896118489399
    outer loop
      vertex -9.890843650206724 32.560238324036426 17.294863430245698
      vertex -8.778467489107292 32.25 18.381532510892704
      vertex -8.818995319452304 32.73909817613627 18.381532510892704
    endloop
  endfacet
  facet normal -0.6866411125108512 -0.1738811447841898 0.7058961184893994
    outer loop
      vertex -9.91474093005077 32.74175618569479 17.316330723192802
      vertex -8.818995319452304 32.73909817613627 18.381532510892704
      vertex -8.9394733169237 33.214855029011325 18.381532510892704
    endloop
  endfacet
  facet normal -0.5929778876571417 -0.3874117895099146 0.7058961184893991
    outer loop
      vertex -10.263425044686027 33.40704773110472 17.293789943125642
      vertex -9.136615155813153 33.664293151884294 18.381532510892704
      vertex -9.405043320666184 34.07515304436095 18.381532510892704
    endloop
  endfacet
  facet normal -0.6486563269228017 -0.28452704519012 0.7058961184893983
    outer loop
      vertex -8.9394733169237 33.214855029011325 18.381532510892704
      vertex -9.136615155813153 33.664293151884294 18.381532510892704
      vertex -10.084409552279253 33.15137247458795 17.30384895846617
    endloop
  endfacet
  facet normal 0.6486563269228036 0.2845270451901139 0.705896118489399
    outer loop
      vertex -14.5605266830763 -33.214855029011325 18.381532510892704
      vertex -13.415590447720746 -33.15137247458796 17.30384895846617
      vertex -13.535109170789505 -32.86282875239784 17.29737220266758
    endloop
  endfacet
  facet normal 0.5929778876571348 0.3874117895099291 0.705896118489397
    outer loop
      vertex -13.395448267190433 -33.2 17.31361669736577
      vertex -13.415590447720746 -33.15137247458796 17.30384895846617
      vertex -14.363384844186847 -33.664293151884294 18.381532510892704
    endloop
  endfacet
  facet normal 0.5211245573941788 0.47972895011904515 0.7058961184893994
    outer loop
      vertex -13.093502884254441 -33.59350288425444 17.31488308242537
      vertex -13.236574955313973 -33.40704773110472 17.293789943125642
      vertex -14.094956679333816 -34.07515304436095 18.381532510892704
    endloop
  endfacet
  facet normal 0.5929778876571377 0.38741178950992405 0.7058961184893974
    outer loop
      vertex -13.395448267190433 -33.2 17.31361669736577
      vertex -14.363384844186847 -33.664293151884294 18.381532510892704
      vertex -13.236574955313973 -33.40704773110472 17.293789943125642
    endloop
  endfacet
  facet normal 0.6866411125108551 0.17388114478417932 0.7058961184893983
    outer loop
      vertex -13.58525906994923 -32.74175618569479 17.316330723192802
      vertex -14.5605266830763 -33.214855029011325 18.381532510892704
      vertex -13.535109170789505 -32.86282875239784 17.29737220266758
    endloop
  endfacet
  facet normal 0.6866411125108509 0.1738811447841923 0.705896118489399
    outer loop
      vertex -13.58525906994923 -32.74175618569479 17.316330723192802
      vertex -13.609156349793276 -32.560238324036426 17.294863430245698
      vertex -14.681004680547696 -32.73909817613627 18.381532510892704
    endloop
  endfacet
  facet normal 0.7058961184893979 0.058492220022856305 0.705896118489399
    outer loop
      vertex -14.721532510892708 -32.25 18.381532510892704
      vertex -13.609156349793276 -32.560238324036426 17.294863430245698
      vertex -13.65 -32.25 17.31
    endloop
  endfacet
  facet normal 0.7058961184893978 -0.058492220022856645 0.7058961184893993
    outer loop
      vertex -14.681004680547696 -31.760901823863733 18.381532510892704
      vertex -13.65 -32.25 17.31
      vertex -13.623647071308298 -32.049829633507656 17.300233660768487
    endloop
  endfacet
  facet normal 0.6486563269228023 0.28452704519012023 0.7058961184893978
    outer loop
      vertex -14.5605266830763 -33.214855029011325 18.381532510892704
      vertex -14.363384844186847 -33.664293151884294 18.381532510892704
      vertex -13.415590447720746 -33.15137247458796 17.30384895846617
    endloop
  endfacet
  facet normal 0.705896118489398 0.0584922200228566 0.7058961184893989
    outer loop
      vertex -14.721532510892708 -32.25 18.381532510892704
      vertex -14.681004680547696 -32.73909817613627 18.381532510892704
      vertex -13.609156349793276 -32.560238324036426 17.294863430245698
    endloop
  endfacet
  facet normal 0.7058961184893978 -0.058492220022856596 0.705896118489399
    outer loop
      vertex -14.681004680547696 -31.760901823863733 18.381532510892704
      vertex -14.721532510892708 -32.25 18.381532510892704
      vertex -13.65 -32.25 17.31
    endloop
  endfacet
  facet normal 0.6866411125108512 0.1738811447841898 0.7058961184893994
    outer loop
      vertex -13.58525906994923 -32.74175618569479 17.316330723192802
      vertex -14.681004680547696 -32.73909817613627 18.381532510892704
      vertex -14.5605266830763 -33.214855029011325 18.381532510892704
    endloop
  endfacet
  facet normal 0.5929778876571417 0.3874117895099146 0.7058961184893991
    outer loop
      vertex -13.236574955313973 -33.40704773110472 17.293789943125642
      vertex -14.363384844186847 -33.664293151884294 18.381532510892704
      vertex -14.094956679333816 -34.07515304436095 18.381532510892704
    endloop
  endfacet
  facet normal 0.5211245573941786 0.47972895011904504 0.7058961184893993
    outer loop
      vertex -13.093502884254441 -33.59350288425444 17.31488308242537
      vertex -14.094956679333816 -34.07515304436095 18.381532510892704
      vertex -13.762564209114398 -34.436227519606334 18.381532510892704
    endloop
  endfacet
  facet normal 0.22998962616370178 0.6699368938629086 0.7058961184893984
    outer loop
      vertex -12.24175618569479 -34.08525906994923 17.311988900208572
      vertex -12.506853493958465 -33.975452169517816 17.294147658919243
      vertex -12.94365101383315 -34.97125021276387 18.381532510892704
    endloop
  endfacet
  facet normal 0.2299896261637656 0.6699368938628877 0.7058961184893975
    outer loop
      vertex -12.24175618569479 -34.08525906994923 17.311988900208572
      vertex -12.479468105991218 -35.13060440630676 18.381532510892704
      vertex -12.215622001119637 -34.088699700620964 17.306739422532857
    endloop
  endfacet
  facet normal 0.4350563076758382 0.5589603555289657 0.7058961184893983
    outer loop
      vertex -13.762564209114398 -34.436227519606334 18.381532510892704
      vertex -13.375274233633677 -34.737667407186656 18.381532510892704
      vertex -12.783276735369919 -33.83154778067031 17.29916759298901
    endloop
  endfacet
  facet normal 0.33712085599125396 0.6229447795409517 0.7058961184893987
    outer loop
      vertex -13.375274233633677 -34.737667407186656 18.381532510892704
      vertex -12.94365101383315 -34.97125021276387 18.381532510892704
      vertex -12.506853493958465 -33.975452169517816 17.294147658919243
    endloop
  endfacet
  facet normal 0.229989626163712 0.6699368938629028 0.7058961184894004
    outer loop
      vertex -12.24175618569479 -34.08525906994923 17.311988900208572
      vertex -12.94365101383315 -34.97125021276387 18.381532510892704
      vertex -12.479468105991218 -35.13060440630676 18.381532510892704
    endloop
  endfacet
  facet normal 0.11658487887263151 0.6986548761154199 0.7058961184894
    outer loop
      vertex -12.479468105991218 -35.13060440630676 18.381532510892704
      vertex -11.995387209799278 -35.21138322082085 18.381532510892704
      vertex -12.215622001119637 -34.088699700620964 17.306739422532857
    endloop
  endfacet
  facet normal 0.5211245573941716 0.4797289501190517 0.7058961184894001
    outer loop
      vertex -13.093502884254441 -33.59350288425444 17.31488308242537
      vertex -13.762564209114398 -34.436227519606334 18.381532510892704
      vertex -13.030960125760789 -33.64149363074927 17.30132582285678
    endloop
  endfacet
  facet normal 0.43505630767584424 0.5589603555289587 0.7058961184894
    outer loop
      vertex -13.762564209114398 -34.436227519606334 18.381532510892704
      vertex -12.783276735369919 -33.83154778067031 17.29916759298901
      vertex -13.030960125760789 -33.64149363074927 17.30132582285678
    endloop
  endfacet
  facet normal 0.33712085599124264 0.6229447795409592 0.7058961184893975
    outer loop
      vertex -12.7 -33.89544826719043 17.315787814957194
      vertex -12.783276735369919 -33.83154778067031 17.29916759298901
      vertex -13.375274233633677 -34.737667407186656 18.381532510892704
    endloop
  endfacet
  facet normal 0.337120855991254 0.6229447795409517 0.7058961184893986
    outer loop
      vertex -12.7 -33.89544826719043 17.315787814957194
      vertex -13.375274233633677 -34.737667407186656 18.381532510892704
      vertex -12.506853493958465 -33.975452169517816 17.294147658919243
    endloop
  endfacet
  facet normal 0.7058961184893986 -0.058492220022852676 0.7058961184893988
    outer loop
      vertex -14.681004680547696 -31.760901823863733 18.381532510892704
      vertex -13.623647071308298 -32.049829633507656 17.300233660768487
      vertex -13.609156349793276 -31.93976167596357 17.294863430245698
    endloop
  endfacet
  facet normal 0.6866411125108494 -0.17388114478419556 0.7058961184893998
    outer loop
      vertex -13.58525906994923 -31.75824381430521 17.316330723192802
      vertex -14.5605266830763 -31.28514497098868 18.381532510892704
      vertex -13.609156349793276 -31.93976167596357 17.294863430245698
    endloop
  endfacet
  facet normal 0.6866411125108552 -0.17388114478417946 0.705896118489398
    outer loop
      vertex -13.58525906994923 -31.75824381430521 17.316330723192802
      vertex -13.535109170789505 -31.63717124760216 17.29737220266758
      vertex -14.5605266830763 -31.28514497098868 18.381532510892704
    endloop
  endfacet
  facet normal 0.6486563269227974 -0.28452704519012734 0.7058961184893994
    outer loop
      vertex -14.363384844186845 -30.83570684811571 18.381532510892704
      vertex -13.535109170789505 -31.63717124760216 17.29737220266758
      vertex -13.415590447720746 -31.34862752541205 17.303848958466173
    endloop
  endfacet
  facet normal 0.5929778876571469 -0.38741178950990623 0.7058961184893994
    outer loop
      vertex -13.395448267190433 -31.3 17.313616697365774
      vertex -14.363384844186845 -30.83570684811571 18.381532510892704
      vertex -13.415590447720746 -31.34862752541205 17.303848958466173
    endloop
  endfacet
  facet normal 0.5929778876571451 -0.3874117895099108 0.7058961184893984
    outer loop
      vertex -13.395448267190433 -31.3 17.313616697365774
      vertex -13.236574955313973 -31.09295226889528 17.293789943125642
      vertex -14.094956679333816 -30.42484695563905 18.381532510892704
    endloop
  endfacet
  facet normal 0.5211245573941795 -0.4797289501190456 0.7058961184893985
    outer loop
      vertex -13.093502884254441 -30.90649711574556 17.31488308242537
      vertex -14.094956679333816 -30.42484695563905 18.381532510892704
      vertex -13.236574955313973 -31.09295226889528 17.293789943125642
    endloop
  endfacet
  facet normal 0.6866411125108515 -0.17388114478419137 0.7058961184893988
    outer loop
      vertex -13.609156349793276 -31.93976167596357 17.294863430245698
      vertex -14.5605266830763 -31.28514497098868 18.381532510892704
      vertex -14.681004680547696 -31.760901823863733 18.381532510892704
    endloop
  endfacet
  facet normal 0.648656326922801 -0.2845270451901223 0.7058961184893983
    outer loop
      vertex -14.363384844186845 -30.83570684811571 18.381532510892704
      vertex -14.5605266830763 -31.28514497098868 18.381532510892704
      vertex -13.535109170789505 -31.63717124760216 17.29737220266758
    endloop
  endfacet
  facet normal 0.5929778876571433 -0.38741178950991295 0.7058961184893988
    outer loop
      vertex -13.395448267190433 -31.3 17.313616697365774
      vertex -14.094956679333816 -30.42484695563905 18.381532510892704
      vertex -14.363384844186845 -30.83570684811571 18.381532510892704
    endloop
  endfacet
  facet normal 0.5211245573941803 -0.4797289501190444 0.7058961184893987
    outer loop
      vertex -13.093502884254441 -30.90649711574556 17.31488308242537
      vertex -13.762564209114396 -30.063772480393666 18.381532510892704
      vertex -14.094956679333816 -30.42484695563905 18.381532510892704
    endloop
  endfacet
  facet normal 0.5211245573941875 -0.47972895011903754 0.7058961184893979
    outer loop
      vertex -13.093502884254441 -30.90649711574556 17.31488308242537
      vertex -13.030960125760789 -30.85850636925073 17.30132582285678
      vertex -13.762564209114396 -30.063772480393666 18.381532510892704
    endloop
  endfacet
  facet normal 0.43505630767583703 -0.5589603555289658 0.7058961184893988
    outer loop
      vertex -13.030960125760789 -30.85850636925073 17.30132582285678
      vertex -12.78327673536992 -30.66845221932969 17.29916759298901
      vertex -13.375274233633677 -29.762332592813344 18.381532510892704
    endloop
  endfacet
  facet normal 0.33712085599125535 -0.6229447795409507 0.7058961184893988
    outer loop
      vertex -12.7 -30.60455173280957 17.315787814957194
      vertex -13.375274233633677 -29.762332592813344 18.381532510892704
      vertex -12.78327673536992 -30.66845221932969 17.29916759298901
    endloop
  endfacet
  facet normal 0.33712085599126246 -0.6229447795409485 0.7058961184893974
    outer loop
      vertex -12.7 -30.60455173280957 17.315787814957194
      vertex -12.506853493958463 -30.524547830482184 17.29414765891924
      vertex -12.94365101383315 -29.52874978723613 18.381532510892704
    endloop
  endfacet
  facet normal 0.22998962616370305 -0.6699368938629078 0.7058961184893987
    outer loop
      vertex -12.24175618569479 -30.41474093005077 17.31198890020857
      vertex -12.479468105991218 -29.369395593693245 18.381532510892704
      vertex -12.506853493958463 -30.524547830482184 17.29414765891924
    endloop
  endfacet
  facet normal 0.22998962616366364 -0.6699368938629189 0.7058961184894008
    outer loop
      vertex -12.24175618569479 -30.41474093005077 17.31198890020857
      vertex -12.215622001119636 -30.41130029937904 17.306739422532853
      vertex -12.479468105991218 -29.369395593693245 18.381532510892704
    endloop
  endfacet
  facet normal 0.4350563076758394 -0.5589603555289646 0.7058961184893985
    outer loop
      vertex -13.375274233633677 -29.762332592813344 18.381532510892704
      vertex -13.762564209114396 -30.063772480393666 18.381532510892704
      vertex -13.030960125760789 -30.85850636925073 17.30132582285678
    endloop
  endfacet
  facet normal 0.33712085599125396 -0.6229447795409516 0.7058961184893987
    outer loop
      vertex -12.7 -30.60455173280957 17.315787814957194
      vertex -12.94365101383315 -29.52874978723613 18.381532510892704
      vertex -13.375274233633677 -29.762332592813344 18.381532510892704
    endloop
  endfacet
  facet normal 0.22998962616370827 -0.669936893862907 0.7058961184893976
    outer loop
      vertex -12.479468105991218 -29.369395593693245 18.381532510892704
      vertex -12.94365101383315 -29.52874978723613 18.381532510892704
      vertex -12.506853493958463 -30.524547830482184 17.29414765891924
    endloop
  endfacet
  facet normal 0.11658487887263128 -0.6986548761154211 0.7058961184893991
    outer loop
      vertex -11.995387209799276 -29.288616779179154 18.381532510892704
      vertex -12.479468105991218 -29.369395593693245 18.381532510892704
      vertex -12.215622001119636 -30.41130029937904 17.306739422532853
    endloop
  endfacet
  facet normal 0.11658487887227398 0.6986548761154129 0.7058961184894661
    outer loop
      vertex -12.21487466261085 -34.088798089602186 17.306713372767806
      vertex -12.215622001119637 -34.088699700620964 17.306739422532857
      vertex -11.995387209799278 -35.21138322082085 18.381532510892704
    endloop
  endfacet
  facet normal 0.11658487887264272 0.69865487611542 0.7058961184893981
    outer loop
      vertex -11.905739520469554 -34.12949650315712 17.295937937371193
      vertex -12.21487466261085 -34.088798089602186 17.306713372767806
      vertex -11.995387209799278 -35.21138322082085 18.381532510892704
    endloop
  endfacet
  facet normal -1.8447393028286396e-14 0.7083153746048451 0.705896118489398
    outer loop
      vertex -11.75 -34.15 17.316511704058072
      vertex -11.905739520469554 -34.12949650315712 17.295937937371193
      vertex -11.995387209799278 -35.21138322082085 18.381532510892704
    endloop
  endfacet
  facet normal -5.23636834860374e-16 0.7083153746048428 0.7058961184894001
    outer loop
      vertex -11.72327258200697 -34.14648126866715 17.312980913284647
      vertex -11.75 -34.15 17.316511704058072
      vertex -11.504612790200724 -35.21138322082085 18.381532510892704
    endloop
  endfacet
  facet normal 2.2460064591652246e-14 0.7083153746048453 0.7058961184893977
    outer loop
      vertex -11.72327258200697 -34.14648126866715 17.312980913284647
      vertex -11.504612790200724 -35.21138322082085 18.381532510892704
      vertex -11.594260479530446 -34.12949650315712 17.295937937371193
    endloop
  endfacet
  facet normal -0.11658487887264966 0.6986548761154192 0.7058961184893977
    outer loop
      vertex -11.284377998880363 -34.08869970062096 17.306739422532853
      vertex -11.594260479530446 -34.12949650315712 17.295937937371193
      vertex -11.504612790200724 -35.21138322082085 18.381532510892704
    endloop
  endfacet
  facet normal -0.22998962616368324 0.6699368938629132 0.7058961184893998
    outer loop
      vertex -11.25824381430521 -34.08525906994923 17.311988900208572
      vertex -11.284377998880363 -34.08869970062096 17.306739422532853
      vertex -11.020531894008782 -35.13060440630675 18.381532510892704
    endloop
  endfacet
  facet normal -0.2299896261637016 0.6699368938629082 0.7058961184893988
    outer loop
      vertex -11.25824381430521 -34.08525906994923 17.311988900208572
      vertex -11.020531894008782 -35.13060440630675 18.381532510892704
      vertex -10.993146506041535 -33.975452169517816 17.294147658919243
    endloop
  endfacet
  facet normal 0 0.7083153746048428 0.7058961184894
    outer loop
      vertex -11.75 -34.15 17.316511704058072
      vertex -11.995387209799278 -35.21138322082085 18.381532510892704
      vertex -11.504612790200724 -35.21138322082085 18.381532510892704
    endloop
  endfacet
  facet normal -0.1165848788726412 0.6986548761154191 0.7058961184893994
    outer loop
      vertex -11.504612790200724 -35.21138322082085 18.381532510892704
      vertex -11.020531894008782 -35.13060440630675 18.381532510892704
      vertex -11.284377998880363 -34.08869970062096 17.306739422532853
    endloop
  endfacet
  facet normal -0.337120855991254 0.6229447795409517 0.7058961184893987
    outer loop
      vertex -10.8 -33.89544826719043 17.315787814957194
      vertex -10.993146506041535 -33.975452169517816 17.294147658919243
      vertex -10.55634898616685 -34.97125021276387 18.381532510892704
    endloop
  endfacet
  facet normal -0.22998962616370344 0.6699368938629079 0.7058961184893986
    outer loop
      vertex -11.020531894008782 -35.13060440630675 18.381532510892704
      vertex -10.55634898616685 -34.97125021276387 18.381532510892704
      vertex -10.993146506041535 -33.975452169517816 17.294147658919243
    endloop
  endfacet
  facet normal -0.3371208559912465 0.6229447795409545 0.7058961184893999
    outer loop
      vertex -10.8 -33.89544826719043 17.315787814957194
      vertex -10.55634898616685 -34.97125021276387 18.381532510892704
      vertex -10.124725766366325 -34.73766740718666 18.381532510892704
    endloop
  endfacet
  facet normal -0.4350563076758424 0.5589603555289604 0.7058961184893998
    outer loop
      vertex -10.124725766366325 -34.73766740718666 18.381532510892704
      vertex -9.737435790885602 -34.436227519606334 18.381532510892704
      vertex -10.469039874239211 -33.64149363074927 17.30132582285678
    endloop
  endfacet
  facet normal -0.33712085599124136 0.622944779540958 0.7058961184893994
    outer loop
      vertex -10.8 -33.89544826719043 17.315787814957194
      vertex -10.124725766366325 -34.73766740718666 18.381532510892704
      vertex -10.716723264630081 -33.83154778067031 17.29916759298901
    endloop
  endfacet
  facet normal -0.43505630767584497 0.5589603555289591 0.7058961184893995
    outer loop
      vertex -10.124725766366325 -34.73766740718666 18.381532510892704
      vertex -10.469039874239211 -33.64149363074927 17.30132582285678
      vertex -10.716723264630081 -33.83154778067031 17.29916759298901
    endloop
  endfacet
  facet normal -0.5211245573941716 0.4797289501190517 0.7058961184894001
    outer loop
      vertex -10.406497115745559 -33.59350288425444 17.31488308242537
      vertex -10.469039874239211 -33.64149363074927 17.30132582285678
      vertex -9.737435790885602 -34.436227519606334 18.381532510892704
    endloop
  endfacet
  facet normal -0.5211245573941787 0.47972895011904504 0.7058961184893993
    outer loop
      vertex -10.406497115745559 -33.59350288425444 17.31488308242537
      vertex -9.737435790885602 -34.436227519606334 18.381532510892704
      vertex -10.263425044686027 -33.40704773110472 17.293789943125642
    endloop
  endfacet
  facet normal -0.592977887657136 0.38741178950992244 0.7058961184893997
    outer loop
      vertex -10.104551732809567 -33.2 17.31361669736577
      vertex -10.263425044686027 -33.40704773110472 17.293789943125642
      vertex -9.405043320666184 -34.07515304436095 18.381532510892704
    endloop
  endfacet
  facet normal -0.592977887657134 0.38741178950992894 0.7058961184893978
    outer loop
      vertex -10.104551732809567 -33.2 17.31361669736577
      vertex -9.136615155813155 -33.6642931518843 18.381532510892704
      vertex -10.084409552279254 -33.15137247458796 17.30384895846617
    endloop
  endfacet
  facet normal -0.5211245573941788 0.479728950119045 0.7058961184893993
    outer loop
      vertex -9.737435790885602 -34.436227519606334 18.381532510892704
      vertex -9.405043320666184 -34.07515304436095 18.381532510892704
      vertex -10.263425044686027 -33.40704773110472 17.293789943125642
    endloop
  endfacet
  facet normal 0.11658487887264248 -0.6986548761154212 0.7058961184893968
    outer loop
      vertex -11.995387209799276 -29.288616779179154 18.381532510892704
      vertex -12.215622001119636 -30.41130029937904 17.306739422532853
      vertex -11.905739520469554 -30.37050349684288 17.295937937371193
    endloop
  endfacet
  facet normal -1.928472872985864e-14 -0.7083153746048418 0.7058961184894011
    outer loop
      vertex -11.75 -30.35 17.316511704058072
      vertex -11.504612790200724 -29.288616779179154 18.381532510892704
      vertex -11.905739520469554 -30.37050349684288 17.295937937371193
    endloop
  endfacet
  facet normal 1.8145448169678468e-14 -0.7083153746048462 0.7058961184893967
    outer loop
      vertex -11.75 -30.35 17.316511704058072
      vertex -11.594260479530446 -30.37050349684288 17.295937937371193
      vertex -11.504612790200724 -29.288616779179154 18.381532510892704
    endloop
  endfacet
  facet normal -0.11658487887264228 -0.6986548761154187 0.7058961184893995
    outer loop
      vertex -11.594260479530446 -30.37050349684288 17.295937937371193
      vertex -11.284377998880364 -30.41130029937904 17.306739422532853
      vertex -11.020531894008782 -29.369395593693245 18.381532510892704
    endloop
  endfacet
  facet normal -0.22998962616366364 -0.6699368938629189 0.7058961184894008
    outer loop
      vertex -11.25824381430521 -30.41474093005077 17.31198890020857
      vertex -11.020531894008782 -29.369395593693245 18.381532510892704
      vertex -11.284377998880364 -30.41130029937904 17.306739422532853
    endloop
  endfacet
  facet normal -0.11658487887263153 -0.6986548761154225 0.7058961184893974
    outer loop
      vertex -11.020531894008782 -29.369395593693245 18.381532510892704
      vertex -11.504612790200724 -29.288616779179154 18.381532510892704
      vertex -11.594260479530446 -30.37050349684288 17.295937937371193
    endloop
  endfacet
  facet normal 0 -0.7083153746048454 0.7058961184893974
    outer loop
      vertex -11.905739520469554 -30.37050349684288 17.295937937371193
      vertex -11.504612790200724 -29.288616779179154 18.381532510892704
      vertex -11.995387209799276 -29.288616779179154 18.381532510892704
    endloop
  endfacet
  facet normal -0.22998962616370355 -0.6699368938629089 0.7058961184893976
    outer loop
      vertex -11.25824381430521 -30.41474093005077 17.31198890020857
      vertex -10.993146506041537 -30.524547830482184 17.29414765891924
      vertex -10.55634898616685 -29.52874978723613 18.381532510892704
    endloop
  endfacet
  facet normal -0.3371208559912615 -0.6229447795409454 0.7058961184894006
    outer loop
      vertex -10.8 -30.60455173280957 17.315787814957194
      vertex -10.124725766366323 -29.76233259281334 18.381532510892704
      vertex -10.993146506041537 -30.524547830482184 17.29414765891924
    endloop
  endfacet
  facet normal -0.3371208559912593 -0.622944779540947 0.7058961184894005
    outer loop
      vertex -10.8 -30.60455173280957 17.315787814957194
      vertex -10.716723264630081 -30.66845221932969 17.29916759298901
      vertex -10.124725766366323 -29.76233259281334 18.381532510892704
    endloop
  endfacet
  facet normal -0.5211245573941795 -0.4797289501190456 0.7058961184893985
    outer loop
      vertex -10.406497115745559 -30.90649711574556 17.31488308242537
      vertex -10.263425044686027 -31.09295226889528 17.293789943125642
      vertex -9.405043320666184 -30.42484695563905 18.381532510892704
    endloop
  endfacet
  facet normal -0.5929778876571469 -0.3874117895099063 0.7058961184893994
    outer loop
      vertex -10.104551732809567 -31.3 17.31361669736577
      vertex -10.084409552279254 -31.34862752541205 17.30384895846617
      vertex -9.136615155813153 -30.835706848115706 18.381532510892704
    endloop
  endfacet
  facet normal -0.5929778876571398 -0.38741178950991895 0.7058961184893984
    outer loop
      vertex -10.104551732809567 -31.3 17.31361669736577
      vertex -9.136615155813153 -30.835706848115706 18.381532510892704
      vertex -10.263425044686027 -31.09295226889528 17.293789943125642
    endloop
  endfacet
  facet normal -0.4350563076758353 -0.5589603555289676 0.7058961184893986
    outer loop
      vertex -10.716723264630081 -30.66845221932969 17.29916759298901
      vertex -10.469039874239211 -30.85850636925073 17.30132582285678
      vertex -9.737435790885602 -30.063772480393666 18.381532510892704
    endloop
  endfacet
  facet normal -0.5211245573941873 -0.47972895011903716 0.7058961184893984
    outer loop
      vertex -10.406497115745559 -30.90649711574556 17.31488308242537
      vertex -9.737435790885602 -30.063772480393666 18.381532510892704
      vertex -10.469039874239211 -30.85850636925073 17.30132582285678
    endloop
  endfacet
  facet normal -0.229989626163708 -0.6699368938629064 0.7058961184893985
    outer loop
      vertex -11.25824381430521 -30.41474093005077 17.31198890020857
      vertex -10.55634898616685 -29.52874978723613 18.381532510892704
      vertex -11.020531894008782 -29.369395593693245 18.381532510892704
    endloop
  endfacet
  facet normal -0.33712085599125036 -0.6229447795409545 0.705896118489398
    outer loop
      vertex -10.993146506041537 -30.524547830482184 17.29414765891924
      vertex -10.124725766366323 -29.76233259281334 18.381532510892704
      vertex -10.55634898616685 -29.52874978723613 18.381532510892704
    endloop
  endfacet
  facet normal -0.43505630767584036 -0.5589603555289618 0.7058961184894
    outer loop
      vertex -9.737435790885602 -30.063772480393666 18.381532510892704
      vertex -10.124725766366323 -29.76233259281334 18.381532510892704
      vertex -10.716723264630081 -30.66845221932969 17.29916759298901
    endloop
  endfacet
  facet normal -0.5211245573941813 -0.47972895011904276 0.705896118489399
    outer loop
      vertex -10.406497115745559 -30.90649711574556 17.31488308242537
      vertex -9.405043320666184 -30.42484695563905 18.381532510892704
      vertex -9.737435790885602 -30.063772480393666 18.381532510892704
    endloop
  endfacet
  facet normal -0.6486563269228046 0.2845270451901144 0.705896118489398
    outer loop
      vertex -9.136615155813155 -33.6642931518843 18.381532510892704
      vertex -9.964890829210495 -32.86282875239784 17.29737220266758
      vertex -10.084409552279254 -33.15137247458796 17.30384895846617
    endloop
  endfacet
  facet normal -0.6866411125108556 0.1738811447841796 0.7058961184893976
    outer loop
      vertex -9.91474093005077 -32.74175618569479 17.316330723192802
      vertex -9.964890829210495 -32.86282875239784 17.29737220266758
      vertex -8.9394733169237 -33.21485502901132 18.381532510892704
    endloop
  endfacet
  facet normal -0.6866411125108508 0.17388114478419228 0.705896118489399
    outer loop
      vertex -9.91474093005077 -32.74175618569479 17.316330723192802
      vertex -8.9394733169237 -33.21485502901132 18.381532510892704
      vertex -9.890843650206724 -32.560238324036426 17.294863430245698
    endloop
  endfacet
  facet normal -0.7058961184893979 0.058492220022856055 0.7058961184893989
    outer loop
      vertex -9.890843650206724 -32.560238324036426 17.294863430245698
      vertex -8.818995319452304 -32.73909817613627 18.381532510892704
      vertex -9.85 -32.25 17.31
    endloop
  endfacet
  facet normal -0.7058961184893983 -0.05849222002285542 0.7058961184893988
    outer loop
      vertex -9.890843650206724 -31.93976167596357 17.294863430245698
      vertex -9.85 -32.25 17.31
      vertex -8.818995319452304 -31.760901823863733 18.381532510892704
    endloop
  endfacet
  facet normal -0.5929778876571403 0.3874117895099178 0.7058961184893986
    outer loop
      vertex -10.104551732809567 -33.2 17.31361669736577
      vertex -9.405043320666184 -34.07515304436095 18.381532510892704
      vertex -9.136615155813155 -33.6642931518843 18.381532510892704
    endloop
  endfacet
  facet normal -0.6486563269228044 0.28452704519011474 0.705896118489398
    outer loop
      vertex -9.136615155813155 -33.6642931518843 18.381532510892704
      vertex -8.9394733169237 -33.21485502901132 18.381532510892704
      vertex -9.964890829210495 -32.86282875239784 17.29737220266758
    endloop
  endfacet
  facet normal -0.6866411125108509 0.1738811447841923 0.705896118489399
    outer loop
      vertex -8.9394733169237 -33.21485502901132 18.381532510892704
      vertex -8.818995319452304 -32.73909817613627 18.381532510892704
      vertex -9.890843650206724 -32.560238324036426 17.294863430245698
    endloop
  endfacet
  facet normal -0.7058961184893978 0.058492220022856596 0.705896118489399
    outer loop
      vertex -8.818995319452304 -32.73909817613627 18.381532510892704
      vertex -8.778467489107292 -32.25 18.381532510892704
      vertex -9.85 -32.25 17.31
    endloop
  endfacet
  facet normal -0.7058961184893978 -0.058492220022856596 0.705896118489399
    outer loop
      vertex -8.778467489107292 -32.25 18.381532510892704
      vertex -8.818995319452304 -31.760901823863733 18.381532510892704
      vertex -9.85 -32.25 17.31
    endloop
  endfacet
  facet normal -0.6866411125108552 -0.17388114478417946 0.705896118489398
    outer loop
      vertex -9.91474093005077 -31.75824381430521 17.316330723192802
      vertex -8.9394733169237 -31.28514497098868 18.381532510892704
      vertex -9.964890829210495 -31.63717124760216 17.29737220266758
    endloop
  endfacet
  facet normal -0.6486563269228017 -0.2845270451901204 0.7058961184893984
    outer loop
      vertex -10.084409552279254 -31.34862752541205 17.30384895846617
      vertex -9.964890829210495 -31.63717124760216 17.29737220266758
      vertex -8.9394733169237 -31.28514497098868 18.381532510892704
    endloop
  endfacet
  facet normal -0.6866411125108506 -0.17388114478419558 0.7058961184893986
    outer loop
      vertex -9.91474093005077 -31.75824381430521 17.316330723192802
      vertex -9.890843650206724 -31.93976167596357 17.294863430245698
      vertex -8.818995319452304 -31.760901823863733 18.381532510892704
    endloop
  endfacet
  facet normal -0.6866411125108511 -0.17388114478419106 0.7058961184893991
    outer loop
      vertex -9.91474093005077 -31.75824381430521 17.316330723192802
      vertex -8.818995319452304 -31.760901823863733 18.381532510892704
      vertex -8.9394733169237 -31.28514497098868 18.381532510892704
    endloop
  endfacet
  facet normal -0.6486563269228022 -0.2845270451901181 0.7058961184893987
    outer loop
      vertex -10.084409552279254 -31.34862752541205 17.30384895846617
      vertex -8.9394733169237 -31.28514497098868 18.381532510892704
      vertex -9.136615155813153 -30.835706848115706 18.381532510892704
    endloop
  endfacet
  facet normal -0.5929778876571405 -0.3874117895099172 0.7058961184893987
    outer loop
      vertex -10.263425044686027 -31.09295226889528 17.293789943125642
      vertex -9.136615155813153 -30.835706848115706 18.381532510892704
      vertex -9.405043320666184 -30.42484695563905 18.381532510892704
    endloop
  endfacet
endsolid OpenSCAD_Model
